//
//Copyright 2019 The Vitess Authors.
//
//Licensed under the Apache License, Version 2.0 (the "License");
//you may not use this file except in compliance with the License.
//You may obtain a copy of the License at
//
//http://www.apache.org/licenses/LICENSE-2.0
//
//Unless required by applicable law or agreed to in writing, software
//distributed under the License is distributed on an "AS IS" BASIS,
//WITHOUT WARRANTIES OR CONDITIONS OF ANY KIND, either express or implied.
//See the License for the specific language governing permissions and
//limitations under the License.

// This package contains a service allowing you to use vtctld as a
// proxy for vt commands.

// Code generated by protoc-gen-go. DO NOT EDIT.
// versions:
// 	protoc-gen-go v1.36.5
// 	protoc        (unknown)
// source: vitess/vtctlservice/v24/vtctlservice.proto

package vtctlservicev24

import (
	v24 "github.com/planetscale/vitess-types/gen/vitess/vtctldata/v24"
	protoreflect "google.golang.org/protobuf/reflect/protoreflect"
	protoimpl "google.golang.org/protobuf/runtime/protoimpl"
	reflect "reflect"
	unsafe "unsafe"
)

const (
	// Verify that this generated code is sufficiently up-to-date.
	_ = protoimpl.EnforceVersion(20 - protoimpl.MinVersion)
	// Verify that runtime/protoimpl is sufficiently up-to-date.
	_ = protoimpl.EnforceVersion(protoimpl.MaxVersion - 20)
)

var File_vitess_vtctlservice_v24_vtctlservice_proto protoreflect.FileDescriptor

var file_vitess_vtctlservice_v24_vtctlservice_proto_rawDesc = string([]byte{
	0x0a, 0x2a, 0x76, 0x69, 0x74, 0x65, 0x73, 0x73, 0x2f, 0x76, 0x74, 0x63, 0x74, 0x6c, 0x73, 0x65,
	0x72, 0x76, 0x69, 0x63, 0x65, 0x2f, 0x76, 0x32, 0x34, 0x2f, 0x76, 0x74, 0x63, 0x74, 0x6c, 0x73,
	0x65, 0x72, 0x76, 0x69, 0x63, 0x65, 0x2e, 0x70, 0x72, 0x6f, 0x74, 0x6f, 0x12, 0x17, 0x76, 0x69,
	0x74, 0x65, 0x73, 0x73, 0x2e, 0x76, 0x74, 0x63, 0x74, 0x6c, 0x73, 0x65, 0x72, 0x76, 0x69, 0x63,
	0x65, 0x2e, 0x76, 0x32, 0x34, 0x1a, 0x24, 0x76, 0x69, 0x74, 0x65, 0x73, 0x73, 0x2f, 0x76, 0x74,
	0x63, 0x74, 0x6c, 0x64, 0x61, 0x74, 0x61, 0x2f, 0x76, 0x32, 0x34, 0x2f, 0x76, 0x74, 0x63, 0x74,
	0x6c, 0x64, 0x61, 0x74, 0x61, 0x2e, 0x70, 0x72, 0x6f, 0x74, 0x6f, 0x32, 0x87, 0x01, 0x0a, 0x05,
	0x56, 0x74, 0x63, 0x74, 0x6c, 0x12, 0x7e, 0x0a, 0x13, 0x45, 0x78, 0x65, 0x63, 0x75, 0x74, 0x65,
	0x56, 0x74, 0x63, 0x74, 0x6c, 0x43, 0x6f, 0x6d, 0x6d, 0x61, 0x6e, 0x64, 0x12, 0x30, 0x2e, 0x76,
	0x69, 0x74, 0x65, 0x73, 0x73, 0x2e, 0x76, 0x74, 0x63, 0x74, 0x6c, 0x64, 0x61, 0x74, 0x61, 0x2e,
	0x76, 0x32, 0x34, 0x2e, 0x45, 0x78, 0x65, 0x63, 0x75, 0x74, 0x65, 0x56, 0x74, 0x63, 0x74, 0x6c,
	0x43, 0x6f, 0x6d, 0x6d, 0x61, 0x6e, 0x64, 0x52, 0x65, 0x71, 0x75, 0x65, 0x73, 0x74, 0x1a, 0x31,
	0x2e, 0x76, 0x69, 0x74, 0x65, 0x73, 0x73, 0x2e, 0x76, 0x74, 0x63, 0x74, 0x6c, 0x64, 0x61, 0x74,
	0x61, 0x2e, 0x76, 0x32, 0x34, 0x2e, 0x45, 0x78, 0x65, 0x63, 0x75, 0x74, 0x65, 0x56, 0x74, 0x63,
	0x74, 0x6c, 0x43, 0x6f, 0x6d, 0x6d, 0x61, 0x6e, 0x64, 0x52, 0x65, 0x73, 0x70, 0x6f, 0x6e, 0x73,
	0x65, 0x22, 0x00, 0x30, 0x01, 0x32, 0xcd, 0x76, 0x0a, 0x06, 0x56, 0x74, 0x63, 0x74, 0x6c, 0x64,
	0x12, 0x64, 0x0a, 0x0b, 0x41, 0x64, 0x64, 0x43, 0x65, 0x6c, 0x6c, 0x49, 0x6e, 0x66, 0x6f, 0x12,
	0x28, 0x2e, 0x76, 0x69, 0x74, 0x65, 0x73, 0x73, 0x2e, 0x76, 0x74, 0x63, 0x74, 0x6c, 0x64, 0x61,
	0x74, 0x61, 0x2e, 0x76, 0x32, 0x34, 0x2e, 0x41, 0x64, 0x64, 0x43, 0x65, 0x6c, 0x6c, 0x49, 0x6e,
	0x66, 0x6f, 0x52, 0x65, 0x71, 0x75, 0x65, 0x73, 0x74, 0x1a, 0x29, 0x2e, 0x76, 0x69, 0x74, 0x65,
	0x73, 0x73, 0x2e, 0x76, 0x74, 0x63, 0x74, 0x6c, 0x64, 0x61, 0x74, 0x61, 0x2e, 0x76, 0x32, 0x34,
	0x2e, 0x41, 0x64, 0x64, 0x43, 0x65, 0x6c, 0x6c, 0x49, 0x6e, 0x66, 0x6f, 0x52, 0x65, 0x73, 0x70,
	0x6f, 0x6e, 0x73, 0x65, 0x22, 0x00, 0x12, 0x6a, 0x0a, 0x0d, 0x41, 0x64, 0x64, 0x43, 0x65, 0x6c,
	0x6c, 0x73, 0x41, 0x6c, 0x69, 0x61, 0x73, 0x12, 0x2a, 0x2e, 0x76, 0x69, 0x74, 0x65, 0x73, 0x73,
	0x2e, 0x76, 0x74, 0x63, 0x74, 0x6c, 0x64, 0x61, 0x74, 0x61, 0x2e, 0x76, 0x32, 0x34, 0x2e, 0x41,
	0x64, 0x64, 0x43, 0x65, 0x6c, 0x6c, 0x73, 0x41, 0x6c, 0x69, 0x61, 0x73, 0x52, 0x65, 0x71, 0x75,
	0x65, 0x73, 0x74, 0x1a, 0x2b, 0x2e, 0x76, 0x69, 0x74, 0x65, 0x73, 0x73, 0x2e, 0x76, 0x74, 0x63,
	0x74, 0x6c, 0x64, 0x61, 0x74, 0x61, 0x2e, 0x76, 0x32, 0x34, 0x2e, 0x41, 0x64, 0x64, 0x43, 0x65,
	0x6c, 0x6c, 0x73, 0x41, 0x6c, 0x69, 0x61, 0x73, 0x52, 0x65, 0x73, 0x70, 0x6f, 0x6e, 0x73, 0x65,
	0x22, 0x00, 0x12, 0x76, 0x0a, 0x11, 0x41, 0x70, 0x70, 0x6c, 0x79, 0x52, 0x6f, 0x75, 0x74, 0x69,
	0x6e, 0x67, 0x52, 0x75, 0x6c, 0x65, 0x73, 0x12, 0x2e, 0x2e, 0x76, 0x69, 0x74, 0x65, 0x73, 0x73,
	0x2e, 0x76, 0x74, 0x63, 0x74, 0x6c, 0x64, 0x61, 0x74, 0x61, 0x2e, 0x76, 0x32, 0x34, 0x2e, 0x41,
	0x70, 0x70, 0x6c, 0x79, 0x52, 0x6f, 0x75, 0x74, 0x69, 0x6e, 0x67, 0x52, 0x75, 0x6c, 0x65, 0x73,
	0x52, 0x65, 0x71, 0x75, 0x65, 0x73, 0x74, 0x1a, 0x2f, 0x2e, 0x76, 0x69, 0x74, 0x65, 0x73, 0x73,
	0x2e, 0x76, 0x74, 0x63, 0x74, 0x6c, 0x64, 0x61, 0x74, 0x61, 0x2e, 0x76, 0x32, 0x34, 0x2e, 0x41,
	0x70, 0x70, 0x6c, 0x79, 0x52, 0x6f, 0x75, 0x74, 0x69, 0x6e, 0x67, 0x52, 0x75, 0x6c, 0x65, 0x73,
	0x52, 0x65, 0x73, 0x70, 0x6f, 0x6e, 0x73, 0x65, 0x22, 0x00, 0x12, 0x64, 0x0a, 0x0b, 0x41, 0x70,
	0x70, 0x6c, 0x79, 0x53, 0x63, 0x68, 0x65, 0x6d, 0x61, 0x12, 0x28, 0x2e, 0x76, 0x69, 0x74, 0x65,
	0x73, 0x73, 0x2e, 0x76, 0x74, 0x63, 0x74, 0x6c, 0x64, 0x61, 0x74, 0x61, 0x2e, 0x76, 0x32, 0x34,
	0x2e, 0x41, 0x70, 0x70, 0x6c, 0x79, 0x53, 0x63, 0x68, 0x65, 0x6d, 0x61, 0x52, 0x65, 0x71, 0x75,
	0x65, 0x73, 0x74, 0x1a, 0x29, 0x2e, 0x76, 0x69, 0x74, 0x65, 0x73, 0x73, 0x2e, 0x76, 0x74, 0x63,
	0x74, 0x6c, 0x64, 0x61, 0x74, 0x61, 0x2e, 0x76, 0x32, 0x34, 0x2e, 0x41, 0x70, 0x70, 0x6c, 0x79,
	0x53, 0x63, 0x68, 0x65, 0x6d, 0x61, 0x52, 0x65, 0x73, 0x70, 0x6f, 0x6e, 0x73, 0x65, 0x22, 0x00,
	0x12, 0x8e, 0x01, 0x0a, 0x19, 0x41, 0x70, 0x70, 0x6c, 0x79, 0x4b, 0x65, 0x79, 0x73, 0x70, 0x61,
	0x63, 0x65, 0x52, 0x6f, 0x75, 0x74, 0x69, 0x6e, 0x67, 0x52, 0x75, 0x6c, 0x65, 0x73, 0x12, 0x36,
	0x2e, 0x76, 0x69, 0x74, 0x65, 0x73, 0x73, 0x2e, 0x76, 0x74, 0x63, 0x74, 0x6c, 0x64, 0x61, 0x74,
	0x61, 0x2e, 0x76, 0x32, 0x34, 0x2e, 0x41, 0x70, 0x70, 0x6c, 0x79, 0x4b, 0x65, 0x79, 0x73, 0x70,
	0x61, 0x63, 0x65, 0x52, 0x6f, 0x75, 0x74, 0x69, 0x6e, 0x67, 0x52, 0x75, 0x6c, 0x65, 0x73, 0x52,
	0x65, 0x71, 0x75, 0x65, 0x73, 0x74, 0x1a, 0x37, 0x2e, 0x76, 0x69, 0x74, 0x65, 0x73, 0x73, 0x2e,
	0x76, 0x74, 0x63, 0x74, 0x6c, 0x64, 0x61, 0x74, 0x61, 0x2e, 0x76, 0x32, 0x34, 0x2e, 0x41, 0x70,
	0x70, 0x6c, 0x79, 0x4b, 0x65, 0x79, 0x73, 0x70, 0x61, 0x63, 0x65, 0x52, 0x6f, 0x75, 0x74, 0x69,
	0x6e, 0x67, 0x52, 0x75, 0x6c, 0x65, 0x73, 0x52, 0x65, 0x73, 0x70, 0x6f, 0x6e, 0x73, 0x65, 0x22,
	0x00, 0x12, 0x85, 0x01, 0x0a, 0x16, 0x41, 0x70, 0x70, 0x6c, 0x79, 0x53, 0x68, 0x61, 0x72, 0x64,
	0x52, 0x6f, 0x75, 0x74, 0x69, 0x6e, 0x67, 0x52, 0x75, 0x6c, 0x65, 0x73, 0x12, 0x33, 0x2e, 0x76,
	0x69, 0x74, 0x65, 0x73, 0x73, 0x2e, 0x76, 0x74, 0x63, 0x74, 0x6c, 0x64, 0x61, 0x74, 0x61, 0x2e,
	0x76, 0x32, 0x34, 0x2e, 0x41, 0x70, 0x70, 0x6c, 0x79, 0x53, 0x68, 0x61, 0x72, 0x64, 0x52, 0x6f,
	0x75, 0x74, 0x69, 0x6e, 0x67, 0x52, 0x75, 0x6c, 0x65, 0x73, 0x52, 0x65, 0x71, 0x75, 0x65, 0x73,
	0x74, 0x1a, 0x34, 0x2e, 0x76, 0x69, 0x74, 0x65, 0x73, 0x73, 0x2e, 0x76, 0x74, 0x63, 0x74, 0x6c,
	0x64, 0x61, 0x74, 0x61, 0x2e, 0x76, 0x32, 0x34, 0x2e, 0x41, 0x70, 0x70, 0x6c, 0x79, 0x53, 0x68,
	0x61, 0x72, 0x64, 0x52, 0x6f, 0x75, 0x74, 0x69, 0x6e, 0x67, 0x52, 0x75, 0x6c, 0x65, 0x73, 0x52,
	0x65, 0x73, 0x70, 0x6f, 0x6e, 0x73, 0x65, 0x22, 0x00, 0x12, 0x67, 0x0a, 0x0c, 0x41, 0x70, 0x70,
	0x6c, 0x79, 0x56, 0x53, 0x63, 0x68, 0x65, 0x6d, 0x61, 0x12, 0x29, 0x2e, 0x76, 0x69, 0x74, 0x65,
	0x73, 0x73, 0x2e, 0x76, 0x74, 0x63, 0x74, 0x6c, 0x64, 0x61, 0x74, 0x61, 0x2e, 0x76, 0x32, 0x34,
	0x2e, 0x41, 0x70, 0x70, 0x6c, 0x79, 0x56, 0x53, 0x63, 0x68, 0x65, 0x6d, 0x61, 0x52, 0x65, 0x71,
	0x75, 0x65, 0x73, 0x74, 0x1a, 0x2a, 0x2e, 0x76, 0x69, 0x74, 0x65, 0x73, 0x73, 0x2e, 0x76, 0x74,
	0x63, 0x74, 0x6c, 0x64, 0x61, 0x74, 0x61, 0x2e, 0x76, 0x32, 0x34, 0x2e, 0x41, 0x70, 0x70, 0x6c,
	0x79, 0x56, 0x53, 0x63, 0x68, 0x65, 0x6d, 0x61, 0x52, 0x65, 0x73, 0x70, 0x6f, 0x6e, 0x73, 0x65,
	0x22, 0x00, 0x12, 0x57, 0x0a, 0x06, 0x42, 0x61, 0x63, 0x6b, 0x75, 0x70, 0x12, 0x23, 0x2e, 0x76,
	0x69, 0x74, 0x65, 0x73, 0x73, 0x2e, 0x76, 0x74, 0x63, 0x74, 0x6c, 0x64, 0x61, 0x74, 0x61, 0x2e,
	0x76, 0x32, 0x34, 0x2e, 0x42, 0x61, 0x63, 0x6b, 0x75, 0x70, 0x52, 0x65, 0x71, 0x75, 0x65, 0x73,
	0x74, 0x1a, 0x24, 0x2e, 0x76, 0x69, 0x74, 0x65, 0x73, 0x73, 0x2e, 0x76, 0x74, 0x63, 0x74, 0x6c,
	0x64, 0x61, 0x74, 0x61, 0x2e, 0x76, 0x32, 0x34, 0x2e, 0x42, 0x61, 0x63, 0x6b, 0x75, 0x70, 0x52,
	0x65, 0x73, 0x70, 0x6f, 0x6e, 0x73, 0x65, 0x22, 0x00, 0x30, 0x01, 0x12, 0x61, 0x0a, 0x0b, 0x42,
	0x61, 0x63, 0x6b, 0x75, 0x70, 0x53, 0x68, 0x61, 0x72, 0x64, 0x12, 0x28, 0x2e, 0x76, 0x69, 0x74,
	0x65, 0x73, 0x73, 0x2e, 0x76, 0x74, 0x63, 0x74, 0x6c, 0x64, 0x61, 0x74, 0x61, 0x2e, 0x76, 0x32,
	0x34, 0x2e, 0x42, 0x61, 0x63, 0x6b, 0x75, 0x70, 0x53, 0x68, 0x61, 0x72, 0x64, 0x52, 0x65, 0x71,
	0x75, 0x65, 0x73, 0x74, 0x1a, 0x24, 0x2e, 0x76, 0x69, 0x74, 0x65, 0x73, 0x73, 0x2e, 0x76, 0x74,
	0x63, 0x74, 0x6c, 0x64, 0x61, 0x74, 0x61, 0x2e, 0x76, 0x32, 0x34, 0x2e, 0x42, 0x61, 0x63, 0x6b,
	0x75, 0x70, 0x52, 0x65, 0x73, 0x70, 0x6f, 0x6e, 0x73, 0x65, 0x22, 0x00, 0x30, 0x01, 0x12, 0x82,
	0x01, 0x0a, 0x15, 0x43, 0x61, 0x6e, 0x63, 0x65, 0x6c, 0x53, 0x63, 0x68, 0x65, 0x6d, 0x61, 0x4d,
	0x69, 0x67, 0x72, 0x61, 0x74, 0x69, 0x6f, 0x6e, 0x12, 0x32, 0x2e, 0x76, 0x69, 0x74, 0x65, 0x73,
	0x73, 0x2e, 0x76, 0x74, 0x63, 0x74, 0x6c, 0x64, 0x61, 0x74, 0x61, 0x2e, 0x76, 0x32, 0x34, 0x2e,
	0x43, 0x61, 0x6e, 0x63, 0x65, 0x6c, 0x53, 0x63, 0x68, 0x65, 0x6d, 0x61, 0x4d, 0x69, 0x67, 0x72,
	0x61, 0x74, 0x69, 0x6f, 0x6e, 0x52, 0x65, 0x71, 0x75, 0x65, 0x73, 0x74, 0x1a, 0x33, 0x2e, 0x76,
	0x69, 0x74, 0x65, 0x73, 0x73, 0x2e, 0x76, 0x74, 0x63, 0x74, 0x6c, 0x64, 0x61, 0x74, 0x61, 0x2e,
	0x76, 0x32, 0x34, 0x2e, 0x43, 0x61, 0x6e, 0x63, 0x65, 0x6c, 0x53, 0x63, 0x68, 0x65, 0x6d, 0x61,
	0x4d, 0x69, 0x67, 0x72, 0x61, 0x74, 0x69, 0x6f, 0x6e, 0x52, 0x65, 0x73, 0x70, 0x6f, 0x6e, 0x73,
	0x65, 0x22, 0x00, 0x12, 0x73, 0x0a, 0x10, 0x43, 0x68, 0x61, 0x6e, 0x67, 0x65, 0x54, 0x61, 0x62,
	0x6c, 0x65, 0x74, 0x54, 0x61, 0x67, 0x73, 0x12, 0x2d, 0x2e, 0x76, 0x69, 0x74, 0x65, 0x73, 0x73,
	0x2e, 0x76, 0x74, 0x63, 0x74, 0x6c, 0x64, 0x61, 0x74, 0x61, 0x2e, 0x76, 0x32, 0x34, 0x2e, 0x43,
	0x68, 0x61, 0x6e, 0x67, 0x65, 0x54, 0x61, 0x62, 0x6c, 0x65, 0x74, 0x54, 0x61, 0x67, 0x73, 0x52,
	0x65, 0x71, 0x75, 0x65, 0x73, 0x74, 0x1a, 0x2e, 0x2e, 0x76, 0x69, 0x74, 0x65, 0x73, 0x73, 0x2e,
	0x76, 0x74, 0x63, 0x74, 0x6c, 0x64, 0x61, 0x74, 0x61, 0x2e, 0x76, 0x32, 0x34, 0x2e, 0x43, 0x68,
	0x61, 0x6e, 0x67, 0x65, 0x54, 0x61, 0x62, 0x6c, 0x65, 0x74, 0x54, 0x61, 0x67, 0x73, 0x52, 0x65,
	0x73, 0x70, 0x6f, 0x6e, 0x73, 0x65, 0x22, 0x00, 0x12, 0x73, 0x0a, 0x10, 0x43, 0x68, 0x61, 0x6e,
	0x67, 0x65, 0x54, 0x61, 0x62, 0x6c, 0x65, 0x74, 0x54, 0x79, 0x70, 0x65, 0x12, 0x2d, 0x2e, 0x76,
	0x69, 0x74, 0x65, 0x73, 0x73, 0x2e, 0x76, 0x74, 0x63, 0x74, 0x6c, 0x64, 0x61, 0x74, 0x61, 0x2e,
	0x76, 0x32, 0x34, 0x2e, 0x43, 0x68, 0x61, 0x6e, 0x67, 0x65, 0x54, 0x61, 0x62, 0x6c, 0x65, 0x74,
	0x54, 0x79, 0x70, 0x65, 0x52, 0x65, 0x71, 0x75, 0x65, 0x73, 0x74, 0x1a, 0x2e, 0x2e, 0x76, 0x69,
	0x74, 0x65, 0x73, 0x73, 0x2e, 0x76, 0x74, 0x63, 0x74, 0x6c, 0x64, 0x61, 0x74, 0x61, 0x2e, 0x76,
	0x32, 0x34, 0x2e, 0x43, 0x68, 0x61, 0x6e, 0x67, 0x65, 0x54, 0x61, 0x62, 0x6c, 0x65, 0x74, 0x54,
	0x79, 0x70, 0x65, 0x52, 0x65, 0x73, 0x70, 0x6f, 0x6e, 0x73, 0x65, 0x22, 0x00, 0x12, 0x6d, 0x0a,
	0x0e, 0x43, 0x68, 0x65, 0x63, 0x6b, 0x54, 0x68, 0x72, 0x6f, 0x74, 0x74, 0x6c, 0x65, 0x72, 0x12,
	0x2b, 0x2e, 0x76, 0x69, 0x74, 0x65, 0x73, 0x73, 0x2e, 0x76, 0x74, 0x63, 0x74, 0x6c, 0x64, 0x61,
	0x74, 0x61, 0x2e, 0x76, 0x32, 0x34, 0x2e, 0x43, 0x68, 0x65, 0x63, 0x6b, 0x54, 0x68, 0x72, 0x6f,
	0x74, 0x74, 0x6c, 0x65, 0x72, 0x52, 0x65, 0x71, 0x75, 0x65, 0x73, 0x74, 0x1a, 0x2c, 0x2e, 0x76,
	0x69, 0x74, 0x65, 0x73, 0x73, 0x2e, 0x76, 0x74, 0x63, 0x74, 0x6c, 0x64, 0x61, 0x74, 0x61, 0x2e,
	0x76, 0x32, 0x34, 0x2e, 0x43, 0x68, 0x65, 0x63, 0x6b, 0x54, 0x68, 0x72, 0x6f, 0x74, 0x74, 0x6c,
	0x65, 0x72, 0x52, 0x65, 0x73, 0x70, 0x6f, 0x6e, 0x73, 0x65, 0x22, 0x00, 0x12, 0x85, 0x01, 0x0a,
	0x16, 0x43, 0x6c, 0x65, 0x61, 0x6e, 0x75, 0x70, 0x53, 0x63, 0x68, 0x65, 0x6d, 0x61, 0x4d, 0x69,
	0x67, 0x72, 0x61, 0x74, 0x69, 0x6f, 0x6e, 0x12, 0x33, 0x2e, 0x76, 0x69, 0x74, 0x65, 0x73, 0x73,
	0x2e, 0x76, 0x74, 0x63, 0x74, 0x6c, 0x64, 0x61, 0x74, 0x61, 0x2e, 0x76, 0x32, 0x34, 0x2e, 0x43,
	0x6c, 0x65, 0x61, 0x6e, 0x75, 0x70, 0x53, 0x63, 0x68, 0x65, 0x6d, 0x61, 0x4d, 0x69, 0x67, 0x72,
	0x61, 0x74, 0x69, 0x6f, 0x6e, 0x52, 0x65, 0x71, 0x75, 0x65, 0x73, 0x74, 0x1a, 0x34, 0x2e, 0x76,
	0x69, 0x74, 0x65, 0x73, 0x73, 0x2e, 0x76, 0x74, 0x63, 0x74, 0x6c, 0x64, 0x61, 0x74, 0x61, 0x2e,
	0x76, 0x32, 0x34, 0x2e, 0x43, 0x6c, 0x65, 0x61, 0x6e, 0x75, 0x70, 0x53, 0x63, 0x68, 0x65, 0x6d,
	0x61, 0x4d, 0x69, 0x67, 0x72, 0x61, 0x74, 0x69, 0x6f, 0x6e, 0x52, 0x65, 0x73, 0x70, 0x6f, 0x6e,
	0x73, 0x65, 0x22, 0x00, 0x12, 0x88, 0x01, 0x0a, 0x17, 0x43, 0x6f, 0x6d, 0x70, 0x6c, 0x65, 0x74,
	0x65, 0x53, 0x63, 0x68, 0x65, 0x6d, 0x61, 0x4d, 0x69, 0x67, 0x72, 0x61, 0x74, 0x69, 0x6f, 0x6e,
	0x12, 0x34, 0x2e, 0x76, 0x69, 0x74, 0x65, 0x73, 0x73, 0x2e, 0x76, 0x74, 0x63, 0x74, 0x6c, 0x64,
	0x61, 0x74, 0x61, 0x2e, 0x76, 0x32, 0x34, 0x2e, 0x43, 0x6f, 0x6d, 0x70, 0x6c, 0x65, 0x74, 0x65,
	0x53, 0x63, 0x68, 0x65, 0x6d, 0x61, 0x4d, 0x69, 0x67, 0x72, 0x61, 0x74, 0x69, 0x6f, 0x6e, 0x52,
	0x65, 0x71, 0x75, 0x65, 0x73, 0x74, 0x1a, 0x35, 0x2e, 0x76, 0x69, 0x74, 0x65, 0x73, 0x73, 0x2e,
	0x76, 0x74, 0x63, 0x74, 0x6c, 0x64, 0x61, 0x74, 0x61, 0x2e, 0x76, 0x32, 0x34, 0x2e, 0x43, 0x6f,
	0x6d, 0x70, 0x6c, 0x65, 0x74, 0x65, 0x53, 0x63, 0x68, 0x65, 0x6d, 0x61, 0x4d, 0x69, 0x67, 0x72,
	0x61, 0x74, 0x69, 0x6f, 0x6e, 0x52, 0x65, 0x73, 0x70, 0x6f, 0x6e, 0x73, 0x65, 0x22, 0x00, 0x12,
	0x7c, 0x0a, 0x13, 0x43, 0x6f, 0x6e, 0x63, 0x6c, 0x75, 0x64, 0x65, 0x54, 0x72, 0x61, 0x6e, 0x73,
	0x61, 0x63, 0x74, 0x69, 0x6f, 0x6e, 0x12, 0x30, 0x2e, 0x76, 0x69, 0x74, 0x65, 0x73, 0x73, 0x2e,
	0x76, 0x74, 0x63, 0x74, 0x6c, 0x64, 0x61, 0x74, 0x61, 0x2e, 0x76, 0x32, 0x34, 0x2e, 0x43, 0x6f,
	0x6e, 0x63, 0x6c, 0x75, 0x64, 0x65, 0x54, 0x72, 0x61, 0x6e, 0x73, 0x61, 0x63, 0x74, 0x69, 0x6f,
	0x6e, 0x52, 0x65, 0x71, 0x75, 0x65, 0x73, 0x74, 0x1a, 0x31, 0x2e, 0x76, 0x69, 0x74, 0x65, 0x73,
	0x73, 0x2e, 0x76, 0x74, 0x63, 0x74, 0x6c, 0x64, 0x61, 0x74, 0x61, 0x2e, 0x76, 0x32, 0x34, 0x2e,
	0x43, 0x6f, 0x6e, 0x63, 0x6c, 0x75, 0x64, 0x65, 0x54, 0x72, 0x61, 0x6e, 0x73, 0x61, 0x63, 0x74,
	0x69, 0x6f, 0x6e, 0x52, 0x65, 0x73, 0x70, 0x6f, 0x6e, 0x73, 0x65, 0x22, 0x00, 0x12, 0x70, 0x0a,
	0x0f, 0x43, 0x6f, 0x70, 0x79, 0x53, 0x63, 0x68, 0x65, 0x6d, 0x61, 0x53, 0x68, 0x61, 0x72, 0x64,
	0x12, 0x2c, 0x2e, 0x76, 0x69, 0x74, 0x65, 0x73, 0x73, 0x2e, 0x76, 0x74, 0x63, 0x74, 0x6c, 0x64,
	0x61, 0x74, 0x61, 0x2e, 0x76, 0x32, 0x34, 0x2e, 0x43, 0x6f, 0x70, 0x79, 0x53, 0x63, 0x68, 0x65,
	0x6d, 0x61, 0x53, 0x68, 0x61, 0x72, 0x64, 0x52, 0x65, 0x71, 0x75, 0x65, 0x73, 0x74, 0x1a, 0x2d,
	0x2e, 0x76, 0x69, 0x74, 0x65, 0x73, 0x73, 0x2e, 0x76, 0x74, 0x63, 0x74, 0x6c, 0x64, 0x61, 0x74,
	0x61, 0x2e, 0x76, 0x32, 0x34, 0x2e, 0x43, 0x6f, 0x70, 0x79, 0x53, 0x63, 0x68, 0x65, 0x6d, 0x61,
	0x53, 0x68, 0x61, 0x72, 0x64, 0x52, 0x65, 0x73, 0x70, 0x6f, 0x6e, 0x73, 0x65, 0x22, 0x00, 0x12,
	0x6d, 0x0a, 0x0e, 0x43, 0x72, 0x65, 0x61, 0x74, 0x65, 0x4b, 0x65, 0x79, 0x73, 0x70, 0x61, 0x63,
	0x65, 0x12, 0x2b, 0x2e, 0x76, 0x69, 0x74, 0x65, 0x73, 0x73, 0x2e, 0x76, 0x74, 0x63, 0x74, 0x6c,
	0x64, 0x61, 0x74, 0x61, 0x2e, 0x76, 0x32, 0x34, 0x2e, 0x43, 0x72, 0x65, 0x61, 0x74, 0x65, 0x4b,
	0x65, 0x79, 0x73, 0x70, 0x61, 0x63, 0x65, 0x52, 0x65, 0x71, 0x75, 0x65, 0x73, 0x74, 0x1a, 0x2c,
	0x2e, 0x76, 0x69, 0x74, 0x65, 0x73, 0x73, 0x2e, 0x76, 0x74, 0x63, 0x74, 0x6c, 0x64, 0x61, 0x74,
	0x61, 0x2e, 0x76, 0x32, 0x34, 0x2e, 0x43, 0x72, 0x65, 0x61, 0x74, 0x65, 0x4b, 0x65, 0x79, 0x73,
	0x70, 0x61, 0x63, 0x65, 0x52, 0x65, 0x73, 0x70, 0x6f, 0x6e, 0x73, 0x65, 0x22, 0x00, 0x12, 0x64,
	0x0a, 0x0b, 0x43, 0x72, 0x65, 0x61, 0x74, 0x65, 0x53, 0x68, 0x61, 0x72, 0x64, 0x12, 0x28, 0x2e,
	0x76, 0x69, 0x74, 0x65, 0x73, 0x73, 0x2e, 0x76, 0x74, 0x63, 0x74, 0x6c, 0x64, 0x61, 0x74, 0x61,
	0x2e, 0x76, 0x32, 0x34, 0x2e, 0x43, 0x72, 0x65, 0x61, 0x74, 0x65, 0x53, 0x68, 0x61, 0x72, 0x64,
	0x52, 0x65, 0x71, 0x75, 0x65, 0x73, 0x74, 0x1a, 0x29, 0x2e, 0x76, 0x69, 0x74, 0x65, 0x73, 0x73,
	0x2e, 0x76, 0x74, 0x63, 0x74, 0x6c, 0x64, 0x61, 0x74, 0x61, 0x2e, 0x76, 0x32, 0x34, 0x2e, 0x43,
	0x72, 0x65, 0x61, 0x74, 0x65, 0x53, 0x68, 0x61, 0x72, 0x64, 0x52, 0x65, 0x73, 0x70, 0x6f, 0x6e,
	0x73, 0x65, 0x22, 0x00, 0x12, 0x6d, 0x0a, 0x0e, 0x44, 0x65, 0x6c, 0x65, 0x74, 0x65, 0x43, 0x65,
	0x6c, 0x6c, 0x49, 0x6e, 0x66, 0x6f, 0x12, 0x2b, 0x2e, 0x76, 0x69, 0x74, 0x65, 0x73, 0x73, 0x2e,
	0x76, 0x74, 0x63, 0x74, 0x6c, 0x64, 0x61, 0x74, 0x61, 0x2e, 0x76, 0x32, 0x34, 0x2e, 0x44, 0x65,
	0x6c, 0x65, 0x74, 0x65, 0x43, 0x65, 0x6c, 0x6c, 0x49, 0x6e, 0x66, 0x6f, 0x52, 0x65, 0x71, 0x75,
	0x65, 0x73, 0x74, 0x1a, 0x2c, 0x2e, 0x76, 0x69, 0x74, 0x65, 0x73, 0x73, 0x2e, 0x76, 0x74, 0x63,
	0x74, 0x6c, 0x64, 0x61, 0x74, 0x61, 0x2e, 0x76, 0x32, 0x34, 0x2e, 0x44, 0x65, 0x6c, 0x65, 0x74,
	0x65, 0x43, 0x65, 0x6c, 0x6c, 0x49, 0x6e, 0x66, 0x6f, 0x52, 0x65, 0x73, 0x70, 0x6f, 0x6e, 0x73,
	0x65, 0x22, 0x00, 0x12, 0x73, 0x0a, 0x10, 0x44, 0x65, 0x6c, 0x65, 0x74, 0x65, 0x43, 0x65, 0x6c,
	0x6c, 0x73, 0x41, 0x6c, 0x69, 0x61, 0x73, 0x12, 0x2d, 0x2e, 0x76, 0x69, 0x74, 0x65, 0x73, 0x73,
	0x2e, 0x76, 0x74, 0x63, 0x74, 0x6c, 0x64, 0x61, 0x74, 0x61, 0x2e, 0x76, 0x32, 0x34, 0x2e, 0x44,
	0x65, 0x6c, 0x65, 0x74, 0x65, 0x43, 0x65, 0x6c, 0x6c, 0x73, 0x41, 0x6c, 0x69, 0x61, 0x73, 0x52,
	0x65, 0x71, 0x75, 0x65, 0x73, 0x74, 0x1a, 0x2e, 0x2e, 0x76, 0x69, 0x74, 0x65, 0x73, 0x73, 0x2e,
	0x76, 0x74, 0x63, 0x74, 0x6c, 0x64, 0x61, 0x74, 0x61, 0x2e, 0x76, 0x32, 0x34, 0x2e, 0x44, 0x65,
	0x6c, 0x65, 0x74, 0x65, 0x43, 0x65, 0x6c, 0x6c, 0x73, 0x41, 0x6c, 0x69, 0x61, 0x73, 0x52, 0x65,
	0x73, 0x70, 0x6f, 0x6e, 0x73, 0x65, 0x22, 0x00, 0x12, 0x6d, 0x0a, 0x0e, 0x44, 0x65, 0x6c, 0x65,
	0x74, 0x65, 0x4b, 0x65, 0x79, 0x73, 0x70, 0x61, 0x63, 0x65, 0x12, 0x2b, 0x2e, 0x76, 0x69, 0x74,
	0x65, 0x73, 0x73, 0x2e, 0x76, 0x74, 0x63, 0x74, 0x6c, 0x64, 0x61, 0x74, 0x61, 0x2e, 0x76, 0x32,
	0x34, 0x2e, 0x44, 0x65, 0x6c, 0x65, 0x74, 0x65, 0x4b, 0x65, 0x79, 0x73, 0x70, 0x61, 0x63, 0x65,
	0x52, 0x65, 0x71, 0x75, 0x65, 0x73, 0x74, 0x1a, 0x2c, 0x2e, 0x76, 0x69, 0x74, 0x65, 0x73, 0x73,
	0x2e, 0x76, 0x74, 0x63, 0x74, 0x6c, 0x64, 0x61, 0x74, 0x61, 0x2e, 0x76, 0x32, 0x34, 0x2e, 0x44,
	0x65, 0x6c, 0x65, 0x74, 0x65, 0x4b, 0x65, 0x79, 0x73, 0x70, 0x61, 0x63, 0x65, 0x52, 0x65, 0x73,
	0x70, 0x6f, 0x6e, 0x73, 0x65, 0x22, 0x00, 0x12, 0x67, 0x0a, 0x0c, 0x44, 0x65, 0x6c, 0x65, 0x74,
	0x65, 0x53, 0x68, 0x61, 0x72, 0x64, 0x73, 0x12, 0x29, 0x2e, 0x76, 0x69, 0x74, 0x65, 0x73, 0x73,
	0x2e, 0x76, 0x74, 0x63, 0x74, 0x6c, 0x64, 0x61, 0x74, 0x61, 0x2e, 0x76, 0x32, 0x34, 0x2e, 0x44,
	0x65, 0x6c, 0x65, 0x74, 0x65, 0x53, 0x68, 0x61, 0x72, 0x64, 0x73, 0x52, 0x65, 0x71, 0x75, 0x65,
	0x73, 0x74, 0x1a, 0x2a, 0x2e, 0x76, 0x69, 0x74, 0x65, 0x73, 0x73, 0x2e, 0x76, 0x74, 0x63, 0x74,
	0x6c, 0x64, 0x61, 0x74, 0x61, 0x2e, 0x76, 0x32, 0x34, 0x2e, 0x44, 0x65, 0x6c, 0x65, 0x74, 0x65,
	0x53, 0x68, 0x61, 0x72, 0x64, 0x73, 0x52, 0x65, 0x73, 0x70, 0x6f, 0x6e, 0x73, 0x65, 0x22, 0x00,
	0x12, 0x73, 0x0a, 0x10, 0x44, 0x65, 0x6c, 0x65, 0x74, 0x65, 0x53, 0x72, 0x76, 0x56, 0x53, 0x63,
	0x68, 0x65, 0x6d, 0x61, 0x12, 0x2d, 0x2e, 0x76, 0x69, 0x74, 0x65, 0x73, 0x73, 0x2e, 0x76, 0x74,
	0x63, 0x74, 0x6c, 0x64, 0x61, 0x74, 0x61, 0x2e, 0x76, 0x32, 0x34, 0x2e, 0x44, 0x65, 0x6c, 0x65,
	0x74, 0x65, 0x53, 0x72, 0x76, 0x56, 0x53, 0x63, 0x68, 0x65, 0x6d, 0x61, 0x52, 0x65, 0x71, 0x75,
	0x65, 0x73, 0x74, 0x1a, 0x2e, 0x2e, 0x76, 0x69, 0x74, 0x65, 0x73, 0x73, 0x2e, 0x76, 0x74, 0x63,
	0x74, 0x6c, 0x64, 0x61, 0x74, 0x61, 0x2e, 0x76, 0x32, 0x34, 0x2e, 0x44, 0x65, 0x6c, 0x65, 0x74,
	0x65, 0x53, 0x72, 0x76, 0x56, 0x53, 0x63, 0x68, 0x65, 0x6d, 0x61, 0x52, 0x65, 0x73, 0x70, 0x6f,
	0x6e, 0x73, 0x65, 0x22, 0x00, 0x12, 0x6a, 0x0a, 0x0d, 0x44, 0x65, 0x6c, 0x65, 0x74, 0x65, 0x54,
	0x61, 0x62, 0x6c, 0x65, 0x74, 0x73, 0x12, 0x2a, 0x2e, 0x76, 0x69, 0x74, 0x65, 0x73, 0x73, 0x2e,
	0x76, 0x74, 0x63, 0x74, 0x6c, 0x64, 0x61, 0x74, 0x61, 0x2e, 0x76, 0x32, 0x34, 0x2e, 0x44, 0x65,
	0x6c, 0x65, 0x74, 0x65, 0x54, 0x61, 0x62, 0x6c, 0x65, 0x74, 0x73, 0x52, 0x65, 0x71, 0x75, 0x65,
	0x73, 0x74, 0x1a, 0x2b, 0x2e, 0x76, 0x69, 0x74, 0x65, 0x73, 0x73, 0x2e, 0x76, 0x74, 0x63, 0x74,
	0x6c, 0x64, 0x61, 0x74, 0x61, 0x2e, 0x76, 0x32, 0x34, 0x2e, 0x44, 0x65, 0x6c, 0x65, 0x74, 0x65,
	0x54, 0x61, 0x62, 0x6c, 0x65, 0x74, 0x73, 0x52, 0x65, 0x73, 0x70, 0x6f, 0x6e, 0x73, 0x65, 0x22,
	0x00, 0x12, 0x85, 0x01, 0x0a, 0x16, 0x45, 0x6d, 0x65, 0x72, 0x67, 0x65, 0x6e, 0x63, 0x79, 0x52,
	0x65, 0x70, 0x61, 0x72, 0x65, 0x6e, 0x74, 0x53, 0x68, 0x61, 0x72, 0x64, 0x12, 0x33, 0x2e, 0x76,
	0x69, 0x74, 0x65, 0x73, 0x73, 0x2e, 0x76, 0x74, 0x63, 0x74, 0x6c, 0x64, 0x61, 0x74, 0x61, 0x2e,
	0x76, 0x32, 0x34, 0x2e, 0x45, 0x6d, 0x65, 0x72, 0x67, 0x65, 0x6e, 0x63, 0x79, 0x52, 0x65, 0x70,
	0x61, 0x72, 0x65, 0x6e, 0x74, 0x53, 0x68, 0x61, 0x72, 0x64, 0x52, 0x65, 0x71, 0x75, 0x65, 0x73,
	0x74, 0x1a, 0x34, 0x2e, 0x76, 0x69, 0x74, 0x65, 0x73, 0x73, 0x2e, 0x76, 0x74, 0x63, 0x74, 0x6c,
	0x64, 0x61, 0x74, 0x61, 0x2e, 0x76, 0x32, 0x34, 0x2e, 0x45, 0x6d, 0x65, 0x72, 0x67, 0x65, 0x6e,
	0x63, 0x79, 0x52, 0x65, 0x70, 0x61, 0x72, 0x65, 0x6e, 0x74, 0x53, 0x68, 0x61, 0x72, 0x64, 0x52,
	0x65, 0x73, 0x70, 0x6f, 0x6e, 0x73, 0x65, 0x22, 0x00, 0x12, 0x76, 0x0a, 0x11, 0x45, 0x78, 0x65,
	0x63, 0x75, 0x74, 0x65, 0x46, 0x65, 0x74, 0x63, 0x68, 0x41, 0x73, 0x41, 0x70, 0x70, 0x12, 0x2e,
	0x2e, 0x76, 0x69, 0x74, 0x65, 0x73, 0x73, 0x2e, 0x76, 0x74, 0x63, 0x74, 0x6c, 0x64, 0x61, 0x74,
	0x61, 0x2e, 0x76, 0x32, 0x34, 0x2e, 0x45, 0x78, 0x65, 0x63, 0x75, 0x74, 0x65, 0x46, 0x65, 0x74,
	0x63, 0x68, 0x41, 0x73, 0x41, 0x70, 0x70, 0x52, 0x65, 0x71, 0x75, 0x65, 0x73, 0x74, 0x1a, 0x2f,
	0x2e, 0x76, 0x69, 0x74, 0x65, 0x73, 0x73, 0x2e, 0x76, 0x74, 0x63, 0x74, 0x6c, 0x64, 0x61, 0x74,
	0x61, 0x2e, 0x76, 0x32, 0x34, 0x2e, 0x45, 0x78, 0x65, 0x63, 0x75, 0x74, 0x65, 0x46, 0x65, 0x74,
	0x63, 0x68, 0x41, 0x73, 0x41, 0x70, 0x70, 0x52, 0x65, 0x73, 0x70, 0x6f, 0x6e, 0x73, 0x65, 0x22,
	0x00, 0x12, 0x76, 0x0a, 0x11, 0x45, 0x78, 0x65, 0x63, 0x75, 0x74, 0x65, 0x46, 0x65, 0x74, 0x63,
	0x68, 0x41, 0x73, 0x44, 0x42, 0x41, 0x12, 0x2e, 0x2e, 0x76, 0x69, 0x74, 0x65, 0x73, 0x73, 0x2e,
	0x76, 0x74, 0x63, 0x74, 0x6c, 0x64, 0x61, 0x74, 0x61, 0x2e, 0x76, 0x32, 0x34, 0x2e, 0x45, 0x78,
	0x65, 0x63, 0x75, 0x74, 0x65, 0x46, 0x65, 0x74, 0x63, 0x68, 0x41, 0x73, 0x44, 0x42, 0x41, 0x52,
	0x65, 0x71, 0x75, 0x65, 0x73, 0x74, 0x1a, 0x2f, 0x2e, 0x76, 0x69, 0x74, 0x65, 0x73, 0x73, 0x2e,
	0x76, 0x74, 0x63, 0x74, 0x6c, 0x64, 0x61, 0x74, 0x61, 0x2e, 0x76, 0x32, 0x34, 0x2e, 0x45, 0x78,
	0x65, 0x63, 0x75, 0x74, 0x65, 0x46, 0x65, 0x74, 0x63, 0x68, 0x41, 0x73, 0x44, 0x42, 0x41, 0x52,
	0x65, 0x73, 0x70, 0x6f, 0x6e, 0x73, 0x65, 0x22, 0x00, 0x12, 0x62, 0x0a, 0x0b, 0x45, 0x78, 0x65,
	0x63, 0x75, 0x74, 0x65, 0x48, 0x6f, 0x6f, 0x6b, 0x12, 0x28, 0x2e, 0x76, 0x69, 0x74, 0x65, 0x73,
	0x73, 0x2e, 0x76, 0x74, 0x63, 0x74, 0x6c, 0x64, 0x61, 0x74, 0x61, 0x2e, 0x76, 0x32, 0x34, 0x2e,
	0x45, 0x78, 0x65, 0x63, 0x75, 0x74, 0x65, 0x48, 0x6f, 0x6f, 0x6b, 0x52, 0x65, 0x71, 0x75, 0x65,
	0x73, 0x74, 0x1a, 0x29, 0x2e, 0x76, 0x69, 0x74, 0x65, 0x73, 0x73, 0x2e, 0x76, 0x74, 0x63, 0x74,
	0x6c, 0x64, 0x61, 0x74, 0x61, 0x2e, 0x76, 0x32, 0x34, 0x2e, 0x45, 0x78, 0x65, 0x63, 0x75, 0x74,
	0x65, 0x48, 0x6f, 0x6f, 0x6b, 0x52, 0x65, 0x73, 0x70, 0x6f, 0x6e, 0x73, 0x65, 0x12, 0x85, 0x01,
	0x0a, 0x16, 0x45, 0x78, 0x65, 0x63, 0x75, 0x74, 0x65, 0x4d, 0x75, 0x6c, 0x74, 0x69, 0x46, 0x65,
	0x74, 0x63, 0x68, 0x41, 0x73, 0x44, 0x42, 0x41, 0x12, 0x33, 0x2e, 0x76, 0x69, 0x74, 0x65, 0x73,
	0x73, 0x2e, 0x76, 0x74, 0x63, 0x74, 0x6c, 0x64, 0x61, 0x74, 0x61, 0x2e, 0x76, 0x32, 0x34, 0x2e,
	0x45, 0x78, 0x65, 0x63, 0x75, 0x74, 0x65, 0x4d, 0x75, 0x6c, 0x74, 0x69, 0x46, 0x65, 0x74, 0x63,
	0x68, 0x41, 0x73, 0x44, 0x42, 0x41, 0x52, 0x65, 0x71, 0x75, 0x65, 0x73, 0x74, 0x1a, 0x34, 0x2e,
	0x76, 0x69, 0x74, 0x65, 0x73, 0x73, 0x2e, 0x76, 0x74, 0x63, 0x74, 0x6c, 0x64, 0x61, 0x74, 0x61,
	0x2e, 0x76, 0x32, 0x34, 0x2e, 0x45, 0x78, 0x65, 0x63, 0x75, 0x74, 0x65, 0x4d, 0x75, 0x6c, 0x74,
	0x69, 0x46, 0x65, 0x74, 0x63, 0x68, 0x41, 0x73, 0x44, 0x42, 0x41, 0x52, 0x65, 0x73, 0x70, 0x6f,
	0x6e, 0x73, 0x65, 0x22, 0x00, 0x12, 0x88, 0x01, 0x0a, 0x17, 0x46, 0x69, 0x6e, 0x64, 0x41, 0x6c,
	0x6c, 0x53, 0x68, 0x61, 0x72, 0x64, 0x73, 0x49, 0x6e, 0x4b, 0x65, 0x79, 0x73, 0x70, 0x61, 0x63,
	0x65, 0x12, 0x34, 0x2e, 0x76, 0x69, 0x74, 0x65, 0x73, 0x73, 0x2e, 0x76, 0x74, 0x63, 0x74, 0x6c,
	0x64, 0x61, 0x74, 0x61, 0x2e, 0x76, 0x32, 0x34, 0x2e, 0x46, 0x69, 0x6e, 0x64, 0x41, 0x6c, 0x6c,
	0x53, 0x68, 0x61, 0x72, 0x64, 0x73, 0x49, 0x6e, 0x4b, 0x65, 0x79, 0x73, 0x70, 0x61, 0x63, 0x65,
	0x52, 0x65, 0x71, 0x75, 0x65, 0x73, 0x74, 0x1a, 0x35, 0x2e, 0x76, 0x69, 0x74, 0x65, 0x73, 0x73,
	0x2e, 0x76, 0x74, 0x63, 0x74, 0x6c, 0x64, 0x61, 0x74, 0x61, 0x2e, 0x76, 0x32, 0x34, 0x2e, 0x46,
	0x69, 0x6e, 0x64, 0x41, 0x6c, 0x6c, 0x53, 0x68, 0x61, 0x72, 0x64, 0x73, 0x49, 0x6e, 0x4b, 0x65,
	0x79, 0x73, 0x70, 0x61, 0x63, 0x65, 0x52, 0x65, 0x73, 0x70, 0x6f, 0x6e, 0x73, 0x65, 0x22, 0x00,
	0x12, 0x94, 0x01, 0x0a, 0x1b, 0x46, 0x6f, 0x72, 0x63, 0x65, 0x43, 0x75, 0x74, 0x4f, 0x76, 0x65,
	0x72, 0x53, 0x63, 0x68, 0x65, 0x6d, 0x61, 0x4d, 0x69, 0x67, 0x72, 0x61, 0x74, 0x69, 0x6f, 0x6e,
	0x12, 0x38, 0x2e, 0x76, 0x69, 0x74, 0x65, 0x73, 0x73, 0x2e, 0x76, 0x74, 0x63, 0x74, 0x6c, 0x64,
	0x61, 0x74, 0x61, 0x2e, 0x76, 0x32, 0x34, 0x2e, 0x46, 0x6f, 0x72, 0x63, 0x65, 0x43, 0x75, 0x74,
	0x4f, 0x76, 0x65, 0x72, 0x53, 0x63, 0x68, 0x65, 0x6d, 0x61, 0x4d, 0x69, 0x67, 0x72, 0x61, 0x74,
	0x69, 0x6f, 0x6e, 0x52, 0x65, 0x71, 0x75, 0x65, 0x73, 0x74, 0x1a, 0x39, 0x2e, 0x76, 0x69, 0x74,
	0x65, 0x73, 0x73, 0x2e, 0x76, 0x74, 0x63, 0x74, 0x6c, 0x64, 0x61, 0x74, 0x61, 0x2e, 0x76, 0x32,
	0x34, 0x2e, 0x46, 0x6f, 0x72, 0x63, 0x65, 0x43, 0x75, 0x74, 0x4f, 0x76, 0x65, 0x72, 0x53, 0x63,
	0x68, 0x65, 0x6d, 0x61, 0x4d, 0x69, 0x67, 0x72, 0x61, 0x74, 0x69, 0x6f, 0x6e, 0x52, 0x65, 0x73,
	0x70, 0x6f, 0x6e, 0x73, 0x65, 0x22, 0x00, 0x12, 0x61, 0x0a, 0x0a, 0x47, 0x65, 0x74, 0x42, 0x61,
	0x63, 0x6b, 0x75, 0x70, 0x73, 0x12, 0x27, 0x2e, 0x76, 0x69, 0x74, 0x65, 0x73, 0x73, 0x2e, 0x76,
	0x74, 0x63, 0x74, 0x6c, 0x64, 0x61, 0x74, 0x61, 0x2e, 0x76, 0x32, 0x34, 0x2e, 0x47, 0x65, 0x74,
	0x42, 0x61, 0x63, 0x6b, 0x75, 0x70, 0x73, 0x52, 0x65, 0x71, 0x75, 0x65, 0x73, 0x74, 0x1a, 0x28,
	0x2e, 0x76, 0x69, 0x74, 0x65, 0x73, 0x73, 0x2e, 0x76, 0x74, 0x63, 0x74, 0x6c, 0x64, 0x61, 0x74,
	0x61, 0x2e, 0x76, 0x32, 0x34, 0x2e, 0x47, 0x65, 0x74, 0x42, 0x61, 0x63, 0x6b, 0x75, 0x70, 0x73,
	0x52, 0x65, 0x73, 0x70, 0x6f, 0x6e, 0x73, 0x65, 0x22, 0x00, 0x12, 0x64, 0x0a, 0x0b, 0x47, 0x65,
	0x74, 0x43, 0x65, 0x6c, 0x6c, 0x49, 0x6e, 0x66, 0x6f, 0x12, 0x28, 0x2e, 0x76, 0x69, 0x74, 0x65,
	0x73, 0x73, 0x2e, 0x76, 0x74, 0x63, 0x74, 0x6c, 0x64, 0x61, 0x74, 0x61, 0x2e, 0x76, 0x32, 0x34,
	0x2e, 0x47, 0x65, 0x74, 0x43, 0x65, 0x6c, 0x6c, 0x49, 0x6e, 0x66, 0x6f, 0x52, 0x65, 0x71, 0x75,
	0x65, 0x73, 0x74, 0x1a, 0x29, 0x2e, 0x76, 0x69, 0x74, 0x65, 0x73, 0x73, 0x2e, 0x76, 0x74, 0x63,
	0x74, 0x6c, 0x64, 0x61, 0x74, 0x61, 0x2e, 0x76, 0x32, 0x34, 0x2e, 0x47, 0x65, 0x74, 0x43, 0x65,
	0x6c, 0x6c, 0x49, 0x6e, 0x66, 0x6f, 0x52, 0x65, 0x73, 0x70, 0x6f, 0x6e, 0x73, 0x65, 0x22, 0x00,
	0x12, 0x73, 0x0a, 0x10, 0x47, 0x65, 0x74, 0x43, 0x65, 0x6c, 0x6c, 0x49, 0x6e, 0x66, 0x6f, 0x4e,
	0x61, 0x6d, 0x65, 0x73, 0x12, 0x2d, 0x2e, 0x76, 0x69, 0x74, 0x65, 0x73, 0x73, 0x2e, 0x76, 0x74,
	0x63, 0x74, 0x6c, 0x64, 0x61, 0x74, 0x61, 0x2e, 0x76, 0x32, 0x34, 0x2e, 0x47, 0x65, 0x74, 0x43,
	0x65, 0x6c, 0x6c, 0x49, 0x6e, 0x66, 0x6f, 0x4e, 0x61, 0x6d, 0x65, 0x73, 0x52, 0x65, 0x71, 0x75,
	0x65, 0x73, 0x74, 0x1a, 0x2e, 0x2e, 0x76, 0x69, 0x74, 0x65, 0x73, 0x73, 0x2e, 0x76, 0x74, 0x63,
	0x74, 0x6c, 0x64, 0x61, 0x74, 0x61, 0x2e, 0x76, 0x32, 0x34, 0x2e, 0x47, 0x65, 0x74, 0x43, 0x65,
	0x6c, 0x6c, 0x49, 0x6e, 0x66, 0x6f, 0x4e, 0x61, 0x6d, 0x65, 0x73, 0x52, 0x65, 0x73, 0x70, 0x6f,
	0x6e, 0x73, 0x65, 0x22, 0x00, 0x12, 0x70, 0x0a, 0x0f, 0x47, 0x65, 0x74, 0x43, 0x65, 0x6c, 0x6c,
	0x73, 0x41, 0x6c, 0x69, 0x61, 0x73, 0x65, 0x73, 0x12, 0x2c, 0x2e, 0x76, 0x69, 0x74, 0x65, 0x73,
	0x73, 0x2e, 0x76, 0x74, 0x63, 0x74, 0x6c, 0x64, 0x61, 0x74, 0x61, 0x2e, 0x76, 0x32, 0x34, 0x2e,
	0x47, 0x65, 0x74, 0x43, 0x65, 0x6c, 0x6c, 0x73, 0x41, 0x6c, 0x69, 0x61, 0x73, 0x65, 0x73, 0x52,
	0x65, 0x71, 0x75, 0x65, 0x73, 0x74, 0x1a, 0x2d, 0x2e, 0x76, 0x69, 0x74, 0x65, 0x73, 0x73, 0x2e,
	0x76, 0x74, 0x63, 0x74, 0x6c, 0x64, 0x61, 0x74, 0x61, 0x2e, 0x76, 0x32, 0x34, 0x2e, 0x47, 0x65,
	0x74, 0x43, 0x65, 0x6c, 0x6c, 0x73, 0x41, 0x6c, 0x69, 0x61, 0x73, 0x65, 0x73, 0x52, 0x65, 0x73,
	0x70, 0x6f, 0x6e, 0x73, 0x65, 0x22, 0x00, 0x12, 0x6a, 0x0a, 0x0d, 0x47, 0x65, 0x74, 0x46, 0x75,
	0x6c, 0x6c, 0x53, 0x74, 0x61, 0x74, 0x75, 0x73, 0x12, 0x2a, 0x2e, 0x76, 0x69, 0x74, 0x65, 0x73,
	0x73, 0x2e, 0x76, 0x74, 0x63, 0x74, 0x6c, 0x64, 0x61, 0x74, 0x61, 0x2e, 0x76, 0x32, 0x34, 0x2e,
	0x47, 0x65, 0x74, 0x46, 0x75, 0x6c, 0x6c, 0x53, 0x74, 0x61, 0x74, 0x75, 0x73, 0x52, 0x65, 0x71,
	0x75, 0x65, 0x73, 0x74, 0x1a, 0x2b, 0x2e, 0x76, 0x69, 0x74, 0x65, 0x73, 0x73, 0x2e, 0x76, 0x74,
	0x63, 0x74, 0x6c, 0x64, 0x61, 0x74, 0x61, 0x2e, 0x76, 0x32, 0x34, 0x2e, 0x47, 0x65, 0x74, 0x46,
	0x75, 0x6c, 0x6c, 0x53, 0x74, 0x61, 0x74, 0x75, 0x73, 0x52, 0x65, 0x73, 0x70, 0x6f, 0x6e, 0x73,
	0x65, 0x22, 0x00, 0x12, 0x64, 0x0a, 0x0b, 0x47, 0x65, 0x74, 0x4b, 0x65, 0x79, 0x73, 0x70, 0x61,
	0x63, 0x65, 0x12, 0x28, 0x2e, 0x76, 0x69, 0x74, 0x65, 0x73, 0x73, 0x2e, 0x76, 0x74, 0x63, 0x74,
	0x6c, 0x64, 0x61, 0x74, 0x61, 0x2e, 0x76, 0x32, 0x34, 0x2e, 0x47, 0x65, 0x74, 0x4b, 0x65, 0x79,
	0x73, 0x70, 0x61, 0x63, 0x65, 0x52, 0x65, 0x71, 0x75, 0x65, 0x73, 0x74, 0x1a, 0x29, 0x2e, 0x76,
	0x69, 0x74, 0x65, 0x73, 0x73, 0x2e, 0x76, 0x74, 0x63, 0x74, 0x6c, 0x64, 0x61, 0x74, 0x61, 0x2e,
	0x76, 0x32, 0x34, 0x2e, 0x47, 0x65, 0x74, 0x4b, 0x65, 0x79, 0x73, 0x70, 0x61, 0x63, 0x65, 0x52,
	0x65, 0x73, 0x70, 0x6f, 0x6e, 0x73, 0x65, 0x22, 0x00, 0x12, 0x67, 0x0a, 0x0c, 0x47, 0x65, 0x74,
	0x4b, 0x65, 0x79, 0x73, 0x70, 0x61, 0x63, 0x65, 0x73, 0x12, 0x29, 0x2e, 0x76, 0x69, 0x74, 0x65,
	0x73, 0x73, 0x2e, 0x76, 0x74, 0x63, 0x74, 0x6c, 0x64, 0x61, 0x74, 0x61, 0x2e, 0x76, 0x32, 0x34,
	0x2e, 0x47, 0x65, 0x74, 0x4b, 0x65, 0x79, 0x73, 0x70, 0x61, 0x63, 0x65, 0x73, 0x52, 0x65, 0x71,
	0x75, 0x65, 0x73, 0x74, 0x1a, 0x2a, 0x2e, 0x76, 0x69, 0x74, 0x65, 0x73, 0x73, 0x2e, 0x76, 0x74,
	0x63, 0x74, 0x6c, 0x64, 0x61, 0x74, 0x61, 0x2e, 0x76, 0x32, 0x34, 0x2e, 0x47, 0x65, 0x74, 0x4b,
	0x65, 0x79, 0x73, 0x70, 0x61, 0x63, 0x65, 0x73, 0x52, 0x65, 0x73, 0x70, 0x6f, 0x6e, 0x73, 0x65,
	0x22, 0x00, 0x12, 0x88, 0x01, 0x0a, 0x17, 0x47, 0x65, 0x74, 0x4b, 0x65, 0x79, 0x73, 0x70, 0x61,
	0x63, 0x65, 0x52, 0x6f, 0x75, 0x74, 0x69, 0x6e, 0x67, 0x52, 0x75, 0x6c, 0x65, 0x73, 0x12, 0x34,
	0x2e, 0x76, 0x69, 0x74, 0x65, 0x73, 0x73, 0x2e, 0x76, 0x74, 0x63, 0x74, 0x6c, 0x64, 0x61, 0x74,
	0x61, 0x2e, 0x76, 0x32, 0x34, 0x2e, 0x47, 0x65, 0x74, 0x4b, 0x65, 0x79, 0x73, 0x70, 0x61, 0x63,
	0x65, 0x52, 0x6f, 0x75, 0x74, 0x69, 0x6e, 0x67, 0x52, 0x75, 0x6c, 0x65, 0x73, 0x52, 0x65, 0x71,
	0x75, 0x65, 0x73, 0x74, 0x1a, 0x35, 0x2e, 0x76, 0x69, 0x74, 0x65, 0x73, 0x73, 0x2e, 0x76, 0x74,
	0x63, 0x74, 0x6c, 0x64, 0x61, 0x74, 0x61, 0x2e, 0x76, 0x32, 0x34, 0x2e, 0x47, 0x65, 0x74, 0x4b,
	0x65, 0x79, 0x73, 0x70, 0x61, 0x63, 0x65, 0x52, 0x6f, 0x75, 0x74, 0x69, 0x6e, 0x67, 0x52, 0x75,
	0x6c, 0x65, 0x73, 0x52, 0x65, 0x73, 0x70, 0x6f, 0x6e, 0x73, 0x65, 0x22, 0x00, 0x12, 0x6d, 0x0a,
	0x0e, 0x47, 0x65, 0x74, 0x50, 0x65, 0x72, 0x6d, 0x69, 0x73, 0x73, 0x69, 0x6f, 0x6e, 0x73, 0x12,
	0x2b, 0x2e, 0x76, 0x69, 0x74, 0x65, 0x73, 0x73, 0x2e, 0x76, 0x74, 0x63, 0x74, 0x6c, 0x64, 0x61,
	0x74, 0x61, 0x2e, 0x76, 0x32, 0x34, 0x2e, 0x47, 0x65, 0x74, 0x50, 0x65, 0x72, 0x6d, 0x69, 0x73,
	0x73, 0x69, 0x6f, 0x6e, 0x73, 0x52, 0x65, 0x71, 0x75, 0x65, 0x73, 0x74, 0x1a, 0x2c, 0x2e, 0x76,
	0x69, 0x74, 0x65, 0x73, 0x73, 0x2e, 0x76, 0x74, 0x63, 0x74, 0x6c, 0x64, 0x61, 0x74, 0x61, 0x2e,
	0x76, 0x32, 0x34, 0x2e, 0x47, 0x65, 0x74, 0x50, 0x65, 0x72, 0x6d, 0x69, 0x73, 0x73, 0x69, 0x6f,
	0x6e, 0x73, 0x52, 0x65, 0x73, 0x70, 0x6f, 0x6e, 0x73, 0x65, 0x22, 0x00, 0x12, 0x70, 0x0a, 0x0f,
	0x47, 0x65, 0x74, 0x52, 0x6f, 0x75, 0x74, 0x69, 0x6e, 0x67, 0x52, 0x75, 0x6c, 0x65, 0x73, 0x12,
	0x2c, 0x2e, 0x76, 0x69, 0x74, 0x65, 0x73, 0x73, 0x2e, 0x76, 0x74, 0x63, 0x74, 0x6c, 0x64, 0x61,
	0x74, 0x61, 0x2e, 0x76, 0x32, 0x34, 0x2e, 0x47, 0x65, 0x74, 0x52, 0x6f, 0x75, 0x74, 0x69, 0x6e,
	0x67, 0x52, 0x75, 0x6c, 0x65, 0x73, 0x52, 0x65, 0x71, 0x75, 0x65, 0x73, 0x74, 0x1a, 0x2d, 0x2e,
	0x76, 0x69, 0x74, 0x65, 0x73, 0x73, 0x2e, 0x76, 0x74, 0x63, 0x74, 0x6c, 0x64, 0x61, 0x74, 0x61,
	0x2e, 0x76, 0x32, 0x34, 0x2e, 0x47, 0x65, 0x74, 0x52, 0x6f, 0x75, 0x74, 0x69, 0x6e, 0x67, 0x52,
	0x75, 0x6c, 0x65, 0x73, 0x52, 0x65, 0x73, 0x70, 0x6f, 0x6e, 0x73, 0x65, 0x22, 0x00, 0x12, 0x5e,
	0x0a, 0x09, 0x47, 0x65, 0x74, 0x53, 0x63, 0x68, 0x65, 0x6d, 0x61, 0x12, 0x26, 0x2e, 0x76, 0x69,
	0x74, 0x65, 0x73, 0x73, 0x2e, 0x76, 0x74, 0x63, 0x74, 0x6c, 0x64, 0x61, 0x74, 0x61, 0x2e, 0x76,
	0x32, 0x34, 0x2e, 0x47, 0x65, 0x74, 0x53, 0x63, 0x68, 0x65, 0x6d, 0x61, 0x52, 0x65, 0x71, 0x75,
	0x65, 0x73, 0x74, 0x1a, 0x27, 0x2e, 0x76, 0x69, 0x74, 0x65, 0x73, 0x73, 0x2e, 0x76, 0x74, 0x63,
	0x74, 0x6c, 0x64, 0x61, 0x74, 0x61, 0x2e, 0x76, 0x32, 0x34, 0x2e, 0x47, 0x65, 0x74, 0x53, 0x63,
	0x68, 0x65, 0x6d, 0x61, 0x52, 0x65, 0x73, 0x70, 0x6f, 0x6e, 0x73, 0x65, 0x22, 0x00, 0x12, 0x7c,
	0x0a, 0x13, 0x47, 0x65, 0x74, 0x53, 0x63, 0x68, 0x65, 0x6d, 0x61, 0x4d, 0x69, 0x67, 0x72, 0x61,
	0x74, 0x69, 0x6f, 0x6e, 0x73, 0x12, 0x30, 0x2e, 0x76, 0x69, 0x74, 0x65, 0x73, 0x73, 0x2e, 0x76,
	0x74, 0x63, 0x74, 0x6c, 0x64, 0x61, 0x74, 0x61, 0x2e, 0x76, 0x32, 0x34, 0x2e, 0x47, 0x65, 0x74,
	0x53, 0x63, 0x68, 0x65, 0x6d, 0x61, 0x4d, 0x69, 0x67, 0x72, 0x61, 0x74, 0x69, 0x6f, 0x6e, 0x73,
	0x52, 0x65, 0x71, 0x75, 0x65, 0x73, 0x74, 0x1a, 0x31, 0x2e, 0x76, 0x69, 0x74, 0x65, 0x73, 0x73,
	0x2e, 0x76, 0x74, 0x63, 0x74, 0x6c, 0x64, 0x61, 0x74, 0x61, 0x2e, 0x76, 0x32, 0x34, 0x2e, 0x47,
	0x65, 0x74, 0x53, 0x63, 0x68, 0x65, 0x6d, 0x61, 0x4d, 0x69, 0x67, 0x72, 0x61, 0x74, 0x69, 0x6f,
	0x6e, 0x73, 0x52, 0x65, 0x73, 0x70, 0x6f, 0x6e, 0x73, 0x65, 0x22, 0x00, 0x12, 0x7c, 0x0a, 0x13,
	0x47, 0x65, 0x74, 0x53, 0x68, 0x61, 0x72, 0x64, 0x52, 0x65, 0x70, 0x6c, 0x69, 0x63, 0x61, 0x74,
	0x69, 0x6f, 0x6e, 0x12, 0x30, 0x2e, 0x76, 0x69, 0x74, 0x65, 0x73, 0x73, 0x2e, 0x76, 0x74, 0x63,
	0x74, 0x6c, 0x64, 0x61, 0x74, 0x61, 0x2e, 0x76, 0x32, 0x34, 0x2e, 0x47, 0x65, 0x74, 0x53, 0x68,
	0x61, 0x72, 0x64, 0x52, 0x65, 0x70, 0x6c, 0x69, 0x63, 0x61, 0x74, 0x69, 0x6f, 0x6e, 0x52, 0x65,
	0x71, 0x75, 0x65, 0x73, 0x74, 0x1a, 0x31, 0x2e, 0x76, 0x69, 0x74, 0x65, 0x73, 0x73, 0x2e, 0x76,
	0x74, 0x63, 0x74, 0x6c, 0x64, 0x61, 0x74, 0x61, 0x2e, 0x76, 0x32, 0x34, 0x2e, 0x47, 0x65, 0x74,
	0x53, 0x68, 0x61, 0x72, 0x64, 0x52, 0x65, 0x70, 0x6c, 0x69, 0x63, 0x61, 0x74, 0x69, 0x6f, 0x6e,
	0x52, 0x65, 0x73, 0x70, 0x6f, 0x6e, 0x73, 0x65, 0x22, 0x00, 0x12, 0x5b, 0x0a, 0x08, 0x47, 0x65,
	0x74, 0x53, 0x68, 0x61, 0x72, 0x64, 0x12, 0x25, 0x2e, 0x76, 0x69, 0x74, 0x65, 0x73, 0x73, 0x2e,
	0x76, 0x74, 0x63, 0x74, 0x6c, 0x64, 0x61, 0x74, 0x61, 0x2e, 0x76, 0x32, 0x34, 0x2e, 0x47, 0x65,
	0x74, 0x53, 0x68, 0x61, 0x72, 0x64, 0x52, 0x65, 0x71, 0x75, 0x65, 0x73, 0x74, 0x1a, 0x26, 0x2e,
	0x76, 0x69, 0x74, 0x65, 0x73, 0x73, 0x2e, 0x76, 0x74, 0x63, 0x74, 0x6c, 0x64, 0x61, 0x74, 0x61,
	0x2e, 0x76, 0x32, 0x34, 0x2e, 0x47, 0x65, 0x74, 0x53, 0x68, 0x61, 0x72, 0x64, 0x52, 0x65, 0x73,
	0x70, 0x6f, 0x6e, 0x73, 0x65, 0x22, 0x00, 0x12, 0x7f, 0x0a, 0x14, 0x47, 0x65, 0x74, 0x53, 0x68,
	0x61, 0x72, 0x64, 0x52, 0x6f, 0x75, 0x74, 0x69, 0x6e, 0x67, 0x52, 0x75, 0x6c, 0x65, 0x73, 0x12,
	0x31, 0x2e, 0x76, 0x69, 0x74, 0x65, 0x73, 0x73, 0x2e, 0x76, 0x74, 0x63, 0x74, 0x6c, 0x64, 0x61,
	0x74, 0x61, 0x2e, 0x76, 0x32, 0x34, 0x2e, 0x47, 0x65, 0x74, 0x53, 0x68, 0x61, 0x72, 0x64, 0x52,
	0x6f, 0x75, 0x74, 0x69, 0x6e, 0x67, 0x52, 0x75, 0x6c, 0x65, 0x73, 0x52, 0x65, 0x71, 0x75, 0x65,
	0x73, 0x74, 0x1a, 0x32, 0x2e, 0x76, 0x69, 0x74, 0x65, 0x73, 0x73, 0x2e, 0x76, 0x74, 0x63, 0x74,
	0x6c, 0x64, 0x61, 0x74, 0x61, 0x2e, 0x76, 0x32, 0x34, 0x2e, 0x47, 0x65, 0x74, 0x53, 0x68, 0x61,
	0x72, 0x64, 0x52, 0x6f, 0x75, 0x74, 0x69, 0x6e, 0x67, 0x52, 0x75, 0x6c, 0x65, 0x73, 0x52, 0x65,
	0x73, 0x70, 0x6f, 0x6e, 0x73, 0x65, 0x22, 0x00, 0x12, 0x7c, 0x0a, 0x13, 0x47, 0x65, 0x74, 0x53,
	0x72, 0x76, 0x4b, 0x65, 0x79, 0x73, 0x70, 0x61, 0x63, 0x65, 0x4e, 0x61, 0x6d, 0x65, 0x73, 0x12,
	0x30, 0x2e, 0x76, 0x69, 0x74, 0x65, 0x73, 0x73, 0x2e, 0x76, 0x74, 0x63, 0x74, 0x6c, 0x64, 0x61,
	0x74, 0x61, 0x2e, 0x76, 0x32, 0x34, 0x2e, 0x47, 0x65, 0x74, 0x53, 0x72, 0x76, 0x4b, 0x65, 0x79,
	0x73, 0x70, 0x61, 0x63, 0x65, 0x4e, 0x61, 0x6d, 0x65, 0x73, 0x52, 0x65, 0x71, 0x75, 0x65, 0x73,
	0x74, 0x1a, 0x31, 0x2e, 0x76, 0x69, 0x74, 0x65, 0x73, 0x73, 0x2e, 0x76, 0x74, 0x63, 0x74, 0x6c,
	0x64, 0x61, 0x74, 0x61, 0x2e, 0x76, 0x32, 0x34, 0x2e, 0x47, 0x65, 0x74, 0x53, 0x72, 0x76, 0x4b,
	0x65, 0x79, 0x73, 0x70, 0x61, 0x63, 0x65, 0x4e, 0x61, 0x6d, 0x65, 0x73, 0x52, 0x65, 0x73, 0x70,
	0x6f, 0x6e, 0x73, 0x65, 0x22, 0x00, 0x12, 0x70, 0x0a, 0x0f, 0x47, 0x65, 0x74, 0x53, 0x72, 0x76,
	0x4b, 0x65, 0x79, 0x73, 0x70, 0x61, 0x63, 0x65, 0x73, 0x12, 0x2c, 0x2e, 0x76, 0x69, 0x74, 0x65,
	0x73, 0x73, 0x2e, 0x76, 0x74, 0x63, 0x74, 0x6c, 0x64, 0x61, 0x74, 0x61, 0x2e, 0x76, 0x32, 0x34,
	0x2e, 0x47, 0x65, 0x74, 0x53, 0x72, 0x76, 0x4b, 0x65, 0x79, 0x73, 0x70, 0x61, 0x63, 0x65, 0x73,
	0x52, 0x65, 0x71, 0x75, 0x65, 0x73, 0x74, 0x1a, 0x2d, 0x2e, 0x76, 0x69, 0x74, 0x65, 0x73, 0x73,
	0x2e, 0x76, 0x74, 0x63, 0x74, 0x6c, 0x64, 0x61, 0x74, 0x61, 0x2e, 0x76, 0x32, 0x34, 0x2e, 0x47,
	0x65, 0x74, 0x53, 0x72, 0x76, 0x4b, 0x65, 0x79, 0x73, 0x70, 0x61, 0x63, 0x65, 0x73, 0x52, 0x65,
	0x73, 0x70, 0x6f, 0x6e, 0x73, 0x65, 0x22, 0x00, 0x12, 0x82, 0x01, 0x0a, 0x15, 0x55, 0x70, 0x64,
	0x61, 0x74, 0x65, 0x54, 0x68, 0x72, 0x6f, 0x74, 0x74, 0x6c, 0x65, 0x72, 0x43, 0x6f, 0x6e, 0x66,
	0x69, 0x67, 0x12, 0x32, 0x2e, 0x76, 0x69, 0x74, 0x65, 0x73, 0x73, 0x2e, 0x76, 0x74, 0x63, 0x74,
	0x6c, 0x64, 0x61, 0x74, 0x61, 0x2e, 0x76, 0x32, 0x34, 0x2e, 0x55, 0x70, 0x64, 0x61, 0x74, 0x65,
	0x54, 0x68, 0x72, 0x6f, 0x74, 0x74, 0x6c, 0x65, 0x72, 0x43, 0x6f, 0x6e, 0x66, 0x69, 0x67, 0x52,
	0x65, 0x71, 0x75, 0x65, 0x73, 0x74, 0x1a, 0x33, 0x2e, 0x76, 0x69, 0x74, 0x65, 0x73, 0x73, 0x2e,
	0x76, 0x74, 0x63, 0x74, 0x6c, 0x64, 0x61, 0x74, 0x61, 0x2e, 0x76, 0x32, 0x34, 0x2e, 0x55, 0x70,
	0x64, 0x61, 0x74, 0x65, 0x54, 0x68, 0x72, 0x6f, 0x74, 0x74, 0x6c, 0x65, 0x72, 0x43, 0x6f, 0x6e,
	0x66, 0x69, 0x67, 0x52, 0x65, 0x73, 0x70, 0x6f, 0x6e, 0x73, 0x65, 0x22, 0x00, 0x12, 0x6a, 0x0a,
	0x0d, 0x47, 0x65, 0x74, 0x53, 0x72, 0x76, 0x56, 0x53, 0x63, 0x68, 0x65, 0x6d, 0x61, 0x12, 0x2a,
	0x2e, 0x76, 0x69, 0x74, 0x65, 0x73, 0x73, 0x2e, 0x76, 0x74, 0x63, 0x74, 0x6c, 0x64, 0x61, 0x74,
	0x61, 0x2e, 0x76, 0x32, 0x34, 0x2e, 0x47, 0x65, 0x74, 0x53, 0x72, 0x76, 0x56, 0x53, 0x63, 0x68,
	0x65, 0x6d, 0x61, 0x52, 0x65, 0x71, 0x75, 0x65, 0x73, 0x74, 0x1a, 0x2b, 0x2e, 0x76, 0x69, 0x74,
	0x65, 0x73, 0x73, 0x2e, 0x76, 0x74, 0x63, 0x74, 0x6c, 0x64, 0x61, 0x74, 0x61, 0x2e, 0x76, 0x32,
	0x34, 0x2e, 0x47, 0x65, 0x74, 0x53, 0x72, 0x76, 0x56, 0x53, 0x63, 0x68, 0x65, 0x6d, 0x61, 0x52,
	0x65, 0x73, 0x70, 0x6f, 0x6e, 0x73, 0x65, 0x22, 0x00, 0x12, 0x6d, 0x0a, 0x0e, 0x47, 0x65, 0x74,
	0x53, 0x72, 0x76, 0x56, 0x53, 0x63, 0x68, 0x65, 0x6d, 0x61, 0x73, 0x12, 0x2b, 0x2e, 0x76, 0x69,
	0x74, 0x65, 0x73, 0x73, 0x2e, 0x76, 0x74, 0x63, 0x74, 0x6c, 0x64, 0x61, 0x74, 0x61, 0x2e, 0x76,
	0x32, 0x34, 0x2e, 0x47, 0x65, 0x74, 0x53, 0x72, 0x76, 0x56, 0x53, 0x63, 0x68, 0x65, 0x6d, 0x61,
	0x73, 0x52, 0x65, 0x71, 0x75, 0x65, 0x73, 0x74, 0x1a, 0x2c, 0x2e, 0x76, 0x69, 0x74, 0x65, 0x73,
	0x73, 0x2e, 0x76, 0x74, 0x63, 0x74, 0x6c, 0x64, 0x61, 0x74, 0x61, 0x2e, 0x76, 0x32, 0x34, 0x2e,
	0x47, 0x65, 0x74, 0x53, 0x72, 0x76, 0x56, 0x53, 0x63, 0x68, 0x65, 0x6d, 0x61, 0x73, 0x52, 0x65,
	0x73, 0x70, 0x6f, 0x6e, 0x73, 0x65, 0x22, 0x00, 0x12, 0x5e, 0x0a, 0x09, 0x47, 0x65, 0x74, 0x54,
	0x61, 0x62, 0x6c, 0x65, 0x74, 0x12, 0x26, 0x2e, 0x76, 0x69, 0x74, 0x65, 0x73, 0x73, 0x2e, 0x76,
	0x74, 0x63, 0x74, 0x6c, 0x64, 0x61, 0x74, 0x61, 0x2e, 0x76, 0x32, 0x34, 0x2e, 0x47, 0x65, 0x74,
	0x54, 0x61, 0x62, 0x6c, 0x65, 0x74, 0x52, 0x65, 0x71, 0x75, 0x65, 0x73, 0x74, 0x1a, 0x27, 0x2e,
	0x76, 0x69, 0x74, 0x65, 0x73, 0x73, 0x2e, 0x76, 0x74, 0x63, 0x74, 0x6c, 0x64, 0x61, 0x74, 0x61,
	0x2e, 0x76, 0x32, 0x34, 0x2e, 0x47, 0x65, 0x74, 0x54, 0x61, 0x62, 0x6c, 0x65, 0x74, 0x52, 0x65,
	0x73, 0x70, 0x6f, 0x6e, 0x73, 0x65, 0x22, 0x00, 0x12, 0x61, 0x0a, 0x0a, 0x47, 0x65, 0x74, 0x54,
	0x61, 0x62, 0x6c, 0x65, 0x74, 0x73, 0x12, 0x27, 0x2e, 0x76, 0x69, 0x74, 0x65, 0x73, 0x73, 0x2e,
	0x76, 0x74, 0x63, 0x74, 0x6c, 0x64, 0x61, 0x74, 0x61, 0x2e, 0x76, 0x32, 0x34, 0x2e, 0x47, 0x65,
	0x74, 0x54, 0x61, 0x62, 0x6c, 0x65, 0x74, 0x73, 0x52, 0x65, 0x71, 0x75, 0x65, 0x73, 0x74, 0x1a,
	0x28, 0x2e, 0x76, 0x69, 0x74, 0x65, 0x73, 0x73, 0x2e, 0x76, 0x74, 0x63, 0x74, 0x6c, 0x64, 0x61,
	0x74, 0x61, 0x2e, 0x76, 0x32, 0x34, 0x2e, 0x47, 0x65, 0x74, 0x54, 0x61, 0x62, 0x6c, 0x65, 0x74,
	0x73, 0x52, 0x65, 0x73, 0x70, 0x6f, 0x6e, 0x73, 0x65, 0x22, 0x00, 0x12, 0x79, 0x0a, 0x12, 0x47,
	0x65, 0x74, 0x54, 0x68, 0x72, 0x6f, 0x74, 0x74, 0x6c, 0x65, 0x72, 0x53, 0x74, 0x61, 0x74, 0x75,
	0x73, 0x12, 0x2f, 0x2e, 0x76, 0x69, 0x74, 0x65, 0x73, 0x73, 0x2e, 0x76, 0x74, 0x63, 0x74, 0x6c,
	0x64, 0x61, 0x74, 0x61, 0x2e, 0x76, 0x32, 0x34, 0x2e, 0x47, 0x65, 0x74, 0x54, 0x68, 0x72, 0x6f,
	0x74, 0x74, 0x6c, 0x65, 0x72, 0x53, 0x74, 0x61, 0x74, 0x75, 0x73, 0x52, 0x65, 0x71, 0x75, 0x65,
	0x73, 0x74, 0x1a, 0x30, 0x2e, 0x76, 0x69, 0x74, 0x65, 0x73, 0x73, 0x2e, 0x76, 0x74, 0x63, 0x74,
	0x6c, 0x64, 0x61, 0x74, 0x61, 0x2e, 0x76, 0x32, 0x34, 0x2e, 0x47, 0x65, 0x74, 0x54, 0x68, 0x72,
	0x6f, 0x74, 0x74, 0x6c, 0x65, 0x72, 0x53, 0x74, 0x61, 0x74, 0x75, 0x73, 0x52, 0x65, 0x73, 0x70,
	0x6f, 0x6e, 0x73, 0x65, 0x22, 0x00, 0x12, 0x70, 0x0a, 0x0f, 0x47, 0x65, 0x74, 0x54, 0x6f, 0x70,
	0x6f, 0x6c, 0x6f, 0x67, 0x79, 0x50, 0x61, 0x74, 0x68, 0x12, 0x2c, 0x2e, 0x76, 0x69, 0x74, 0x65,
	0x73, 0x73, 0x2e, 0x76, 0x74, 0x63, 0x74, 0x6c, 0x64, 0x61, 0x74, 0x61, 0x2e, 0x76, 0x32, 0x34,
	0x2e, 0x47, 0x65, 0x74, 0x54, 0x6f, 0x70, 0x6f, 0x6c, 0x6f, 0x67, 0x79, 0x50, 0x61, 0x74, 0x68,
	0x52, 0x65, 0x71, 0x75, 0x65, 0x73, 0x74, 0x1a, 0x2d, 0x2e, 0x76, 0x69, 0x74, 0x65, 0x73, 0x73,
	0x2e, 0x76, 0x74, 0x63, 0x74, 0x6c, 0x64, 0x61, 0x74, 0x61, 0x2e, 0x76, 0x32, 0x34, 0x2e, 0x47,
	0x65, 0x74, 0x54, 0x6f, 0x70, 0x6f, 0x6c, 0x6f, 0x67, 0x79, 0x50, 0x61, 0x74, 0x68, 0x52, 0x65,
	0x73, 0x70, 0x6f, 0x6e, 0x73, 0x65, 0x22, 0x00, 0x12, 0x79, 0x0a, 0x12, 0x47, 0x65, 0x74, 0x54,
	0x72, 0x61, 0x6e, 0x73, 0x61, 0x63, 0x74, 0x69, 0x6f, 0x6e, 0x49, 0x6e, 0x66, 0x6f, 0x12, 0x2f,
	0x2e, 0x76, 0x69, 0x74, 0x65, 0x73, 0x73, 0x2e, 0x76, 0x74, 0x63, 0x74, 0x6c, 0x64, 0x61, 0x74,
	0x61, 0x2e, 0x76, 0x32, 0x34, 0x2e, 0x47, 0x65, 0x74, 0x54, 0x72, 0x61, 0x6e, 0x73, 0x61, 0x63,
	0x74, 0x69, 0x6f, 0x6e, 0x49, 0x6e, 0x66, 0x6f, 0x52, 0x65, 0x71, 0x75, 0x65, 0x73, 0x74, 0x1a,
	0x30, 0x2e, 0x76, 0x69, 0x74, 0x65, 0x73, 0x73, 0x2e, 0x76, 0x74, 0x63, 0x74, 0x6c, 0x64, 0x61,
	0x74, 0x61, 0x2e, 0x76, 0x32, 0x34, 0x2e, 0x47, 0x65, 0x74, 0x54, 0x72, 0x61, 0x6e, 0x73, 0x61,
	0x63, 0x74, 0x69, 0x6f, 0x6e, 0x49, 0x6e, 0x66, 0x6f, 0x52, 0x65, 0x73, 0x70, 0x6f, 0x6e, 0x73,
	0x65, 0x22, 0x00, 0x12, 0x8e, 0x01, 0x0a, 0x19, 0x47, 0x65, 0x74, 0x55, 0x6e, 0x72, 0x65, 0x73,
	0x6f, 0x6c, 0x76, 0x65, 0x64, 0x54, 0x72, 0x61, 0x6e, 0x73, 0x61, 0x63, 0x74, 0x69, 0x6f, 0x6e,
	0x73, 0x12, 0x36, 0x2e, 0x76, 0x69, 0x74, 0x65, 0x73, 0x73, 0x2e, 0x76, 0x74, 0x63, 0x74, 0x6c,
	0x64, 0x61, 0x74, 0x61, 0x2e, 0x76, 0x32, 0x34, 0x2e, 0x47, 0x65, 0x74, 0x55, 0x6e, 0x72, 0x65,
	0x73, 0x6f, 0x6c, 0x76, 0x65, 0x64, 0x54, 0x72, 0x61, 0x6e, 0x73, 0x61, 0x63, 0x74, 0x69, 0x6f,
	0x6e, 0x73, 0x52, 0x65, 0x71, 0x75, 0x65, 0x73, 0x74, 0x1a, 0x37, 0x2e, 0x76, 0x69, 0x74, 0x65,
	0x73, 0x73, 0x2e, 0x76, 0x74, 0x63, 0x74, 0x6c, 0x64, 0x61, 0x74, 0x61, 0x2e, 0x76, 0x32, 0x34,
	0x2e, 0x47, 0x65, 0x74, 0x55, 0x6e, 0x72, 0x65, 0x73, 0x6f, 0x6c, 0x76, 0x65, 0x64, 0x54, 0x72,
	0x61, 0x6e, 0x73, 0x61, 0x63, 0x74, 0x69, 0x6f, 0x6e, 0x73, 0x52, 0x65, 0x73, 0x70, 0x6f, 0x6e,
	0x73, 0x65, 0x22, 0x00, 0x12, 0x61, 0x0a, 0x0a, 0x47, 0x65, 0x74, 0x56, 0x65, 0x72, 0x73, 0x69,
	0x6f, 0x6e, 0x12, 0x27, 0x2e, 0x76, 0x69, 0x74, 0x65, 0x73, 0x73, 0x2e, 0x76, 0x74, 0x63, 0x74,
	0x6c, 0x64, 0x61, 0x74, 0x61, 0x2e, 0x76, 0x32, 0x34, 0x2e, 0x47, 0x65, 0x74, 0x56, 0x65, 0x72,
	0x73, 0x69, 0x6f, 0x6e, 0x52, 0x65, 0x71, 0x75, 0x65, 0x73, 0x74, 0x1a, 0x28, 0x2e, 0x76, 0x69,
	0x74, 0x65, 0x73, 0x73, 0x2e, 0x76, 0x74, 0x63, 0x74, 0x6c, 0x64, 0x61, 0x74, 0x61, 0x2e, 0x76,
	0x32, 0x34, 0x2e, 0x47, 0x65, 0x74, 0x56, 0x65, 0x72, 0x73, 0x69, 0x6f, 0x6e, 0x52, 0x65, 0x73,
	0x70, 0x6f, 0x6e, 0x73, 0x65, 0x22, 0x00, 0x12, 0x61, 0x0a, 0x0a, 0x47, 0x65, 0x74, 0x56, 0x53,
	0x63, 0x68, 0x65, 0x6d, 0x61, 0x12, 0x27, 0x2e, 0x76, 0x69, 0x74, 0x65, 0x73, 0x73, 0x2e, 0x76,
	0x74, 0x63, 0x74, 0x6c, 0x64, 0x61, 0x74, 0x61, 0x2e, 0x76, 0x32, 0x34, 0x2e, 0x47, 0x65, 0x74,
	0x56, 0x53, 0x63, 0x68, 0x65, 0x6d, 0x61, 0x52, 0x65, 0x71, 0x75, 0x65, 0x73, 0x74, 0x1a, 0x28,
	0x2e, 0x76, 0x69, 0x74, 0x65, 0x73, 0x73, 0x2e, 0x76, 0x74, 0x63, 0x74, 0x6c, 0x64, 0x61, 0x74,
	0x61, 0x2e, 0x76, 0x32, 0x34, 0x2e, 0x47, 0x65, 0x74, 0x56, 0x53, 0x63, 0x68, 0x65, 0x6d, 0x61,
	0x52, 0x65, 0x73, 0x70, 0x6f, 0x6e, 0x73, 0x65, 0x22, 0x00, 0x12, 0x67, 0x0a, 0x0c, 0x47, 0x65,
	0x74, 0x57, 0x6f, 0x72, 0x6b, 0x66, 0x6c, 0x6f, 0x77, 0x73, 0x12, 0x29, 0x2e, 0x76, 0x69, 0x74,
	0x65, 0x73, 0x73, 0x2e, 0x76, 0x74, 0x63, 0x74, 0x6c, 0x64, 0x61, 0x74, 0x61, 0x2e, 0x76, 0x32,
	0x34, 0x2e, 0x47, 0x65, 0x74, 0x57, 0x6f, 0x72, 0x6b, 0x66, 0x6c, 0x6f, 0x77, 0x73, 0x52, 0x65,
	0x71, 0x75, 0x65, 0x73, 0x74, 0x1a, 0x2a, 0x2e, 0x76, 0x69, 0x74, 0x65, 0x73, 0x73, 0x2e, 0x76,
	0x74, 0x63, 0x74, 0x6c, 0x64, 0x61, 0x74, 0x61, 0x2e, 0x76, 0x32, 0x34, 0x2e, 0x47, 0x65, 0x74,
	0x57, 0x6f, 0x72, 0x6b, 0x66, 0x6c, 0x6f, 0x77, 0x73, 0x52, 0x65, 0x73, 0x70, 0x6f, 0x6e, 0x73,
	0x65, 0x22, 0x00, 0x12, 0x73, 0x0a, 0x10, 0x49, 0x6e, 0x69, 0x74, 0x53, 0x68, 0x61, 0x72, 0x64,
	0x50, 0x72, 0x69, 0x6d, 0x61, 0x72, 0x79, 0x12, 0x2d, 0x2e, 0x76, 0x69, 0x74, 0x65, 0x73, 0x73,
	0x2e, 0x76, 0x74, 0x63, 0x74, 0x6c, 0x64, 0x61, 0x74, 0x61, 0x2e, 0x76, 0x32, 0x34, 0x2e, 0x49,
	0x6e, 0x69, 0x74, 0x53, 0x68, 0x61, 0x72, 0x64, 0x50, 0x72, 0x69, 0x6d, 0x61, 0x72, 0x79, 0x52,
	0x65, 0x71, 0x75, 0x65, 0x73, 0x74, 0x1a, 0x2e, 0x2e, 0x76, 0x69, 0x74, 0x65, 0x73, 0x73, 0x2e,
	0x76, 0x74, 0x63, 0x74, 0x6c, 0x64, 0x61, 0x74, 0x61, 0x2e, 0x76, 0x32, 0x34, 0x2e, 0x49, 0x6e,
	0x69, 0x74, 0x53, 0x68, 0x61, 0x72, 0x64, 0x50, 0x72, 0x69, 0x6d, 0x61, 0x72, 0x79, 0x52, 0x65,
	0x73, 0x70, 0x6f, 0x6e, 0x73, 0x65, 0x22, 0x00, 0x12, 0x82, 0x01, 0x0a, 0x15, 0x4c, 0x61, 0x75,
	0x6e, 0x63, 0x68, 0x53, 0x63, 0x68, 0x65, 0x6d, 0x61, 0x4d, 0x69, 0x67, 0x72, 0x61, 0x74, 0x69,
	0x6f, 0x6e, 0x12, 0x32, 0x2e, 0x76, 0x69, 0x74, 0x65, 0x73, 0x73, 0x2e, 0x76, 0x74, 0x63, 0x74,
	0x6c, 0x64, 0x61, 0x74, 0x61, 0x2e, 0x76, 0x32, 0x34, 0x2e, 0x4c, 0x61, 0x75, 0x6e, 0x63, 0x68,
	0x53, 0x63, 0x68, 0x65, 0x6d, 0x61, 0x4d, 0x69, 0x67, 0x72, 0x61, 0x74, 0x69, 0x6f, 0x6e, 0x52,
	0x65, 0x71, 0x75, 0x65, 0x73, 0x74, 0x1a, 0x33, 0x2e, 0x76, 0x69, 0x74, 0x65, 0x73, 0x73, 0x2e,
	0x76, 0x74, 0x63, 0x74, 0x6c, 0x64, 0x61, 0x74, 0x61, 0x2e, 0x76, 0x32, 0x34, 0x2e, 0x4c, 0x61,
	0x75, 0x6e, 0x63, 0x68, 0x53, 0x63, 0x68, 0x65, 0x6d, 0x61, 0x4d, 0x69, 0x67, 0x72, 0x61, 0x74,
	0x69, 0x6f, 0x6e, 0x52, 0x65, 0x73, 0x70, 0x6f, 0x6e, 0x73, 0x65, 0x22, 0x00, 0x12, 0x7f, 0x0a,
	0x14, 0x4c, 0x6f, 0x6f, 0x6b, 0x75, 0x70, 0x56, 0x69, 0x6e, 0x64, 0x65, 0x78, 0x43, 0x6f, 0x6d,
	0x70, 0x6c, 0x65, 0x74, 0x65, 0x12, 0x31, 0x2e, 0x76, 0x69, 0x74, 0x65, 0x73, 0x73, 0x2e, 0x76,
	0x74, 0x63, 0x74, 0x6c, 0x64, 0x61, 0x74, 0x61, 0x2e, 0x76, 0x32, 0x34, 0x2e, 0x4c, 0x6f, 0x6f,
	0x6b, 0x75, 0x70, 0x56, 0x69, 0x6e, 0x64, 0x65, 0x78, 0x43, 0x6f, 0x6d, 0x70, 0x6c, 0x65, 0x74,
	0x65, 0x52, 0x65, 0x71, 0x75, 0x65, 0x73, 0x74, 0x1a, 0x32, 0x2e, 0x76, 0x69, 0x74, 0x65, 0x73,
	0x73, 0x2e, 0x76, 0x74, 0x63, 0x74, 0x6c, 0x64, 0x61, 0x74, 0x61, 0x2e, 0x76, 0x32, 0x34, 0x2e,
	0x4c, 0x6f, 0x6f, 0x6b, 0x75, 0x70, 0x56, 0x69, 0x6e, 0x64, 0x65, 0x78, 0x43, 0x6f, 0x6d, 0x70,
	0x6c, 0x65, 0x74, 0x65, 0x52, 0x65, 0x73, 0x70, 0x6f, 0x6e, 0x73, 0x65, 0x22, 0x00, 0x12, 0x79,
	0x0a, 0x12, 0x4c, 0x6f, 0x6f, 0x6b, 0x75, 0x70, 0x56, 0x69, 0x6e, 0x64, 0x65, 0x78, 0x43, 0x72,
	0x65, 0x61, 0x74, 0x65, 0x12, 0x2f, 0x2e, 0x76, 0x69, 0x74, 0x65, 0x73, 0x73, 0x2e, 0x76, 0x74,
	0x63, 0x74, 0x6c, 0x64, 0x61, 0x74, 0x61, 0x2e, 0x76, 0x32, 0x34, 0x2e, 0x4c, 0x6f, 0x6f, 0x6b,
	0x75, 0x70, 0x56, 0x69, 0x6e, 0x64, 0x65, 0x78, 0x43, 0x72, 0x65, 0x61, 0x74, 0x65, 0x52, 0x65,
	0x71, 0x75, 0x65, 0x73, 0x74, 0x1a, 0x30, 0x2e, 0x76, 0x69, 0x74, 0x65, 0x73, 0x73, 0x2e, 0x76,
	0x74, 0x63, 0x74, 0x6c, 0x64, 0x61, 0x74, 0x61, 0x2e, 0x76, 0x32, 0x34, 0x2e, 0x4c, 0x6f, 0x6f,
	0x6b, 0x75, 0x70, 0x56, 0x69, 0x6e, 0x64, 0x65, 0x78, 0x43, 0x72, 0x65, 0x61, 0x74, 0x65, 0x52,
	0x65, 0x73, 0x70, 0x6f, 0x6e, 0x73, 0x65, 0x22, 0x00, 0x12, 0x88, 0x01, 0x0a, 0x17, 0x4c, 0x6f,
	0x6f, 0x6b, 0x75, 0x70, 0x56, 0x69, 0x6e, 0x64, 0x65, 0x78, 0x45, 0x78, 0x74, 0x65, 0x72, 0x6e,
	0x61, 0x6c, 0x69, 0x7a, 0x65, 0x12, 0x34, 0x2e, 0x76, 0x69, 0x74, 0x65, 0x73, 0x73, 0x2e, 0x76,
	0x74, 0x63, 0x74, 0x6c, 0x64, 0x61, 0x74, 0x61, 0x2e, 0x76, 0x32, 0x34, 0x2e, 0x4c, 0x6f, 0x6f,
	0x6b, 0x75, 0x70, 0x56, 0x69, 0x6e, 0x64, 0x65, 0x78, 0x45, 0x78, 0x74, 0x65, 0x72, 0x6e, 0x61,
	0x6c, 0x69, 0x7a, 0x65, 0x52, 0x65, 0x71, 0x75, 0x65, 0x73, 0x74, 0x1a, 0x35, 0x2e, 0x76, 0x69,
	0x74, 0x65, 0x73, 0x73, 0x2e, 0x76, 0x74, 0x63, 0x74, 0x6c, 0x64, 0x61, 0x74, 0x61, 0x2e, 0x76,
	0x32, 0x34, 0x2e, 0x4c, 0x6f, 0x6f, 0x6b, 0x75, 0x70, 0x56, 0x69, 0x6e, 0x64, 0x65, 0x78, 0x45,
	0x78, 0x74, 0x65, 0x72, 0x6e, 0x61, 0x6c, 0x69, 0x7a, 0x65, 0x52, 0x65, 0x73, 0x70, 0x6f, 0x6e,
	0x73, 0x65, 0x22, 0x00, 0x12, 0x88, 0x01, 0x0a, 0x17, 0x4c, 0x6f, 0x6f, 0x6b, 0x75, 0x70, 0x56,
	0x69, 0x6e, 0x64, 0x65, 0x78, 0x49, 0x6e, 0x74, 0x65, 0x72, 0x6e, 0x61, 0x6c, 0x69, 0x7a, 0x65,
	0x12, 0x34, 0x2e, 0x76, 0x69, 0x74, 0x65, 0x73, 0x73, 0x2e, 0x76, 0x74, 0x63, 0x74, 0x6c, 0x64,
	0x61, 0x74, 0x61, 0x2e, 0x76, 0x32, 0x34, 0x2e, 0x4c, 0x6f, 0x6f, 0x6b, 0x75, 0x70, 0x56, 0x69,
	0x6e, 0x64, 0x65, 0x78, 0x49, 0x6e, 0x74, 0x65, 0x72, 0x6e, 0x61, 0x6c, 0x69, 0x7a, 0x65, 0x52,
	0x65, 0x71, 0x75, 0x65, 0x73, 0x74, 0x1a, 0x35, 0x2e, 0x76, 0x69, 0x74, 0x65, 0x73, 0x73, 0x2e,
	0x76, 0x74, 0x63, 0x74, 0x6c, 0x64, 0x61, 0x74, 0x61, 0x2e, 0x76, 0x32, 0x34, 0x2e, 0x4c, 0x6f,
	0x6f, 0x6b, 0x75, 0x70, 0x56, 0x69, 0x6e, 0x64, 0x65, 0x78, 0x49, 0x6e, 0x74, 0x65, 0x72, 0x6e,
	0x61, 0x6c, 0x69, 0x7a, 0x65, 0x52, 0x65, 0x73, 0x70, 0x6f, 0x6e, 0x73, 0x65, 0x22, 0x00, 0x12,
	0x76, 0x0a, 0x11, 0x4d, 0x61, 0x74, 0x65, 0x72, 0x69, 0x61, 0x6c, 0x69, 0x7a, 0x65, 0x43, 0x72,
	0x65, 0x61, 0x74, 0x65, 0x12, 0x2e, 0x2e, 0x76, 0x69, 0x74, 0x65, 0x73, 0x73, 0x2e, 0x76, 0x74,
	0x63, 0x74, 0x6c, 0x64, 0x61, 0x74, 0x61, 0x2e, 0x76, 0x32, 0x34, 0x2e, 0x4d, 0x61, 0x74, 0x65,
	0x72, 0x69, 0x61, 0x6c, 0x69, 0x7a, 0x65, 0x43, 0x72, 0x65, 0x61, 0x74, 0x65, 0x52, 0x65, 0x71,
	0x75, 0x65, 0x73, 0x74, 0x1a, 0x2f, 0x2e, 0x76, 0x69, 0x74, 0x65, 0x73, 0x73, 0x2e, 0x76, 0x74,
	0x63, 0x74, 0x6c, 0x64, 0x61, 0x74, 0x61, 0x2e, 0x76, 0x32, 0x34, 0x2e, 0x4d, 0x61, 0x74, 0x65,
	0x72, 0x69, 0x61, 0x6c, 0x69, 0x7a, 0x65, 0x43, 0x72, 0x65, 0x61, 0x74, 0x65, 0x52, 0x65, 0x73,
	0x70, 0x6f, 0x6e, 0x73, 0x65, 0x22, 0x00, 0x12, 0x76, 0x0a, 0x11, 0x57, 0x6f, 0x72, 0x6b, 0x66,
	0x6c, 0x6f, 0x77, 0x41, 0x64, 0x64, 0x54, 0x61, 0x62, 0x6c, 0x65, 0x73, 0x12, 0x2e, 0x2e, 0x76,
	0x69, 0x74, 0x65, 0x73, 0x73, 0x2e, 0x76, 0x74, 0x63, 0x74, 0x6c, 0x64, 0x61, 0x74, 0x61, 0x2e,
	0x76, 0x32, 0x34, 0x2e, 0x57, 0x6f, 0x72, 0x6b, 0x66, 0x6c, 0x6f, 0x77, 0x41, 0x64, 0x64, 0x54,
	0x61, 0x62, 0x6c, 0x65, 0x73, 0x52, 0x65, 0x71, 0x75, 0x65, 0x73, 0x74, 0x1a, 0x2f, 0x2e, 0x76,
	0x69, 0x74, 0x65, 0x73, 0x73, 0x2e, 0x76, 0x74, 0x63, 0x74, 0x6c, 0x64, 0x61, 0x74, 0x61, 0x2e,
	0x76, 0x32, 0x34, 0x2e, 0x57, 0x6f, 0x72, 0x6b, 0x66, 0x6c, 0x6f, 0x77, 0x41, 0x64, 0x64, 0x54,
	0x61, 0x62, 0x6c, 0x65, 0x73, 0x52, 0x65, 0x73, 0x70, 0x6f, 0x6e, 0x73, 0x65, 0x22, 0x00, 0x12,
	0x6b, 0x0a, 0x0d, 0x4d, 0x69, 0x67, 0x72, 0x61, 0x74, 0x65, 0x43, 0x72, 0x65, 0x61, 0x74, 0x65,
	0x12, 0x2a, 0x2e, 0x76, 0x69, 0x74, 0x65, 0x73, 0x73, 0x2e, 0x76, 0x74, 0x63, 0x74, 0x6c, 0x64,
	0x61, 0x74, 0x61, 0x2e, 0x76, 0x32, 0x34, 0x2e, 0x4d, 0x69, 0x67, 0x72, 0x61, 0x74, 0x65, 0x43,
	0x72, 0x65, 0x61, 0x74, 0x65, 0x52, 0x65, 0x71, 0x75, 0x65, 0x73, 0x74, 0x1a, 0x2c, 0x2e, 0x76,
	0x69, 0x74, 0x65, 0x73, 0x73, 0x2e, 0x76, 0x74, 0x63, 0x74, 0x6c, 0x64, 0x61, 0x74, 0x61, 0x2e,
	0x76, 0x32, 0x34, 0x2e, 0x57, 0x6f, 0x72, 0x6b, 0x66, 0x6c, 0x6f, 0x77, 0x53, 0x74, 0x61, 0x74,
	0x75, 0x73, 0x52, 0x65, 0x73, 0x70, 0x6f, 0x6e, 0x73, 0x65, 0x22, 0x00, 0x12, 0x6a, 0x0a, 0x0d,
	0x4d, 0x6f, 0x75, 0x6e, 0x74, 0x52, 0x65, 0x67, 0x69, 0x73, 0x74, 0x65, 0x72, 0x12, 0x2a, 0x2e,
	0x76, 0x69, 0x74, 0x65, 0x73, 0x73, 0x2e, 0x76, 0x74, 0x63, 0x74, 0x6c, 0x64, 0x61, 0x74, 0x61,
	0x2e, 0x76, 0x32, 0x34, 0x2e, 0x4d, 0x6f, 0x75, 0x6e, 0x74, 0x52, 0x65, 0x67, 0x69, 0x73, 0x74,
	0x65, 0x72, 0x52, 0x65, 0x71, 0x75, 0x65, 0x73, 0x74, 0x1a, 0x2b, 0x2e, 0x76, 0x69, 0x74, 0x65,
	0x73, 0x73, 0x2e, 0x76, 0x74, 0x63, 0x74, 0x6c, 0x64, 0x61, 0x74, 0x61, 0x2e, 0x76, 0x32, 0x34,
	0x2e, 0x4d, 0x6f, 0x75, 0x6e, 0x74, 0x52, 0x65, 0x67, 0x69, 0x73, 0x74, 0x65, 0x72, 0x52, 0x65,
	0x73, 0x70, 0x6f, 0x6e, 0x73, 0x65, 0x22, 0x00, 0x12, 0x70, 0x0a, 0x0f, 0x4d, 0x6f, 0x75, 0x6e,
	0x74, 0x55, 0x6e, 0x72, 0x65, 0x67, 0x69, 0x73, 0x74, 0x65, 0x72, 0x12, 0x2c, 0x2e, 0x76, 0x69,
	0x74, 0x65, 0x73, 0x73, 0x2e, 0x76, 0x74, 0x63, 0x74, 0x6c, 0x64, 0x61, 0x74, 0x61, 0x2e, 0x76,
	0x32, 0x34, 0x2e, 0x4d, 0x6f, 0x75, 0x6e, 0x74, 0x55, 0x6e, 0x72, 0x65, 0x67, 0x69, 0x73, 0x74,
	0x65, 0x72, 0x52, 0x65, 0x71, 0x75, 0x65, 0x73, 0x74, 0x1a, 0x2d, 0x2e, 0x76, 0x69, 0x74, 0x65,
	0x73, 0x73, 0x2e, 0x76, 0x74, 0x63, 0x74, 0x6c, 0x64, 0x61, 0x74, 0x61, 0x2e, 0x76, 0x32, 0x34,
	0x2e, 0x4d, 0x6f, 0x75, 0x6e, 0x74, 0x55, 0x6e, 0x72, 0x65, 0x67, 0x69, 0x73, 0x74, 0x65, 0x72,
	0x52, 0x65, 0x73, 0x70, 0x6f, 0x6e, 0x73, 0x65, 0x22, 0x00, 0x12, 0x5e, 0x0a, 0x09, 0x4d, 0x6f,
	0x75, 0x6e, 0x74, 0x53, 0x68, 0x6f, 0x77, 0x12, 0x26, 0x2e, 0x76, 0x69, 0x74, 0x65, 0x73, 0x73,
	0x2e, 0x76, 0x74, 0x63, 0x74, 0x6c, 0x64, 0x61, 0x74, 0x61, 0x2e, 0x76, 0x32, 0x34, 0x2e, 0x4d,
	0x6f, 0x75, 0x6e, 0x74, 0x53, 0x68, 0x6f, 0x77, 0x52, 0x65, 0x71, 0x75, 0x65, 0x73, 0x74, 0x1a,
	0x27, 0x2e, 0x76, 0x69, 0x74, 0x65, 0x73, 0x73, 0x2e, 0x76, 0x74, 0x63, 0x74, 0x6c, 0x64, 0x61,
	0x74, 0x61, 0x2e, 0x76, 0x32, 0x34, 0x2e, 0x4d, 0x6f, 0x75, 0x6e, 0x74, 0x53, 0x68, 0x6f, 0x77,
	0x52, 0x65, 0x73, 0x70, 0x6f, 0x6e, 0x73, 0x65, 0x22, 0x00, 0x12, 0x5e, 0x0a, 0x09, 0x4d, 0x6f,
	0x75, 0x6e, 0x74, 0x4c, 0x69, 0x73, 0x74, 0x12, 0x26, 0x2e, 0x76, 0x69, 0x74, 0x65, 0x73, 0x73,
	0x2e, 0x76, 0x74, 0x63, 0x74, 0x6c, 0x64, 0x61, 0x74, 0x61, 0x2e, 0x76, 0x32, 0x34, 0x2e, 0x4d,
	0x6f, 0x75, 0x6e, 0x74, 0x4c, 0x69, 0x73, 0x74, 0x52, 0x65, 0x71, 0x75, 0x65, 0x73, 0x74, 0x1a,
	0x27, 0x2e, 0x76, 0x69, 0x74, 0x65, 0x73, 0x73, 0x2e, 0x76, 0x74, 0x63, 0x74, 0x6c, 0x64, 0x61,
	0x74, 0x61, 0x2e, 0x76, 0x32, 0x34, 0x2e, 0x4d, 0x6f, 0x75, 0x6e, 0x74, 0x4c, 0x69, 0x73, 0x74,
	0x52, 0x65, 0x73, 0x70, 0x6f, 0x6e, 0x73, 0x65, 0x22, 0x00, 0x12, 0x71, 0x0a, 0x10, 0x4d, 0x6f,
	0x76, 0x65, 0x54, 0x61, 0x62, 0x6c, 0x65, 0x73, 0x43, 0x72, 0x65, 0x61, 0x74, 0x65, 0x12, 0x2d,
	0x2e, 0x76, 0x69, 0x74, 0x65, 0x73, 0x73, 0x2e, 0x76, 0x74, 0x63, 0x74, 0x6c, 0x64, 0x61, 0x74,
	0x61, 0x2e, 0x76, 0x32, 0x34, 0x2e, 0x4d, 0x6f, 0x76, 0x65, 0x54, 0x61, 0x62, 0x6c, 0x65, 0x73,
	0x43, 0x72, 0x65, 0x61, 0x74, 0x65, 0x52, 0x65, 0x71, 0x75, 0x65, 0x73, 0x74, 0x1a, 0x2c, 0x2e,
	0x76, 0x69, 0x74, 0x65, 0x73, 0x73, 0x2e, 0x76, 0x74, 0x63, 0x74, 0x6c, 0x64, 0x61, 0x74, 0x61,
	0x2e, 0x76, 0x32, 0x34, 0x2e, 0x57, 0x6f, 0x72, 0x6b, 0x66, 0x6c, 0x6f, 0x77, 0x53, 0x74, 0x61,
	0x74, 0x75, 0x73, 0x52, 0x65, 0x73, 0x70, 0x6f, 0x6e, 0x73, 0x65, 0x22, 0x00, 0x12, 0x79, 0x0a,
	0x12, 0x4d, 0x6f, 0x76, 0x65, 0x54, 0x61, 0x62, 0x6c, 0x65, 0x73, 0x43, 0x6f, 0x6d, 0x70, 0x6c,
	0x65, 0x74, 0x65, 0x12, 0x2f, 0x2e, 0x76, 0x69, 0x74, 0x65, 0x73, 0x73, 0x2e, 0x76, 0x74, 0x63,
	0x74, 0x6c, 0x64, 0x61, 0x74, 0x61, 0x2e, 0x76, 0x32, 0x34, 0x2e, 0x4d, 0x6f, 0x76, 0x65, 0x54,
	0x61, 0x62, 0x6c, 0x65, 0x73, 0x43, 0x6f, 0x6d, 0x70, 0x6c, 0x65, 0x74, 0x65, 0x52, 0x65, 0x71,
	0x75, 0x65, 0x73, 0x74, 0x1a, 0x30, 0x2e, 0x76, 0x69, 0x74, 0x65, 0x73, 0x73, 0x2e, 0x76, 0x74,
	0x63, 0x74, 0x6c, 0x64, 0x61, 0x74, 0x61, 0x2e, 0x76, 0x32, 0x34, 0x2e, 0x4d, 0x6f, 0x76, 0x65,
	0x54, 0x61, 0x62, 0x6c, 0x65, 0x73, 0x43, 0x6f, 0x6d, 0x70, 0x6c, 0x65, 0x74, 0x65, 0x52, 0x65,
	0x73, 0x70, 0x6f, 0x6e, 0x73, 0x65, 0x22, 0x00, 0x12, 0x61, 0x0a, 0x0a, 0x50, 0x69, 0x6e, 0x67,
	0x54, 0x61, 0x62, 0x6c, 0x65, 0x74, 0x12, 0x27, 0x2e, 0x76, 0x69, 0x74, 0x65, 0x73, 0x73, 0x2e,
	0x76, 0x74, 0x63, 0x74, 0x6c, 0x64, 0x61, 0x74, 0x61, 0x2e, 0x76, 0x32, 0x34, 0x2e, 0x50, 0x69,
	0x6e, 0x67, 0x54, 0x61, 0x62, 0x6c, 0x65, 0x74, 0x52, 0x65, 0x71, 0x75, 0x65, 0x73, 0x74, 0x1a,
	0x28, 0x2e, 0x76, 0x69, 0x74, 0x65, 0x73, 0x73, 0x2e, 0x76, 0x74, 0x63, 0x74, 0x6c, 0x64, 0x61,
	0x74, 0x61, 0x2e, 0x76, 0x32, 0x34, 0x2e, 0x50, 0x69, 0x6e, 0x67, 0x54, 0x61, 0x62, 0x6c, 0x65,
	0x74, 0x52, 0x65, 0x73, 0x70, 0x6f, 0x6e, 0x73, 0x65, 0x22, 0x00, 0x12, 0x7f, 0x0a, 0x14, 0x50,
	0x6c, 0x61, 0x6e, 0x6e, 0x65, 0x64, 0x52, 0x65, 0x70, 0x61, 0x72, 0x65, 0x6e, 0x74, 0x53, 0x68,
	0x61, 0x72, 0x64, 0x12, 0x31, 0x2e, 0x76, 0x69, 0x74, 0x65, 0x73, 0x73, 0x2e, 0x76, 0x74, 0x63,
	0x74, 0x6c, 0x64, 0x61, 0x74, 0x61, 0x2e, 0x76, 0x32, 0x34, 0x2e, 0x50, 0x6c, 0x61, 0x6e, 0x6e,
	0x65, 0x64, 0x52, 0x65, 0x70, 0x61, 0x72, 0x65, 0x6e, 0x74, 0x53, 0x68, 0x61, 0x72, 0x64, 0x52,
	0x65, 0x71, 0x75, 0x65, 0x73, 0x74, 0x1a, 0x32, 0x2e, 0x76, 0x69, 0x74, 0x65, 0x73, 0x73, 0x2e,
	0x76, 0x74, 0x63, 0x74, 0x6c, 0x64, 0x61, 0x74, 0x61, 0x2e, 0x76, 0x32, 0x34, 0x2e, 0x50, 0x6c,
	0x61, 0x6e, 0x6e, 0x65, 0x64, 0x52, 0x65, 0x70, 0x61, 0x72, 0x65, 0x6e, 0x74, 0x53, 0x68, 0x61,
	0x72, 0x64, 0x52, 0x65, 0x73, 0x70, 0x6f, 0x6e, 0x73, 0x65, 0x22, 0x00, 0x12, 0x7f, 0x0a, 0x14,
	0x52, 0x65, 0x62, 0x75, 0x69, 0x6c, 0x64, 0x4b, 0x65, 0x79, 0x73, 0x70, 0x61, 0x63, 0x65, 0x47,
	0x72, 0x61, 0x70, 0x68, 0x12, 0x31, 0x2e, 0x76, 0x69, 0x74, 0x65, 0x73, 0x73, 0x2e, 0x76, 0x74,
	0x63, 0x74, 0x6c, 0x64, 0x61, 0x74, 0x61, 0x2e, 0x76, 0x32, 0x34, 0x2e, 0x52, 0x65, 0x62, 0x75,
	0x69, 0x6c, 0x64, 0x4b, 0x65, 0x79, 0x73, 0x70, 0x61, 0x63, 0x65, 0x47, 0x72, 0x61, 0x70, 0x68,
	0x52, 0x65, 0x71, 0x75, 0x65, 0x73, 0x74, 0x1a, 0x32, 0x2e, 0x76, 0x69, 0x74, 0x65, 0x73, 0x73,
	0x2e, 0x76, 0x74, 0x63, 0x74, 0x6c, 0x64, 0x61, 0x74, 0x61, 0x2e, 0x76, 0x32, 0x34, 0x2e, 0x52,
	0x65, 0x62, 0x75, 0x69, 0x6c, 0x64, 0x4b, 0x65, 0x79, 0x73, 0x70, 0x61, 0x63, 0x65, 0x47, 0x72,
	0x61, 0x70, 0x68, 0x52, 0x65, 0x73, 0x70, 0x6f, 0x6e, 0x73, 0x65, 0x22, 0x00, 0x12, 0x7c, 0x0a,
	0x13, 0x52, 0x65, 0x62, 0x75, 0x69, 0x6c, 0x64, 0x56, 0x53, 0x63, 0x68, 0x65, 0x6d, 0x61, 0x47,
	0x72, 0x61, 0x70, 0x68, 0x12, 0x30, 0x2e, 0x76, 0x69, 0x74, 0x65, 0x73, 0x73, 0x2e, 0x76, 0x74,
	0x63, 0x74, 0x6c, 0x64, 0x61, 0x74, 0x61, 0x2e, 0x76, 0x32, 0x34, 0x2e, 0x52, 0x65, 0x62, 0x75,
	0x69, 0x6c, 0x64, 0x56, 0x53, 0x63, 0x68, 0x65, 0x6d, 0x61, 0x47, 0x72, 0x61, 0x70, 0x68, 0x52,
	0x65, 0x71, 0x75, 0x65, 0x73, 0x74, 0x1a, 0x31, 0x2e, 0x76, 0x69, 0x74, 0x65, 0x73, 0x73, 0x2e,
	0x76, 0x74, 0x63, 0x74, 0x6c, 0x64, 0x61, 0x74, 0x61, 0x2e, 0x76, 0x32, 0x34, 0x2e, 0x52, 0x65,
	0x62, 0x75, 0x69, 0x6c, 0x64, 0x56, 0x53, 0x63, 0x68, 0x65, 0x6d, 0x61, 0x47, 0x72, 0x61, 0x70,
	0x68, 0x52, 0x65, 0x73, 0x70, 0x6f, 0x6e, 0x73, 0x65, 0x22, 0x00, 0x12, 0x67, 0x0a, 0x0c, 0x52,
	0x65, 0x66, 0x72, 0x65, 0x73, 0x68, 0x53, 0x74, 0x61, 0x74, 0x65, 0x12, 0x29, 0x2e, 0x76, 0x69,
	0x74, 0x65, 0x73, 0x73, 0x2e, 0x76, 0x74, 0x63, 0x74, 0x6c, 0x64, 0x61, 0x74, 0x61, 0x2e, 0x76,
	0x32, 0x34, 0x2e, 0x52, 0x65, 0x66, 0x72, 0x65, 0x73, 0x68, 0x53, 0x74, 0x61, 0x74, 0x65, 0x52,
	0x65, 0x71, 0x75, 0x65, 0x73, 0x74, 0x1a, 0x2a, 0x2e, 0x76, 0x69, 0x74, 0x65, 0x73, 0x73, 0x2e,
	0x76, 0x74, 0x63, 0x74, 0x6c, 0x64, 0x61, 0x74, 0x61, 0x2e, 0x76, 0x32, 0x34, 0x2e, 0x52, 0x65,
	0x66, 0x72, 0x65, 0x73, 0x68, 0x53, 0x74, 0x61, 0x74, 0x65, 0x52, 0x65, 0x73, 0x70, 0x6f, 0x6e,
	0x73, 0x65, 0x22, 0x00, 0x12, 0x7c, 0x0a, 0x13, 0x52, 0x65, 0x66, 0x72, 0x65, 0x73, 0x68, 0x53,
	0x74, 0x61, 0x74, 0x65, 0x42, 0x79, 0x53, 0x68, 0x61, 0x72, 0x64, 0x12, 0x30, 0x2e, 0x76, 0x69,
	0x74, 0x65, 0x73, 0x73, 0x2e, 0x76, 0x74, 0x63, 0x74, 0x6c, 0x64, 0x61, 0x74, 0x61, 0x2e, 0x76,
	0x32, 0x34, 0x2e, 0x52, 0x65, 0x66, 0x72, 0x65, 0x73, 0x68, 0x53, 0x74, 0x61, 0x74, 0x65, 0x42,
	0x79, 0x53, 0x68, 0x61, 0x72, 0x64, 0x52, 0x65, 0x71, 0x75, 0x65, 0x73, 0x74, 0x1a, 0x31, 0x2e,
	0x76, 0x69, 0x74, 0x65, 0x73, 0x73, 0x2e, 0x76, 0x74, 0x63, 0x74, 0x6c, 0x64, 0x61, 0x74, 0x61,
	0x2e, 0x76, 0x32, 0x34, 0x2e, 0x52, 0x65, 0x66, 0x72, 0x65, 0x73, 0x68, 0x53, 0x74, 0x61, 0x74,
	0x65, 0x42, 0x79, 0x53, 0x68, 0x61, 0x72, 0x64, 0x52, 0x65, 0x73, 0x70, 0x6f, 0x6e, 0x73, 0x65,
	0x22, 0x00, 0x12, 0x67, 0x0a, 0x0c, 0x52, 0x65, 0x6c, 0x6f, 0x61, 0x64, 0x53, 0x63, 0x68, 0x65,
	0x6d, 0x61, 0x12, 0x29, 0x2e, 0x76, 0x69, 0x74, 0x65, 0x73, 0x73, 0x2e, 0x76, 0x74, 0x63, 0x74,
	0x6c, 0x64, 0x61, 0x74, 0x61, 0x2e, 0x76, 0x32, 0x34, 0x2e, 0x52, 0x65, 0x6c, 0x6f, 0x61, 0x64,
	0x53, 0x63, 0x68, 0x65, 0x6d, 0x61, 0x52, 0x65, 0x71, 0x75, 0x65, 0x73, 0x74, 0x1a, 0x2a, 0x2e,
	0x76, 0x69, 0x74, 0x65, 0x73, 0x73, 0x2e, 0x76, 0x74, 0x63, 0x74, 0x6c, 0x64, 0x61, 0x74, 0x61,
	0x2e, 0x76, 0x32, 0x34, 0x2e, 0x52, 0x65, 0x6c, 0x6f, 0x61, 0x64, 0x53, 0x63, 0x68, 0x65, 0x6d,
	0x61, 0x52, 0x65, 0x73, 0x70, 0x6f, 0x6e, 0x73, 0x65, 0x22, 0x00, 0x12, 0x7f, 0x0a, 0x14, 0x52,
	0x65, 0x6c, 0x6f, 0x61, 0x64, 0x53, 0x63, 0x68, 0x65, 0x6d, 0x61, 0x4b, 0x65, 0x79, 0x73, 0x70,
	0x61, 0x63, 0x65, 0x12, 0x31, 0x2e, 0x76, 0x69, 0x74, 0x65, 0x73, 0x73, 0x2e, 0x76, 0x74, 0x63,
	0x74, 0x6c, 0x64, 0x61, 0x74, 0x61, 0x2e, 0x76, 0x32, 0x34, 0x2e, 0x52, 0x65, 0x6c, 0x6f, 0x61,
	0x64, 0x53, 0x63, 0x68, 0x65, 0x6d, 0x61, 0x4b, 0x65, 0x79, 0x73, 0x70, 0x61, 0x63, 0x65, 0x52,
	0x65, 0x71, 0x75, 0x65, 0x73, 0x74, 0x1a, 0x32, 0x2e, 0x76, 0x69, 0x74, 0x65, 0x73, 0x73, 0x2e,
	0x76, 0x74, 0x63, 0x74, 0x6c, 0x64, 0x61, 0x74, 0x61, 0x2e, 0x76, 0x32, 0x34, 0x2e, 0x52, 0x65,
	0x6c, 0x6f, 0x61, 0x64, 0x53, 0x63, 0x68, 0x65, 0x6d, 0x61, 0x4b, 0x65, 0x79, 0x73, 0x70, 0x61,
	0x63, 0x65, 0x52, 0x65, 0x73, 0x70, 0x6f, 0x6e, 0x73, 0x65, 0x22, 0x00, 0x12, 0x76, 0x0a, 0x11,
	0x52, 0x65, 0x6c, 0x6f, 0x61, 0x64, 0x53, 0x63, 0x68, 0x65, 0x6d, 0x61, 0x53, 0x68, 0x61, 0x72,
	0x64, 0x12, 0x2e, 0x2e, 0x76, 0x69, 0x74, 0x65, 0x73, 0x73, 0x2e, 0x76, 0x74, 0x63, 0x74, 0x6c,
	0x64, 0x61, 0x74, 0x61, 0x2e, 0x76, 0x32, 0x34, 0x2e, 0x52, 0x65, 0x6c, 0x6f, 0x61, 0x64, 0x53,
	0x63, 0x68, 0x65, 0x6d, 0x61, 0x53, 0x68, 0x61, 0x72, 0x64, 0x52, 0x65, 0x71, 0x75, 0x65, 0x73,
	0x74, 0x1a, 0x2f, 0x2e, 0x76, 0x69, 0x74, 0x65, 0x73, 0x73, 0x2e, 0x76, 0x74, 0x63, 0x74, 0x6c,
	0x64, 0x61, 0x74, 0x61, 0x2e, 0x76, 0x32, 0x34, 0x2e, 0x52, 0x65, 0x6c, 0x6f, 0x61, 0x64, 0x53,
	0x63, 0x68, 0x65, 0x6d, 0x61, 0x53, 0x68, 0x61, 0x72, 0x64, 0x52, 0x65, 0x73, 0x70, 0x6f, 0x6e,
	0x73, 0x65, 0x22, 0x00, 0x12, 0x67, 0x0a, 0x0c, 0x52, 0x65, 0x6d, 0x6f, 0x76, 0x65, 0x42, 0x61,
	0x63, 0x6b, 0x75, 0x70, 0x12, 0x29, 0x2e, 0x76, 0x69, 0x74, 0x65, 0x73, 0x73, 0x2e, 0x76, 0x74,
	0x63, 0x74, 0x6c, 0x64, 0x61, 0x74, 0x61, 0x2e, 0x76, 0x32, 0x34, 0x2e, 0x52, 0x65, 0x6d, 0x6f,
	0x76, 0x65, 0x42, 0x61, 0x63, 0x6b, 0x75, 0x70, 0x52, 0x65, 0x71, 0x75, 0x65, 0x73, 0x74, 0x1a,
	0x2a, 0x2e, 0x76, 0x69, 0x74, 0x65, 0x73, 0x73, 0x2e, 0x76, 0x74, 0x63, 0x74, 0x6c, 0x64, 0x61,
	0x74, 0x61, 0x2e, 0x76, 0x32, 0x34, 0x2e, 0x52, 0x65, 0x6d, 0x6f, 0x76, 0x65, 0x42, 0x61, 0x63,
	0x6b, 0x75, 0x70, 0x52, 0x65, 0x73, 0x70, 0x6f, 0x6e, 0x73, 0x65, 0x22, 0x00, 0x12, 0x79, 0x0a,
	0x12, 0x52, 0x65, 0x6d, 0x6f, 0x76, 0x65, 0x4b, 0x65, 0x79, 0x73, 0x70, 0x61, 0x63, 0x65, 0x43,
	0x65, 0x6c, 0x6c, 0x12, 0x2f, 0x2e, 0x76, 0x69, 0x74, 0x65, 0x73, 0x73, 0x2e, 0x76, 0x74, 0x63,
	0x74, 0x6c, 0x64, 0x61, 0x74, 0x61, 0x2e, 0x76, 0x32, 0x34, 0x2e, 0x52, 0x65, 0x6d, 0x6f, 0x76,
	0x65, 0x4b, 0x65, 0x79, 0x73, 0x70, 0x61, 0x63, 0x65, 0x43, 0x65, 0x6c, 0x6c, 0x52, 0x65, 0x71,
	0x75, 0x65, 0x73, 0x74, 0x1a, 0x30, 0x2e, 0x76, 0x69, 0x74, 0x65, 0x73, 0x73, 0x2e, 0x76, 0x74,
	0x63, 0x74, 0x6c, 0x64, 0x61, 0x74, 0x61, 0x2e, 0x76, 0x32, 0x34, 0x2e, 0x52, 0x65, 0x6d, 0x6f,
	0x76, 0x65, 0x4b, 0x65, 0x79, 0x73, 0x70, 0x61, 0x63, 0x65, 0x43, 0x65, 0x6c, 0x6c, 0x52, 0x65,
	0x73, 0x70, 0x6f, 0x6e, 0x73, 0x65, 0x22, 0x00, 0x12, 0x70, 0x0a, 0x0f, 0x52, 0x65, 0x6d, 0x6f,
	0x76, 0x65, 0x53, 0x68, 0x61, 0x72, 0x64, 0x43, 0x65, 0x6c, 0x6c, 0x12, 0x2c, 0x2e, 0x76, 0x69,
	0x74, 0x65, 0x73, 0x73, 0x2e, 0x76, 0x74, 0x63, 0x74, 0x6c, 0x64, 0x61, 0x74, 0x61, 0x2e, 0x76,
	0x32, 0x34, 0x2e, 0x52, 0x65, 0x6d, 0x6f, 0x76, 0x65, 0x53, 0x68, 0x61, 0x72, 0x64, 0x43, 0x65,
	0x6c, 0x6c, 0x52, 0x65, 0x71, 0x75, 0x65, 0x73, 0x74, 0x1a, 0x2d, 0x2e, 0x76, 0x69, 0x74, 0x65,
	0x73, 0x73, 0x2e, 0x76, 0x74, 0x63, 0x74, 0x6c, 0x64, 0x61, 0x74, 0x61, 0x2e, 0x76, 0x32, 0x34,
	0x2e, 0x52, 0x65, 0x6d, 0x6f, 0x76, 0x65, 0x53, 0x68, 0x61, 0x72, 0x64, 0x43, 0x65, 0x6c, 0x6c,
	0x52, 0x65, 0x73, 0x70, 0x6f, 0x6e, 0x73, 0x65, 0x22, 0x00, 0x12, 0x6d, 0x0a, 0x0e, 0x52, 0x65,
	0x70, 0x61, 0x72, 0x65, 0x6e, 0x74, 0x54, 0x61, 0x62, 0x6c, 0x65, 0x74, 0x12, 0x2b, 0x2e, 0x76,
	0x69, 0x74, 0x65, 0x73, 0x73, 0x2e, 0x76, 0x74, 0x63, 0x74, 0x6c, 0x64, 0x61, 0x74, 0x61, 0x2e,
	0x76, 0x32, 0x34, 0x2e, 0x52, 0x65, 0x70, 0x61, 0x72, 0x65, 0x6e, 0x74, 0x54, 0x61, 0x62, 0x6c,
	0x65, 0x74, 0x52, 0x65, 0x71, 0x75, 0x65, 0x73, 0x74, 0x1a, 0x2c, 0x2e, 0x76, 0x69, 0x74, 0x65,
	0x73, 0x73, 0x2e, 0x76, 0x74, 0x63, 0x74, 0x6c, 0x64, 0x61, 0x74, 0x61, 0x2e, 0x76, 0x32, 0x34,
	0x2e, 0x52, 0x65, 0x70, 0x61, 0x72, 0x65, 0x6e, 0x74, 0x54, 0x61, 0x62, 0x6c, 0x65, 0x74, 0x52,
	0x65, 0x73, 0x70, 0x6f, 0x6e, 0x73, 0x65, 0x22, 0x00, 0x12, 0x6b, 0x0a, 0x0d, 0x52, 0x65, 0x73,
	0x68, 0x61, 0x72, 0x64, 0x43, 0x72, 0x65, 0x61, 0x74, 0x65, 0x12, 0x2a, 0x2e, 0x76, 0x69, 0x74,
	0x65, 0x73, 0x73, 0x2e, 0x76, 0x74, 0x63, 0x74, 0x6c, 0x64, 0x61, 0x74, 0x61, 0x2e, 0x76, 0x32,
	0x34, 0x2e, 0x52, 0x65, 0x73, 0x68, 0x61, 0x72, 0x64, 0x43, 0x72, 0x65, 0x61, 0x74, 0x65, 0x52,
	0x65, 0x71, 0x75, 0x65, 0x73, 0x74, 0x1a, 0x2c, 0x2e, 0x76, 0x69, 0x74, 0x65, 0x73, 0x73, 0x2e,
	0x76, 0x74, 0x63, 0x74, 0x6c, 0x64, 0x61, 0x74, 0x61, 0x2e, 0x76, 0x32, 0x34, 0x2e, 0x57, 0x6f,
	0x72, 0x6b, 0x66, 0x6c, 0x6f, 0x77, 0x53, 0x74, 0x61, 0x74, 0x75, 0x73, 0x52, 0x65, 0x73, 0x70,
	0x6f, 0x6e, 0x73, 0x65, 0x22, 0x00, 0x12, 0x78, 0x0a, 0x11, 0x52, 0x65, 0x73, 0x74, 0x6f, 0x72,
	0x65, 0x46, 0x72, 0x6f, 0x6d, 0x42, 0x61, 0x63, 0x6b, 0x75, 0x70, 0x12, 0x2e, 0x2e, 0x76, 0x69,
	0x74, 0x65, 0x73, 0x73, 0x2e, 0x76, 0x74, 0x63, 0x74, 0x6c, 0x64, 0x61, 0x74, 0x61, 0x2e, 0x76,
	0x32, 0x34, 0x2e, 0x52, 0x65, 0x73, 0x74, 0x6f, 0x72, 0x65, 0x46, 0x72, 0x6f, 0x6d, 0x42, 0x61,
	0x63, 0x6b, 0x75, 0x70, 0x52, 0x65, 0x71, 0x75, 0x65, 0x73, 0x74, 0x1a, 0x2f, 0x2e, 0x76, 0x69,
	0x74, 0x65, 0x73, 0x73, 0x2e, 0x76, 0x74, 0x63, 0x74, 0x6c, 0x64, 0x61, 0x74, 0x61, 0x2e, 0x76,
	0x32, 0x34, 0x2e, 0x52, 0x65, 0x73, 0x74, 0x6f, 0x72, 0x65, 0x46, 0x72, 0x6f, 0x6d, 0x42, 0x61,
	0x63, 0x6b, 0x75, 0x70, 0x52, 0x65, 0x73, 0x70, 0x6f, 0x6e, 0x73, 0x65, 0x22, 0x00, 0x30, 0x01,
	0x12, 0x7f, 0x0a, 0x14, 0x52, 0x65, 0x74, 0x72, 0x79, 0x53, 0x63, 0x68, 0x65, 0x6d, 0x61, 0x4d,
	0x69, 0x67, 0x72, 0x61, 0x74, 0x69, 0x6f, 0x6e, 0x12, 0x31, 0x2e, 0x76, 0x69, 0x74, 0x65, 0x73,
	0x73, 0x2e, 0x76, 0x74, 0x63, 0x74, 0x6c, 0x64, 0x61, 0x74, 0x61, 0x2e, 0x76, 0x32, 0x34, 0x2e,
	0x52, 0x65, 0x74, 0x72, 0x79, 0x53, 0x63, 0x68, 0x65, 0x6d, 0x61, 0x4d, 0x69, 0x67, 0x72, 0x61,
	0x74, 0x69, 0x6f, 0x6e, 0x52, 0x65, 0x71, 0x75, 0x65, 0x73, 0x74, 0x1a, 0x32, 0x2e, 0x76, 0x69,
	0x74, 0x65, 0x73, 0x73, 0x2e, 0x76, 0x74, 0x63, 0x74, 0x6c, 0x64, 0x61, 0x74, 0x61, 0x2e, 0x76,
	0x32, 0x34, 0x2e, 0x52, 0x65, 0x74, 0x72, 0x79, 0x53, 0x63, 0x68, 0x65, 0x6d, 0x61, 0x4d, 0x69,
	0x67, 0x72, 0x61, 0x74, 0x69, 0x6f, 0x6e, 0x52, 0x65, 0x73, 0x70, 0x6f, 0x6e, 0x73, 0x65, 0x22,
	0x00, 0x12, 0x6d, 0x0a, 0x0e, 0x52, 0x75, 0x6e, 0x48, 0x65, 0x61, 0x6c, 0x74, 0x68, 0x43, 0x68,
	0x65, 0x63, 0x6b, 0x12, 0x2b, 0x2e, 0x76, 0x69, 0x74, 0x65, 0x73, 0x73, 0x2e, 0x76, 0x74, 0x63,
	0x74, 0x6c, 0x64, 0x61, 0x74, 0x61, 0x2e, 0x76, 0x32, 0x34, 0x2e, 0x52, 0x75, 0x6e, 0x48, 0x65,
	0x61, 0x6c, 0x74, 0x68, 0x43, 0x68, 0x65, 0x63, 0x6b, 0x52, 0x65, 0x71, 0x75, 0x65, 0x73, 0x74,
	0x1a, 0x2c, 0x2e, 0x76, 0x69, 0x74, 0x65, 0x73, 0x73, 0x2e, 0x76, 0x74, 0x63, 0x74, 0x6c, 0x64,
	0x61, 0x74, 0x61, 0x2e, 0x76, 0x32, 0x34, 0x2e, 0x52, 0x75, 0x6e, 0x48, 0x65, 0x61, 0x6c, 0x74,
	0x68, 0x43, 0x68, 0x65, 0x63, 0x6b, 0x52, 0x65, 0x73, 0x70, 0x6f, 0x6e, 0x73, 0x65, 0x22, 0x00,
	0x12, 0x94, 0x01, 0x0a, 0x1b, 0x53, 0x65, 0x74, 0x4b, 0x65, 0x79, 0x73, 0x70, 0x61, 0x63, 0x65,
	0x44, 0x75, 0x72, 0x61, 0x62, 0x69, 0x6c, 0x69, 0x74, 0x79, 0x50, 0x6f, 0x6c, 0x69, 0x63, 0x79,
	0x12, 0x38, 0x2e, 0x76, 0x69, 0x74, 0x65, 0x73, 0x73, 0x2e, 0x76, 0x74, 0x63, 0x74, 0x6c, 0x64,
	0x61, 0x74, 0x61, 0x2e, 0x76, 0x32, 0x34, 0x2e, 0x53, 0x65, 0x74, 0x4b, 0x65, 0x79, 0x73, 0x70,
	0x61, 0x63, 0x65, 0x44, 0x75, 0x72, 0x61, 0x62, 0x69, 0x6c, 0x69, 0x74, 0x79, 0x50, 0x6f, 0x6c,
	0x69, 0x63, 0x79, 0x52, 0x65, 0x71, 0x75, 0x65, 0x73, 0x74, 0x1a, 0x39, 0x2e, 0x76, 0x69, 0x74,
	0x65, 0x73, 0x73, 0x2e, 0x76, 0x74, 0x63, 0x74, 0x6c, 0x64, 0x61, 0x74, 0x61, 0x2e, 0x76, 0x32,
	0x34, 0x2e, 0x53, 0x65, 0x74, 0x4b, 0x65, 0x79, 0x73, 0x70, 0x61, 0x63, 0x65, 0x44, 0x75, 0x72,
	0x61, 0x62, 0x69, 0x6c, 0x69, 0x74, 0x79, 0x50, 0x6f, 0x6c, 0x69, 0x63, 0x79, 0x52, 0x65, 0x73,
	0x70, 0x6f, 0x6e, 0x73, 0x65, 0x22, 0x00, 0x12, 0x8b, 0x01, 0x0a, 0x18, 0x53, 0x65, 0x74, 0x53,
	0x68, 0x61, 0x72, 0x64, 0x49, 0x73, 0x50, 0x72, 0x69, 0x6d, 0x61, 0x72, 0x79, 0x53, 0x65, 0x72,
	0x76, 0x69, 0x6e, 0x67, 0x12, 0x35, 0x2e, 0x76, 0x69, 0x74, 0x65, 0x73, 0x73, 0x2e, 0x76, 0x74,
	0x63, 0x74, 0x6c, 0x64, 0x61, 0x74, 0x61, 0x2e, 0x76, 0x32, 0x34, 0x2e, 0x53, 0x65, 0x74, 0x53,
	0x68, 0x61, 0x72, 0x64, 0x49, 0x73, 0x50, 0x72, 0x69, 0x6d, 0x61, 0x72, 0x79, 0x53, 0x65, 0x72,
	0x76, 0x69, 0x6e, 0x67, 0x52, 0x65, 0x71, 0x75, 0x65, 0x73, 0x74, 0x1a, 0x36, 0x2e, 0x76, 0x69,
	0x74, 0x65, 0x73, 0x73, 0x2e, 0x76, 0x74, 0x63, 0x74, 0x6c, 0x64, 0x61, 0x74, 0x61, 0x2e, 0x76,
	0x32, 0x34, 0x2e, 0x53, 0x65, 0x74, 0x53, 0x68, 0x61, 0x72, 0x64, 0x49, 0x73, 0x50, 0x72, 0x69,
	0x6d, 0x61, 0x72, 0x79, 0x53, 0x65, 0x72, 0x76, 0x69, 0x6e, 0x67, 0x52, 0x65, 0x73, 0x70, 0x6f,
	0x6e, 0x73, 0x65, 0x22, 0x00, 0x12, 0x82, 0x01, 0x0a, 0x15, 0x53, 0x65, 0x74, 0x53, 0x68, 0x61,
	0x72, 0x64, 0x54, 0x61, 0x62, 0x6c, 0x65, 0x74, 0x43, 0x6f, 0x6e, 0x74, 0x72, 0x6f, 0x6c, 0x12,
	0x32, 0x2e, 0x76, 0x69, 0x74, 0x65, 0x73, 0x73, 0x2e, 0x76, 0x74, 0x63, 0x74, 0x6c, 0x64, 0x61,
	0x74, 0x61, 0x2e, 0x76, 0x32, 0x34, 0x2e, 0x53, 0x65, 0x74, 0x53, 0x68, 0x61, 0x72, 0x64, 0x54,
	0x61, 0x62, 0x6c, 0x65, 0x74, 0x43, 0x6f, 0x6e, 0x74, 0x72, 0x6f, 0x6c, 0x52, 0x65, 0x71, 0x75,
	0x65, 0x73, 0x74, 0x1a, 0x33, 0x2e, 0x76, 0x69, 0x74, 0x65, 0x73, 0x73, 0x2e, 0x76, 0x74, 0x63,
	0x74, 0x6c, 0x64, 0x61, 0x74, 0x61, 0x2e, 0x76, 0x32, 0x34, 0x2e, 0x53, 0x65, 0x74, 0x53, 0x68,
	0x61, 0x72, 0x64, 0x54, 0x61, 0x62, 0x6c, 0x65, 0x74, 0x43, 0x6f, 0x6e, 0x74, 0x72, 0x6f, 0x6c,
	0x52, 0x65, 0x73, 0x70, 0x6f, 0x6e, 0x73, 0x65, 0x22, 0x00, 0x12, 0x8e, 0x01, 0x0a, 0x19, 0x53,
	0x65, 0x74, 0x56, 0x74, 0x6f, 0x72, 0x63, 0x45, 0x6d, 0x65, 0x72, 0x67, 0x65, 0x6e, 0x63, 0x79,
	0x52, 0x65, 0x70, 0x61, 0x72, 0x65, 0x6e, 0x74, 0x12, 0x36, 0x2e, 0x76, 0x69, 0x74, 0x65, 0x73,
	0x73, 0x2e, 0x76, 0x74, 0x63, 0x74, 0x6c, 0x64, 0x61, 0x74, 0x61, 0x2e, 0x76, 0x32, 0x34, 0x2e,
	0x53, 0x65, 0x74, 0x56, 0x74, 0x6f, 0x72, 0x63, 0x45, 0x6d, 0x65, 0x72, 0x67, 0x65, 0x6e, 0x63,
	0x79, 0x52, 0x65, 0x70, 0x61, 0x72, 0x65, 0x6e, 0x74, 0x52, 0x65, 0x71, 0x75, 0x65, 0x73, 0x74,
	0x1a, 0x37, 0x2e, 0x76, 0x69, 0x74, 0x65, 0x73, 0x73, 0x2e, 0x76, 0x74, 0x63, 0x74, 0x6c, 0x64,
	0x61, 0x74, 0x61, 0x2e, 0x76, 0x32, 0x34, 0x2e, 0x53, 0x65, 0x74, 0x56, 0x74, 0x6f, 0x72, 0x63,
	0x45, 0x6d, 0x65, 0x72, 0x67, 0x65, 0x6e, 0x63, 0x79, 0x52, 0x65, 0x70, 0x61, 0x72, 0x65, 0x6e,
	0x74, 0x52, 0x65, 0x73, 0x70, 0x6f, 0x6e, 0x73, 0x65, 0x22, 0x00, 0x12, 0x64, 0x0a, 0x0b, 0x53,
	0x65, 0x74, 0x57, 0x72, 0x69, 0x74, 0x61, 0x62, 0x6c, 0x65, 0x12, 0x28, 0x2e, 0x76, 0x69, 0x74,
	0x65, 0x73, 0x73, 0x2e, 0x76, 0x74, 0x63, 0x74, 0x6c, 0x64, 0x61, 0x74, 0x61, 0x2e, 0x76, 0x32,
	0x34, 0x2e, 0x53, 0x65, 0x74, 0x57, 0x72, 0x69, 0x74, 0x61, 0x62, 0x6c, 0x65, 0x52, 0x65, 0x71,
	0x75, 0x65, 0x73, 0x74, 0x1a, 0x29, 0x2e, 0x76, 0x69, 0x74, 0x65, 0x73, 0x73, 0x2e, 0x76, 0x74,
	0x63, 0x74, 0x6c, 0x64, 0x61, 0x74, 0x61, 0x2e, 0x76, 0x32, 0x34, 0x2e, 0x53, 0x65, 0x74, 0x57,
	0x72, 0x69, 0x74, 0x61, 0x62, 0x6c, 0x65, 0x52, 0x65, 0x73, 0x70, 0x6f, 0x6e, 0x73, 0x65, 0x22,
	0x00, 0x12, 0x7c, 0x0a, 0x13, 0x53, 0x68, 0x61, 0x72, 0x64, 0x52, 0x65, 0x70, 0x6c, 0x69, 0x63,
	0x61, 0x74, 0x69, 0x6f, 0x6e, 0x41, 0x64, 0x64, 0x12, 0x30, 0x2e, 0x76, 0x69, 0x74, 0x65, 0x73,
	0x73, 0x2e, 0x76, 0x74, 0x63, 0x74, 0x6c, 0x64, 0x61, 0x74, 0x61, 0x2e, 0x76, 0x32, 0x34, 0x2e,
	0x53, 0x68, 0x61, 0x72, 0x64, 0x52, 0x65, 0x70, 0x6c, 0x69, 0x63, 0x61, 0x74, 0x69, 0x6f, 0x6e,
	0x41, 0x64, 0x64, 0x52, 0x65, 0x71, 0x75, 0x65, 0x73, 0x74, 0x1a, 0x31, 0x2e, 0x76, 0x69, 0x74,
	0x65, 0x73, 0x73, 0x2e, 0x76, 0x74, 0x63, 0x74, 0x6c, 0x64, 0x61, 0x74, 0x61, 0x2e, 0x76, 0x32,
	0x34, 0x2e, 0x53, 0x68, 0x61, 0x72, 0x64, 0x52, 0x65, 0x70, 0x6c, 0x69, 0x63, 0x61, 0x74, 0x69,
	0x6f, 0x6e, 0x41, 0x64, 0x64, 0x52, 0x65, 0x73, 0x70, 0x6f, 0x6e, 0x73, 0x65, 0x22, 0x00, 0x12,
	0x7c, 0x0a, 0x13, 0x53, 0x68, 0x61, 0x72, 0x64, 0x52, 0x65, 0x70, 0x6c, 0x69, 0x63, 0x61, 0x74,
	0x69, 0x6f, 0x6e, 0x46, 0x69, 0x78, 0x12, 0x30, 0x2e, 0x76, 0x69, 0x74, 0x65, 0x73, 0x73, 0x2e,
	0x76, 0x74, 0x63, 0x74, 0x6c, 0x64, 0x61, 0x74, 0x61, 0x2e, 0x76, 0x32, 0x34, 0x2e, 0x53, 0x68,
	0x61, 0x72, 0x64, 0x52, 0x65, 0x70, 0x6c, 0x69, 0x63, 0x61, 0x74, 0x69, 0x6f, 0x6e, 0x46, 0x69,
	0x78, 0x52, 0x65, 0x71, 0x75, 0x65, 0x73, 0x74, 0x1a, 0x31, 0x2e, 0x76, 0x69, 0x74, 0x65, 0x73,
	0x73, 0x2e, 0x76, 0x74, 0x63, 0x74, 0x6c, 0x64, 0x61, 0x74, 0x61, 0x2e, 0x76, 0x32, 0x34, 0x2e,
	0x53, 0x68, 0x61, 0x72, 0x64, 0x52, 0x65, 0x70, 0x6c, 0x69, 0x63, 0x61, 0x74, 0x69, 0x6f, 0x6e,
	0x46, 0x69, 0x78, 0x52, 0x65, 0x73, 0x70, 0x6f, 0x6e, 0x73, 0x65, 0x22, 0x00, 0x12, 0x8e, 0x01,
	0x0a, 0x19, 0x53, 0x68, 0x61, 0x72, 0x64, 0x52, 0x65, 0x70, 0x6c, 0x69, 0x63, 0x61, 0x74, 0x69,
	0x6f, 0x6e, 0x50, 0x6f, 0x73, 0x69, 0x74, 0x69, 0x6f, 0x6e, 0x73, 0x12, 0x36, 0x2e, 0x76, 0x69,
	0x74, 0x65, 0x73, 0x73, 0x2e, 0x76, 0x74, 0x63, 0x74, 0x6c, 0x64, 0x61, 0x74, 0x61, 0x2e, 0x76,
	0x32, 0x34, 0x2e, 0x53, 0x68, 0x61, 0x72, 0x64, 0x52, 0x65, 0x70, 0x6c, 0x69, 0x63, 0x61, 0x74,
	0x69, 0x6f, 0x6e, 0x50, 0x6f, 0x73, 0x69, 0x74, 0x69, 0x6f, 0x6e, 0x73, 0x52, 0x65, 0x71, 0x75,
	0x65, 0x73, 0x74, 0x1a, 0x37, 0x2e, 0x76, 0x69, 0x74, 0x65, 0x73, 0x73, 0x2e, 0x76, 0x74, 0x63,
	0x74, 0x6c, 0x64, 0x61, 0x74, 0x61, 0x2e, 0x76, 0x32, 0x34, 0x2e, 0x53, 0x68, 0x61, 0x72, 0x64,
	0x52, 0x65, 0x70, 0x6c, 0x69, 0x63, 0x61, 0x74, 0x69, 0x6f, 0x6e, 0x50, 0x6f, 0x73, 0x69, 0x74,
	0x69, 0x6f, 0x6e, 0x73, 0x52, 0x65, 0x73, 0x70, 0x6f, 0x6e, 0x73, 0x65, 0x22, 0x00, 0x12, 0x85,
	0x01, 0x0a, 0x16, 0x53, 0x68, 0x61, 0x72, 0x64, 0x52, 0x65, 0x70, 0x6c, 0x69, 0x63, 0x61, 0x74,
	0x69, 0x6f, 0x6e, 0x52, 0x65, 0x6d, 0x6f, 0x76, 0x65, 0x12, 0x33, 0x2e, 0x76, 0x69, 0x74, 0x65,
	0x73, 0x73, 0x2e, 0x76, 0x74, 0x63, 0x74, 0x6c, 0x64, 0x61, 0x74, 0x61, 0x2e, 0x76, 0x32, 0x34,
	0x2e, 0x53, 0x68, 0x61, 0x72, 0x64, 0x52, 0x65, 0x70, 0x6c, 0x69, 0x63, 0x61, 0x74, 0x69, 0x6f,
	0x6e, 0x52, 0x65, 0x6d, 0x6f, 0x76, 0x65, 0x52, 0x65, 0x71, 0x75, 0x65, 0x73, 0x74, 0x1a, 0x34,
	0x2e, 0x76, 0x69, 0x74, 0x65, 0x73, 0x73, 0x2e, 0x76, 0x74, 0x63, 0x74, 0x6c, 0x64, 0x61, 0x74,
	0x61, 0x2e, 0x76, 0x32, 0x34, 0x2e, 0x53, 0x68, 0x61, 0x72, 0x64, 0x52, 0x65, 0x70, 0x6c, 0x69,
	0x63, 0x61, 0x74, 0x69, 0x6f, 0x6e, 0x52, 0x65, 0x6d, 0x6f, 0x76, 0x65, 0x52, 0x65, 0x73, 0x70,
	0x6f, 0x6e, 0x73, 0x65, 0x22, 0x00, 0x12, 0x64, 0x0a, 0x0b, 0x53, 0x6c, 0x65, 0x65, 0x70, 0x54,
	0x61, 0x62, 0x6c, 0x65, 0x74, 0x12, 0x28, 0x2e, 0x76, 0x69, 0x74, 0x65, 0x73, 0x73, 0x2e, 0x76,
	0x74, 0x63, 0x74, 0x6c, 0x64, 0x61, 0x74, 0x61, 0x2e, 0x76, 0x32, 0x34, 0x2e, 0x53, 0x6c, 0x65,
	0x65, 0x70, 0x54, 0x61, 0x62, 0x6c, 0x65, 0x74, 0x52, 0x65, 0x71, 0x75, 0x65, 0x73, 0x74, 0x1a,
	0x29, 0x2e, 0x76, 0x69, 0x74, 0x65, 0x73, 0x73, 0x2e, 0x76, 0x74, 0x63, 0x74, 0x6c, 0x64, 0x61,
	0x74, 0x61, 0x2e, 0x76, 0x32, 0x34, 0x2e, 0x53, 0x6c, 0x65, 0x65, 0x70, 0x54, 0x61, 0x62, 0x6c,
	0x65, 0x74, 0x52, 0x65, 0x73, 0x70, 0x6f, 0x6e, 0x73, 0x65, 0x22, 0x00, 0x12, 0x6d, 0x0a, 0x0e,
	0x53, 0x6f, 0x75, 0x72, 0x63, 0x65, 0x53, 0x68, 0x61, 0x72, 0x64, 0x41, 0x64, 0x64, 0x12, 0x2b,
	0x2e, 0x76, 0x69, 0x74, 0x65, 0x73, 0x73, 0x2e, 0x76, 0x74, 0x63, 0x74, 0x6c, 0x64, 0x61, 0x74,
	0x61, 0x2e, 0x76, 0x32, 0x34, 0x2e, 0x53, 0x6f, 0x75, 0x72, 0x63, 0x65, 0x53, 0x68, 0x61, 0x72,
	0x64, 0x41, 0x64, 0x64, 0x52, 0x65, 0x71, 0x75, 0x65, 0x73, 0x74, 0x1a, 0x2c, 0x2e, 0x76, 0x69,
	0x74, 0x65, 0x73, 0x73, 0x2e, 0x76, 0x74, 0x63, 0x74, 0x6c, 0x64, 0x61, 0x74, 0x61, 0x2e, 0x76,
	0x32, 0x34, 0x2e, 0x53, 0x6f, 0x75, 0x72, 0x63, 0x65, 0x53, 0x68, 0x61, 0x72, 0x64, 0x41, 0x64,
	0x64, 0x52, 0x65, 0x73, 0x70, 0x6f, 0x6e, 0x73, 0x65, 0x22, 0x00, 0x12, 0x76, 0x0a, 0x11, 0x53,
	0x6f, 0x75, 0x72, 0x63, 0x65, 0x53, 0x68, 0x61, 0x72, 0x64, 0x44, 0x65, 0x6c, 0x65, 0x74, 0x65,
	0x12, 0x2e, 0x2e, 0x76, 0x69, 0x74, 0x65, 0x73, 0x73, 0x2e, 0x76, 0x74, 0x63, 0x74, 0x6c, 0x64,
	0x61, 0x74, 0x61, 0x2e, 0x76, 0x32, 0x34, 0x2e, 0x53, 0x6f, 0x75, 0x72, 0x63, 0x65, 0x53, 0x68,
	0x61, 0x72, 0x64, 0x44, 0x65, 0x6c, 0x65, 0x74, 0x65, 0x52, 0x65, 0x71, 0x75, 0x65, 0x73, 0x74,
	0x1a, 0x2f, 0x2e, 0x76, 0x69, 0x74, 0x65, 0x73, 0x73, 0x2e, 0x76, 0x74, 0x63, 0x74, 0x6c, 0x64,
	0x61, 0x74, 0x61, 0x2e, 0x76, 0x32, 0x34, 0x2e, 0x53, 0x6f, 0x75, 0x72, 0x63, 0x65, 0x53, 0x68,
	0x61, 0x72, 0x64, 0x44, 0x65, 0x6c, 0x65, 0x74, 0x65, 0x52, 0x65, 0x73, 0x70, 0x6f, 0x6e, 0x73,
	0x65, 0x22, 0x00, 0x12, 0x73, 0x0a, 0x10, 0x53, 0x74, 0x61, 0x72, 0x74, 0x52, 0x65, 0x70, 0x6c,
	0x69, 0x63, 0x61, 0x74, 0x69, 0x6f, 0x6e, 0x12, 0x2d, 0x2e, 0x76, 0x69, 0x74, 0x65, 0x73, 0x73,
	0x2e, 0x76, 0x74, 0x63, 0x74, 0x6c, 0x64, 0x61, 0x74, 0x61, 0x2e, 0x76, 0x32, 0x34, 0x2e, 0x53,
	0x74, 0x61, 0x72, 0x74, 0x52, 0x65, 0x70, 0x6c, 0x69, 0x63, 0x61, 0x74, 0x69, 0x6f, 0x6e, 0x52,
	0x65, 0x71, 0x75, 0x65, 0x73, 0x74, 0x1a, 0x2e, 0x2e, 0x76, 0x69, 0x74, 0x65, 0x73, 0x73, 0x2e,
	0x76, 0x74, 0x63, 0x74, 0x6c, 0x64, 0x61, 0x74, 0x61, 0x2e, 0x76, 0x32, 0x34, 0x2e, 0x53, 0x74,
	0x61, 0x72, 0x74, 0x52, 0x65, 0x70, 0x6c, 0x69, 0x63, 0x61, 0x74, 0x69, 0x6f, 0x6e, 0x52, 0x65,
	0x73, 0x70, 0x6f, 0x6e, 0x73, 0x65, 0x22, 0x00, 0x12, 0x70, 0x0a, 0x0f, 0x53, 0x74, 0x6f, 0x70,
	0x52, 0x65, 0x70, 0x6c, 0x69, 0x63, 0x61, 0x74, 0x69, 0x6f, 0x6e, 0x12, 0x2c, 0x2e, 0x76, 0x69,
	0x74, 0x65, 0x73, 0x73, 0x2e, 0x76, 0x74, 0x63, 0x74, 0x6c, 0x64, 0x61, 0x74, 0x61, 0x2e, 0x76,
	0x32, 0x34, 0x2e, 0x53, 0x74, 0x6f, 0x70, 0x52, 0x65, 0x70, 0x6c, 0x69, 0x63, 0x61, 0x74, 0x69,
	0x6f, 0x6e, 0x52, 0x65, 0x71, 0x75, 0x65, 0x73, 0x74, 0x1a, 0x2d, 0x2e, 0x76, 0x69, 0x74, 0x65,
	0x73, 0x73, 0x2e, 0x76, 0x74, 0x63, 0x74, 0x6c, 0x64, 0x61, 0x74, 0x61, 0x2e, 0x76, 0x32, 0x34,
	0x2e, 0x53, 0x74, 0x6f, 0x70, 0x52, 0x65, 0x70, 0x6c, 0x69, 0x63, 0x61, 0x74, 0x69, 0x6f, 0x6e,
	0x52, 0x65, 0x73, 0x70, 0x6f, 0x6e, 0x73, 0x65, 0x22, 0x00, 0x12, 0x91, 0x01, 0x0a, 0x1a, 0x54,
	0x61, 0x62, 0x6c, 0x65, 0x74, 0x45, 0x78, 0x74, 0x65, 0x72, 0x6e, 0x61, 0x6c, 0x6c, 0x79, 0x52,
	0x65, 0x70, 0x61, 0x72, 0x65, 0x6e, 0x74, 0x65, 0x64, 0x12, 0x37, 0x2e, 0x76, 0x69, 0x74, 0x65,
	0x73, 0x73, 0x2e, 0x76, 0x74, 0x63, 0x74, 0x6c, 0x64, 0x61, 0x74, 0x61, 0x2e, 0x76, 0x32, 0x34,
	0x2e, 0x54, 0x61, 0x62, 0x6c, 0x65, 0x74, 0x45, 0x78, 0x74, 0x65, 0x72, 0x6e, 0x61, 0x6c, 0x6c,
	0x79, 0x52, 0x65, 0x70, 0x61, 0x72, 0x65, 0x6e, 0x74, 0x65, 0x64, 0x52, 0x65, 0x71, 0x75, 0x65,
	0x73, 0x74, 0x1a, 0x38, 0x2e, 0x76, 0x69, 0x74, 0x65, 0x73, 0x73, 0x2e, 0x76, 0x74, 0x63, 0x74,
	0x6c, 0x64, 0x61, 0x74, 0x61, 0x2e, 0x76, 0x32, 0x34, 0x2e, 0x54, 0x61, 0x62, 0x6c, 0x65, 0x74,
	0x45, 0x78, 0x74, 0x65, 0x72, 0x6e, 0x61, 0x6c, 0x6c, 0x79, 0x52, 0x65, 0x70, 0x61, 0x72, 0x65,
	0x6e, 0x74, 0x65, 0x64, 0x52, 0x65, 0x73, 0x70, 0x6f, 0x6e, 0x73, 0x65, 0x22, 0x00, 0x12, 0x6d,
	0x0a, 0x0e, 0x55, 0x70, 0x64, 0x61, 0x74, 0x65, 0x43, 0x65, 0x6c, 0x6c, 0x49, 0x6e, 0x66, 0x6f,
	0x12, 0x2b, 0x2e, 0x76, 0x69, 0x74, 0x65, 0x73, 0x73, 0x2e, 0x76, 0x74, 0x63, 0x74, 0x6c, 0x64,
	0x61, 0x74, 0x61, 0x2e, 0x76, 0x32, 0x34, 0x2e, 0x55, 0x70, 0x64, 0x61, 0x74, 0x65, 0x43, 0x65,
	0x6c, 0x6c, 0x49, 0x6e, 0x66, 0x6f, 0x52, 0x65, 0x71, 0x75, 0x65, 0x73, 0x74, 0x1a, 0x2c, 0x2e,
	0x76, 0x69, 0x74, 0x65, 0x73, 0x73, 0x2e, 0x76, 0x74, 0x63, 0x74, 0x6c, 0x64, 0x61, 0x74, 0x61,
	0x2e, 0x76, 0x32, 0x34, 0x2e, 0x55, 0x70, 0x64, 0x61, 0x74, 0x65, 0x43, 0x65, 0x6c, 0x6c, 0x49,
	0x6e, 0x66, 0x6f, 0x52, 0x65, 0x73, 0x70, 0x6f, 0x6e, 0x73, 0x65, 0x22, 0x00, 0x12, 0x73, 0x0a,
	0x10, 0x55, 0x70, 0x64, 0x61, 0x74, 0x65, 0x43, 0x65, 0x6c, 0x6c, 0x73, 0x41, 0x6c, 0x69, 0x61,
	0x73, 0x12, 0x2d, 0x2e, 0x76, 0x69, 0x74, 0x65, 0x73, 0x73, 0x2e, 0x76, 0x74, 0x63, 0x74, 0x6c,
	0x64, 0x61, 0x74, 0x61, 0x2e, 0x76, 0x32, 0x34, 0x2e, 0x55, 0x70, 0x64, 0x61, 0x74, 0x65, 0x43,
	0x65, 0x6c, 0x6c, 0x73, 0x41, 0x6c, 0x69, 0x61, 0x73, 0x52, 0x65, 0x71, 0x75, 0x65, 0x73, 0x74,
	0x1a, 0x2e, 0x2e, 0x76, 0x69, 0x74, 0x65, 0x73, 0x73, 0x2e, 0x76, 0x74, 0x63, 0x74, 0x6c, 0x64,
	0x61, 0x74, 0x61, 0x2e, 0x76, 0x32, 0x34, 0x2e, 0x55, 0x70, 0x64, 0x61, 0x74, 0x65, 0x43, 0x65,
	0x6c, 0x6c, 0x73, 0x41, 0x6c, 0x69, 0x61, 0x73, 0x52, 0x65, 0x73, 0x70, 0x6f, 0x6e, 0x73, 0x65,
	0x22, 0x00, 0x12, 0x5b, 0x0a, 0x08, 0x56, 0x61, 0x6c, 0x69, 0x64, 0x61, 0x74, 0x65, 0x12, 0x25,
	0x2e, 0x76, 0x69, 0x74, 0x65, 0x73, 0x73, 0x2e, 0x76, 0x74, 0x63, 0x74, 0x6c, 0x64, 0x61, 0x74,
	0x61, 0x2e, 0x76, 0x32, 0x34, 0x2e, 0x56, 0x61, 0x6c, 0x69, 0x64, 0x61, 0x74, 0x65, 0x52, 0x65,
	0x71, 0x75, 0x65, 0x73, 0x74, 0x1a, 0x26, 0x2e, 0x76, 0x69, 0x74, 0x65, 0x73, 0x73, 0x2e, 0x76,
	0x74, 0x63, 0x74, 0x6c, 0x64, 0x61, 0x74, 0x61, 0x2e, 0x76, 0x32, 0x34, 0x2e, 0x56, 0x61, 0x6c,
	0x69, 0x64, 0x61, 0x74, 0x65, 0x52, 0x65, 0x73, 0x70, 0x6f, 0x6e, 0x73, 0x65, 0x22, 0x00, 0x12,
	0x73, 0x0a, 0x10, 0x56, 0x61, 0x6c, 0x69, 0x64, 0x61, 0x74, 0x65, 0x4b, 0x65, 0x79, 0x73, 0x70,
	0x61, 0x63, 0x65, 0x12, 0x2d, 0x2e, 0x76, 0x69, 0x74, 0x65, 0x73, 0x73, 0x2e, 0x76, 0x74, 0x63,
	0x74, 0x6c, 0x64, 0x61, 0x74, 0x61, 0x2e, 0x76, 0x32, 0x34, 0x2e, 0x56, 0x61, 0x6c, 0x69, 0x64,
	0x61, 0x74, 0x65, 0x4b, 0x65, 0x79, 0x73, 0x70, 0x61, 0x63, 0x65, 0x52, 0x65, 0x71, 0x75, 0x65,
	0x73, 0x74, 0x1a, 0x2e, 0x2e, 0x76, 0x69, 0x74, 0x65, 0x73, 0x73, 0x2e, 0x76, 0x74, 0x63, 0x74,
	0x6c, 0x64, 0x61, 0x74, 0x61, 0x2e, 0x76, 0x32, 0x34, 0x2e, 0x56, 0x61, 0x6c, 0x69, 0x64, 0x61,
	0x74, 0x65, 0x4b, 0x65, 0x79, 0x73, 0x70, 0x61, 0x63, 0x65, 0x52, 0x65, 0x73, 0x70, 0x6f, 0x6e,
	0x73, 0x65, 0x22, 0x00, 0x12, 0x94, 0x01, 0x0a, 0x1b, 0x56, 0x61, 0x6c, 0x69, 0x64, 0x61, 0x74,
	0x65, 0x50, 0x65, 0x72, 0x6d, 0x69, 0x73, 0x73, 0x69, 0x6f, 0x6e, 0x73, 0x4b, 0x65, 0x79, 0x73,
	0x70, 0x61, 0x63, 0x65, 0x12, 0x38, 0x2e, 0x76, 0x69, 0x74, 0x65, 0x73, 0x73, 0x2e, 0x76, 0x74,
	0x63, 0x74, 0x6c, 0x64, 0x61, 0x74, 0x61, 0x2e, 0x76, 0x32, 0x34, 0x2e, 0x56, 0x61, 0x6c, 0x69,
	0x64, 0x61, 0x74, 0x65, 0x50, 0x65, 0x72, 0x6d, 0x69, 0x73, 0x73, 0x69, 0x6f, 0x6e, 0x73, 0x4b,
	0x65, 0x79, 0x73, 0x70, 0x61, 0x63, 0x65, 0x52, 0x65, 0x71, 0x75, 0x65, 0x73, 0x74, 0x1a, 0x39,
	0x2e, 0x76, 0x69, 0x74, 0x65, 0x73, 0x73, 0x2e, 0x76, 0x74, 0x63, 0x74, 0x6c, 0x64, 0x61, 0x74,
	0x61, 0x2e, 0x76, 0x32, 0x34, 0x2e, 0x56, 0x61, 0x6c, 0x69, 0x64, 0x61, 0x74, 0x65, 0x50, 0x65,
	0x72, 0x6d, 0x69, 0x73, 0x73, 0x69, 0x6f, 0x6e, 0x73, 0x4b, 0x65, 0x79, 0x73, 0x70, 0x61, 0x63,
	0x65, 0x52, 0x65, 0x73, 0x70, 0x6f, 0x6e, 0x73, 0x65, 0x22, 0x00, 0x12, 0x85, 0x01, 0x0a, 0x16,
	0x56, 0x61, 0x6c, 0x69, 0x64, 0x61, 0x74, 0x65, 0x53, 0x63, 0x68, 0x65, 0x6d, 0x61, 0x4b, 0x65,
	0x79, 0x73, 0x70, 0x61, 0x63, 0x65, 0x12, 0x33, 0x2e, 0x76, 0x69, 0x74, 0x65, 0x73, 0x73, 0x2e,
	0x76, 0x74, 0x63, 0x74, 0x6c, 0x64, 0x61, 0x74, 0x61, 0x2e, 0x76, 0x32, 0x34, 0x2e, 0x56, 0x61,
	0x6c, 0x69, 0x64, 0x61, 0x74, 0x65, 0x53, 0x63, 0x68, 0x65, 0x6d, 0x61, 0x4b, 0x65, 0x79, 0x73,
	0x70, 0x61, 0x63, 0x65, 0x52, 0x65, 0x71, 0x75, 0x65, 0x73, 0x74, 0x1a, 0x34, 0x2e, 0x76, 0x69,
	0x74, 0x65, 0x73, 0x73, 0x2e, 0x76, 0x74, 0x63, 0x74, 0x6c, 0x64, 0x61, 0x74, 0x61, 0x2e, 0x76,
	0x32, 0x34, 0x2e, 0x56, 0x61, 0x6c, 0x69, 0x64, 0x61, 0x74, 0x65, 0x53, 0x63, 0x68, 0x65, 0x6d,
	0x61, 0x4b, 0x65, 0x79, 0x73, 0x70, 0x61, 0x63, 0x65, 0x52, 0x65, 0x73, 0x70, 0x6f, 0x6e, 0x73,
	0x65, 0x22, 0x00, 0x12, 0x6a, 0x0a, 0x0d, 0x56, 0x61, 0x6c, 0x69, 0x64, 0x61, 0x74, 0x65, 0x53,
	0x68, 0x61, 0x72, 0x64, 0x12, 0x2a, 0x2e, 0x76, 0x69, 0x74, 0x65, 0x73, 0x73, 0x2e, 0x76, 0x74,
	0x63, 0x74, 0x6c, 0x64, 0x61, 0x74, 0x61, 0x2e, 0x76, 0x32, 0x34, 0x2e, 0x56, 0x61, 0x6c, 0x69,
	0x64, 0x61, 0x74, 0x65, 0x53, 0x68, 0x61, 0x72, 0x64, 0x52, 0x65, 0x71, 0x75, 0x65, 0x73, 0x74,
	0x1a, 0x2b, 0x2e, 0x76, 0x69, 0x74, 0x65, 0x73, 0x73, 0x2e, 0x76, 0x74, 0x63, 0x74, 0x6c, 0x64,
	0x61, 0x74, 0x61, 0x2e, 0x76, 0x32, 0x34, 0x2e, 0x56, 0x61, 0x6c, 0x69, 0x64, 0x61, 0x74, 0x65,
	0x53, 0x68, 0x61, 0x72, 0x64, 0x52, 0x65, 0x73, 0x70, 0x6f, 0x6e, 0x73, 0x65, 0x22, 0x00, 0x12,
	0x88, 0x01, 0x0a, 0x17, 0x56, 0x61, 0x6c, 0x69, 0x64, 0x61, 0x74, 0x65, 0x56, 0x65, 0x72, 0x73,
	0x69, 0x6f, 0x6e, 0x4b, 0x65, 0x79, 0x73, 0x70, 0x61, 0x63, 0x65, 0x12, 0x34, 0x2e, 0x76, 0x69,
	0x74, 0x65, 0x73, 0x73, 0x2e, 0x76, 0x74, 0x63, 0x74, 0x6c, 0x64, 0x61, 0x74, 0x61, 0x2e, 0x76,
	0x32, 0x34, 0x2e, 0x56, 0x61, 0x6c, 0x69, 0x64, 0x61, 0x74, 0x65, 0x56, 0x65, 0x72, 0x73, 0x69,
	0x6f, 0x6e, 0x4b, 0x65, 0x79, 0x73, 0x70, 0x61, 0x63, 0x65, 0x52, 0x65, 0x71, 0x75, 0x65, 0x73,
	0x74, 0x1a, 0x35, 0x2e, 0x76, 0x69, 0x74, 0x65, 0x73, 0x73, 0x2e, 0x76, 0x74, 0x63, 0x74, 0x6c,
	0x64, 0x61, 0x74, 0x61, 0x2e, 0x76, 0x32, 0x34, 0x2e, 0x56, 0x61, 0x6c, 0x69, 0x64, 0x61, 0x74,
	0x65, 0x56, 0x65, 0x72, 0x73, 0x69, 0x6f, 0x6e, 0x4b, 0x65, 0x79, 0x73, 0x70, 0x61, 0x63, 0x65,
	0x52, 0x65, 0x73, 0x70, 0x6f, 0x6e, 0x73, 0x65, 0x22, 0x00, 0x12, 0x7f, 0x0a, 0x14, 0x56, 0x61,
	0x6c, 0x69, 0x64, 0x61, 0x74, 0x65, 0x56, 0x65, 0x72, 0x73, 0x69, 0x6f, 0x6e, 0x53, 0x68, 0x61,
	0x72, 0x64, 0x12, 0x31, 0x2e, 0x76, 0x69, 0x74, 0x65, 0x73, 0x73, 0x2e, 0x76, 0x74, 0x63, 0x74,
	0x6c, 0x64, 0x61, 0x74, 0x61, 0x2e, 0x76, 0x32, 0x34, 0x2e, 0x56, 0x61, 0x6c, 0x69, 0x64, 0x61,
	0x74, 0x65, 0x56, 0x65, 0x72, 0x73, 0x69, 0x6f, 0x6e, 0x53, 0x68, 0x61, 0x72, 0x64, 0x52, 0x65,
	0x71, 0x75, 0x65, 0x73, 0x74, 0x1a, 0x32, 0x2e, 0x76, 0x69, 0x74, 0x65, 0x73, 0x73, 0x2e, 0x76,
	0x74, 0x63, 0x74, 0x6c, 0x64, 0x61, 0x74, 0x61, 0x2e, 0x76, 0x32, 0x34, 0x2e, 0x56, 0x61, 0x6c,
	0x69, 0x64, 0x61, 0x74, 0x65, 0x56, 0x65, 0x72, 0x73, 0x69, 0x6f, 0x6e, 0x53, 0x68, 0x61, 0x72,
	0x64, 0x52, 0x65, 0x73, 0x70, 0x6f, 0x6e, 0x73, 0x65, 0x22, 0x00, 0x12, 0x70, 0x0a, 0x0f, 0x56,
	0x61, 0x6c, 0x69, 0x64, 0x61, 0x74, 0x65, 0x56, 0x53, 0x63, 0x68, 0x65, 0x6d, 0x61, 0x12, 0x2c,
	0x2e, 0x76, 0x69, 0x74, 0x65, 0x73, 0x73, 0x2e, 0x76, 0x74, 0x63, 0x74, 0x6c, 0x64, 0x61, 0x74,
	0x61, 0x2e, 0x76, 0x32, 0x34, 0x2e, 0x56, 0x61, 0x6c, 0x69, 0x64, 0x61, 0x74, 0x65, 0x56, 0x53,
	0x63, 0x68, 0x65, 0x6d, 0x61, 0x52, 0x65, 0x71, 0x75, 0x65, 0x73, 0x74, 0x1a, 0x2d, 0x2e, 0x76,
	0x69, 0x74, 0x65, 0x73, 0x73, 0x2e, 0x76, 0x74, 0x63, 0x74, 0x6c, 0x64, 0x61, 0x74, 0x61, 0x2e,
	0x76, 0x32, 0x34, 0x2e, 0x56, 0x61, 0x6c, 0x69, 0x64, 0x61, 0x74, 0x65, 0x56, 0x53, 0x63, 0x68,
	0x65, 0x6d, 0x61, 0x52, 0x65, 0x73, 0x70, 0x6f, 0x6e, 0x73, 0x65, 0x22, 0x00, 0x12, 0x64, 0x0a,
	0x0b, 0x56, 0x44, 0x69, 0x66, 0x66, 0x43, 0x72, 0x65, 0x61, 0x74, 0x65, 0x12, 0x28, 0x2e, 0x76,
	0x69, 0x74, 0x65, 0x73, 0x73, 0x2e, 0x76, 0x74, 0x63, 0x74, 0x6c, 0x64, 0x61, 0x74, 0x61, 0x2e,
	0x76, 0x32, 0x34, 0x2e, 0x56, 0x44, 0x69, 0x66, 0x66, 0x43, 0x72, 0x65, 0x61, 0x74, 0x65, 0x52,
	0x65, 0x71, 0x75, 0x65, 0x73, 0x74, 0x1a, 0x29, 0x2e, 0x76, 0x69, 0x74, 0x65, 0x73, 0x73, 0x2e,
	0x76, 0x74, 0x63, 0x74, 0x6c, 0x64, 0x61, 0x74, 0x61, 0x2e, 0x76, 0x32, 0x34, 0x2e, 0x56, 0x44,
	0x69, 0x66, 0x66, 0x43, 0x72, 0x65, 0x61, 0x74, 0x65, 0x52, 0x65, 0x73, 0x70, 0x6f, 0x6e, 0x73,
	0x65, 0x22, 0x00, 0x12, 0x64, 0x0a, 0x0b, 0x56, 0x44, 0x69, 0x66, 0x66, 0x44, 0x65, 0x6c, 0x65,
	0x74, 0x65, 0x12, 0x28, 0x2e, 0x76, 0x69, 0x74, 0x65, 0x73, 0x73, 0x2e, 0x76, 0x74, 0x63, 0x74,
	0x6c, 0x64, 0x61, 0x74, 0x61, 0x2e, 0x76, 0x32, 0x34, 0x2e, 0x56, 0x44, 0x69, 0x66, 0x66, 0x44,
	0x65, 0x6c, 0x65, 0x74, 0x65, 0x52, 0x65, 0x71, 0x75, 0x65, 0x73, 0x74, 0x1a, 0x29, 0x2e, 0x76,
	0x69, 0x74, 0x65, 0x73, 0x73, 0x2e, 0x76, 0x74, 0x63, 0x74, 0x6c, 0x64, 0x61, 0x74, 0x61, 0x2e,
	0x76, 0x32, 0x34, 0x2e, 0x56, 0x44, 0x69, 0x66, 0x66, 0x44, 0x65, 0x6c, 0x65, 0x74, 0x65, 0x52,
	0x65, 0x73, 0x70, 0x6f, 0x6e, 0x73, 0x65, 0x22, 0x00, 0x12, 0x64, 0x0a, 0x0b, 0x56, 0x44, 0x69,
	0x66, 0x66, 0x52, 0x65, 0x73, 0x75, 0x6d, 0x65, 0x12, 0x28, 0x2e, 0x76, 0x69, 0x74, 0x65, 0x73,
	0x73, 0x2e, 0x76, 0x74, 0x63, 0x74, 0x6c, 0x64, 0x61, 0x74, 0x61, 0x2e, 0x76, 0x32, 0x34, 0x2e,
	0x56, 0x44, 0x69, 0x66, 0x66, 0x52, 0x65, 0x73, 0x75, 0x6d, 0x65, 0x52, 0x65, 0x71, 0x75, 0x65,
	0x73, 0x74, 0x1a, 0x29, 0x2e, 0x76, 0x69, 0x74, 0x65, 0x73, 0x73, 0x2e, 0x76, 0x74, 0x63, 0x74,
	0x6c, 0x64, 0x61, 0x74, 0x61, 0x2e, 0x76, 0x32, 0x34, 0x2e, 0x56, 0x44, 0x69, 0x66, 0x66, 0x52,
	0x65, 0x73, 0x75, 0x6d, 0x65, 0x52, 0x65, 0x73, 0x70, 0x6f, 0x6e, 0x73, 0x65, 0x22, 0x00, 0x12,
	0x5e, 0x0a, 0x09, 0x56, 0x44, 0x69, 0x66, 0x66, 0x53, 0x68, 0x6f, 0x77, 0x12, 0x26, 0x2e, 0x76,
	0x69, 0x74, 0x65, 0x73, 0x73, 0x2e, 0x76, 0x74, 0x63, 0x74, 0x6c, 0x64, 0x61, 0x74, 0x61, 0x2e,
	0x76, 0x32, 0x34, 0x2e, 0x56, 0x44, 0x69, 0x66, 0x66, 0x53, 0x68, 0x6f, 0x77, 0x52, 0x65, 0x71,
	0x75, 0x65, 0x73, 0x74, 0x1a, 0x27, 0x2e, 0x76, 0x69, 0x74, 0x65, 0x73, 0x73, 0x2e, 0x76, 0x74,
	0x63, 0x74, 0x6c, 0x64, 0x61, 0x74, 0x61, 0x2e, 0x76, 0x32, 0x34, 0x2e, 0x56, 0x44, 0x69, 0x66,
	0x66, 0x53, 0x68, 0x6f, 0x77, 0x52, 0x65, 0x73, 0x70, 0x6f, 0x6e, 0x73, 0x65, 0x22, 0x00, 0x12,
	0x5e, 0x0a, 0x09, 0x56, 0x44, 0x69, 0x66, 0x66, 0x53, 0x74, 0x6f, 0x70, 0x12, 0x26, 0x2e, 0x76,
	0x69, 0x74, 0x65, 0x73, 0x73, 0x2e, 0x76, 0x74, 0x63, 0x74, 0x6c, 0x64, 0x61, 0x74, 0x61, 0x2e,
	0x76, 0x32, 0x34, 0x2e, 0x56, 0x44, 0x69, 0x66, 0x66, 0x53, 0x74, 0x6f, 0x70, 0x52, 0x65, 0x71,
	0x75, 0x65, 0x73, 0x74, 0x1a, 0x27, 0x2e, 0x76, 0x69, 0x74, 0x65, 0x73, 0x73, 0x2e, 0x76, 0x74,
	0x63, 0x74, 0x6c, 0x64, 0x61, 0x74, 0x61, 0x2e, 0x76, 0x32, 0x34, 0x2e, 0x56, 0x44, 0x69, 0x66,
	0x66, 0x53, 0x74, 0x6f, 0x70, 0x52, 0x65, 0x73, 0x70, 0x6f, 0x6e, 0x73, 0x65, 0x22, 0x00, 0x12,
	0x6d, 0x0a, 0x0e, 0x57, 0x6f, 0x72, 0x6b, 0x66, 0x6c, 0x6f, 0x77, 0x44, 0x65, 0x6c, 0x65, 0x74,
	0x65, 0x12, 0x2b, 0x2e, 0x76, 0x69, 0x74, 0x65, 0x73, 0x73, 0x2e, 0x76, 0x74, 0x63, 0x74, 0x6c,
	0x64, 0x61, 0x74, 0x61, 0x2e, 0x76, 0x32, 0x34, 0x2e, 0x57, 0x6f, 0x72, 0x6b, 0x66, 0x6c, 0x6f,
	0x77, 0x44, 0x65, 0x6c, 0x65, 0x74, 0x65, 0x52, 0x65, 0x71, 0x75, 0x65, 0x73, 0x74, 0x1a, 0x2c,
	0x2e, 0x76, 0x69, 0x74, 0x65, 0x73, 0x73, 0x2e, 0x76, 0x74, 0x63, 0x74, 0x6c, 0x64, 0x61, 0x74,
	0x61, 0x2e, 0x76, 0x32, 0x34, 0x2e, 0x57, 0x6f, 0x72, 0x6b, 0x66, 0x6c, 0x6f, 0x77, 0x44, 0x65,
	0x6c, 0x65, 0x74, 0x65, 0x52, 0x65, 0x73, 0x70, 0x6f, 0x6e, 0x73, 0x65, 0x22, 0x00, 0x12, 0x6d,
	0x0a, 0x0e, 0x57, 0x6f, 0x72, 0x6b, 0x66, 0x6c, 0x6f, 0x77, 0x53, 0x74, 0x61, 0x74, 0x75, 0x73,
	0x12, 0x2b, 0x2e, 0x76, 0x69, 0x74, 0x65, 0x73, 0x73, 0x2e, 0x76, 0x74, 0x63, 0x74, 0x6c, 0x64,
	0x61, 0x74, 0x61, 0x2e, 0x76, 0x32, 0x34, 0x2e, 0x57, 0x6f, 0x72, 0x6b, 0x66, 0x6c, 0x6f, 0x77,
	0x53, 0x74, 0x61, 0x74, 0x75, 0x73, 0x52, 0x65, 0x71, 0x75, 0x65, 0x73, 0x74, 0x1a, 0x2c, 0x2e,
	0x76, 0x69, 0x74, 0x65, 0x73, 0x73, 0x2e, 0x76, 0x74, 0x63, 0x74, 0x6c, 0x64, 0x61, 0x74, 0x61,
	0x2e, 0x76, 0x32, 0x34, 0x2e, 0x57, 0x6f, 0x72, 0x6b, 0x66, 0x6c, 0x6f, 0x77, 0x53, 0x74, 0x61,
	0x74, 0x75, 0x73, 0x52, 0x65, 0x73, 0x70, 0x6f, 0x6e, 0x73, 0x65, 0x22, 0x00, 0x12, 0x82, 0x01,
	0x0a, 0x15, 0x57, 0x6f, 0x72, 0x6b, 0x66, 0x6c, 0x6f, 0x77, 0x53, 0x77, 0x69, 0x74, 0x63, 0x68,
	0x54, 0x72, 0x61, 0x66, 0x66, 0x69, 0x63, 0x12, 0x32, 0x2e, 0x76, 0x69, 0x74, 0x65, 0x73, 0x73,
	0x2e, 0x76, 0x74, 0x63, 0x74, 0x6c, 0x64, 0x61, 0x74, 0x61, 0x2e, 0x76, 0x32, 0x34, 0x2e, 0x57,
	0x6f, 0x72, 0x6b, 0x66, 0x6c, 0x6f, 0x77, 0x53, 0x77, 0x69, 0x74, 0x63, 0x68, 0x54, 0x72, 0x61,
	0x66, 0x66, 0x69, 0x63, 0x52, 0x65, 0x71, 0x75, 0x65, 0x73, 0x74, 0x1a, 0x33, 0x2e, 0x76, 0x69,
	0x74, 0x65, 0x73, 0x73, 0x2e, 0x76, 0x74, 0x63, 0x74, 0x6c, 0x64, 0x61, 0x74, 0x61, 0x2e, 0x76,
	0x32, 0x34, 0x2e, 0x57, 0x6f, 0x72, 0x6b, 0x66, 0x6c, 0x6f, 0x77, 0x53, 0x77, 0x69, 0x74, 0x63,
	0x68, 0x54, 0x72, 0x61, 0x66, 0x66, 0x69, 0x63, 0x52, 0x65, 0x73, 0x70, 0x6f, 0x6e, 0x73, 0x65,
	0x22, 0x00, 0x12, 0x6d, 0x0a, 0x0e, 0x57, 0x6f, 0x72, 0x6b, 0x66, 0x6c, 0x6f, 0x77, 0x55, 0x70,
	0x64, 0x61, 0x74, 0x65, 0x12, 0x2b, 0x2e, 0x76, 0x69, 0x74, 0x65, 0x73, 0x73, 0x2e, 0x76, 0x74,
	0x63, 0x74, 0x6c, 0x64, 0x61, 0x74, 0x61, 0x2e, 0x76, 0x32, 0x34, 0x2e, 0x57, 0x6f, 0x72, 0x6b,
	0x66, 0x6c, 0x6f, 0x77, 0x55, 0x70, 0x64, 0x61, 0x74, 0x65, 0x52, 0x65, 0x71, 0x75, 0x65, 0x73,
	0x74, 0x1a, 0x2c, 0x2e, 0x76, 0x69, 0x74, 0x65, 0x73, 0x73, 0x2e, 0x76, 0x74, 0x63, 0x74, 0x6c,
	0x64, 0x61, 0x74, 0x61, 0x2e, 0x76, 0x32, 0x34, 0x2e, 0x57, 0x6f, 0x72, 0x6b, 0x66, 0x6c, 0x6f,
	0x77, 0x55, 0x70, 0x64, 0x61, 0x74, 0x65, 0x52, 0x65, 0x73, 0x70, 0x6f, 0x6e, 0x73, 0x65, 0x22,
	0x00, 0x12, 0x6d, 0x0a, 0x0e, 0x47, 0x65, 0x74, 0x4d, 0x69, 0x72, 0x72, 0x6f, 0x72, 0x52, 0x75,
	0x6c, 0x65, 0x73, 0x12, 0x2b, 0x2e, 0x76, 0x69, 0x74, 0x65, 0x73, 0x73, 0x2e, 0x76, 0x74, 0x63,
	0x74, 0x6c, 0x64, 0x61, 0x74, 0x61, 0x2e, 0x76, 0x32, 0x34, 0x2e, 0x47, 0x65, 0x74, 0x4d, 0x69,
	0x72, 0x72, 0x6f, 0x72, 0x52, 0x75, 0x6c, 0x65, 0x73, 0x52, 0x65, 0x71, 0x75, 0x65, 0x73, 0x74,
	0x1a, 0x2c, 0x2e, 0x76, 0x69, 0x74, 0x65, 0x73, 0x73, 0x2e, 0x76, 0x74, 0x63, 0x74, 0x6c, 0x64,
	0x61, 0x74, 0x61, 0x2e, 0x76, 0x32, 0x34, 0x2e, 0x47, 0x65, 0x74, 0x4d, 0x69, 0x72, 0x72, 0x6f,
	0x72, 0x52, 0x75, 0x6c, 0x65, 0x73, 0x52, 0x65, 0x73, 0x70, 0x6f, 0x6e, 0x73, 0x65, 0x22, 0x00,
	0x12, 0x82, 0x01, 0x0a, 0x15, 0x57, 0x6f, 0x72, 0x6b, 0x66, 0x6c, 0x6f, 0x77, 0x4d, 0x69, 0x72,
	0x72, 0x6f, 0x72, 0x54, 0x72, 0x61, 0x66, 0x66, 0x69, 0x63, 0x12, 0x32, 0x2e, 0x76, 0x69, 0x74,
	0x65, 0x73, 0x73, 0x2e, 0x76, 0x74, 0x63, 0x74, 0x6c, 0x64, 0x61, 0x74, 0x61, 0x2e, 0x76, 0x32,
	0x34, 0x2e, 0x57, 0x6f, 0x72, 0x6b, 0x66, 0x6c, 0x6f, 0x77, 0x4d, 0x69, 0x72, 0x72, 0x6f, 0x72,
	0x54, 0x72, 0x61, 0x66, 0x66, 0x69, 0x63, 0x52, 0x65, 0x71, 0x75, 0x65, 0x73, 0x74, 0x1a, 0x33,
	0x2e, 0x76, 0x69, 0x74, 0x65, 0x73, 0x73, 0x2e, 0x76, 0x74, 0x63, 0x74, 0x6c, 0x64, 0x61, 0x74,
	0x61, 0x2e, 0x76, 0x32, 0x34, 0x2e, 0x57, 0x6f, 0x72, 0x6b, 0x66, 0x6c, 0x6f, 0x77, 0x4d, 0x69,
	0x72, 0x72, 0x6f, 0x72, 0x54, 0x72, 0x61, 0x66, 0x66, 0x69, 0x63, 0x52, 0x65, 0x73, 0x70, 0x6f,
	0x6e, 0x73, 0x65, 0x22, 0x00, 0x42, 0x51, 0x5a, 0x4f, 0x67, 0x69, 0x74, 0x68, 0x75, 0x62, 0x2e,
	0x63, 0x6f, 0x6d, 0x2f, 0x70, 0x6c, 0x61, 0x6e, 0x65, 0x74, 0x73, 0x63, 0x61, 0x6c, 0x65, 0x2f,
	0x76, 0x69, 0x74, 0x65, 0x73, 0x73, 0x2d, 0x74, 0x79, 0x70, 0x65, 0x73, 0x2f, 0x67, 0x65, 0x6e,
	0x2f, 0x76, 0x69, 0x74, 0x65, 0x73, 0x73, 0x2f, 0x76, 0x74, 0x63, 0x74, 0x6c, 0x73, 0x65, 0x72,
	0x76, 0x69, 0x63, 0x65, 0x2f, 0x76, 0x32, 0x34, 0x3b, 0x76, 0x74, 0x63, 0x74, 0x6c, 0x73, 0x65,
	0x72, 0x76, 0x69, 0x63, 0x65, 0x76, 0x32, 0x34, 0x62, 0x06, 0x70, 0x72, 0x6f, 0x74, 0x6f, 0x33,
})

var file_vitess_vtctlservice_v24_vtctlservice_proto_goTypes = []any{
	(*v24.ExecuteVtctlCommandRequest)(nil),          // 0: vitess.vtctldata.v24.ExecuteVtctlCommandRequest
	(*v24.AddCellInfoRequest)(nil),                  // 1: vitess.vtctldata.v24.AddCellInfoRequest
	(*v24.AddCellsAliasRequest)(nil),                // 2: vitess.vtctldata.v24.AddCellsAliasRequest
	(*v24.ApplyRoutingRulesRequest)(nil),            // 3: vitess.vtctldata.v24.ApplyRoutingRulesRequest
	(*v24.ApplySchemaRequest)(nil),                  // 4: vitess.vtctldata.v24.ApplySchemaRequest
	(*v24.ApplyKeyspaceRoutingRulesRequest)(nil),    // 5: vitess.vtctldata.v24.ApplyKeyspaceRoutingRulesRequest
	(*v24.ApplyShardRoutingRulesRequest)(nil),       // 6: vitess.vtctldata.v24.ApplyShardRoutingRulesRequest
	(*v24.ApplyVSchemaRequest)(nil),                 // 7: vitess.vtctldata.v24.ApplyVSchemaRequest
	(*v24.BackupRequest)(nil),                       // 8: vitess.vtctldata.v24.BackupRequest
	(*v24.BackupShardRequest)(nil),                  // 9: vitess.vtctldata.v24.BackupShardRequest
	(*v24.CancelSchemaMigrationRequest)(nil),        // 10: vitess.vtctldata.v24.CancelSchemaMigrationRequest
	(*v24.ChangeTabletTagsRequest)(nil),             // 11: vitess.vtctldata.v24.ChangeTabletTagsRequest
	(*v24.ChangeTabletTypeRequest)(nil),             // 12: vitess.vtctldata.v24.ChangeTabletTypeRequest
	(*v24.CheckThrottlerRequest)(nil),               // 13: vitess.vtctldata.v24.CheckThrottlerRequest
	(*v24.CleanupSchemaMigrationRequest)(nil),       // 14: vitess.vtctldata.v24.CleanupSchemaMigrationRequest
	(*v24.CompleteSchemaMigrationRequest)(nil),      // 15: vitess.vtctldata.v24.CompleteSchemaMigrationRequest
	(*v24.ConcludeTransactionRequest)(nil),          // 16: vitess.vtctldata.v24.ConcludeTransactionRequest
	(*v24.CopySchemaShardRequest)(nil),              // 17: vitess.vtctldata.v24.CopySchemaShardRequest
	(*v24.CreateKeyspaceRequest)(nil),               // 18: vitess.vtctldata.v24.CreateKeyspaceRequest
	(*v24.CreateShardRequest)(nil),                  // 19: vitess.vtctldata.v24.CreateShardRequest
	(*v24.DeleteCellInfoRequest)(nil),               // 20: vitess.vtctldata.v24.DeleteCellInfoRequest
	(*v24.DeleteCellsAliasRequest)(nil),             // 21: vitess.vtctldata.v24.DeleteCellsAliasRequest
	(*v24.DeleteKeyspaceRequest)(nil),               // 22: vitess.vtctldata.v24.DeleteKeyspaceRequest
	(*v24.DeleteShardsRequest)(nil),                 // 23: vitess.vtctldata.v24.DeleteShardsRequest
	(*v24.DeleteSrvVSchemaRequest)(nil),             // 24: vitess.vtctldata.v24.DeleteSrvVSchemaRequest
	(*v24.DeleteTabletsRequest)(nil),                // 25: vitess.vtctldata.v24.DeleteTabletsRequest
	(*v24.EmergencyReparentShardRequest)(nil),       // 26: vitess.vtctldata.v24.EmergencyReparentShardRequest
	(*v24.ExecuteFetchAsAppRequest)(nil),            // 27: vitess.vtctldata.v24.ExecuteFetchAsAppRequest
	(*v24.ExecuteFetchAsDBARequest)(nil),            // 28: vitess.vtctldata.v24.ExecuteFetchAsDBARequest
	(*v24.ExecuteHookRequest)(nil),                  // 29: vitess.vtctldata.v24.ExecuteHookRequest
	(*v24.ExecuteMultiFetchAsDBARequest)(nil),       // 30: vitess.vtctldata.v24.ExecuteMultiFetchAsDBARequest
	(*v24.FindAllShardsInKeyspaceRequest)(nil),      // 31: vitess.vtctldata.v24.FindAllShardsInKeyspaceRequest
	(*v24.ForceCutOverSchemaMigrationRequest)(nil),  // 32: vitess.vtctldata.v24.ForceCutOverSchemaMigrationRequest
	(*v24.GetBackupsRequest)(nil),                   // 33: vitess.vtctldata.v24.GetBackupsRequest
	(*v24.GetCellInfoRequest)(nil),                  // 34: vitess.vtctldata.v24.GetCellInfoRequest
	(*v24.GetCellInfoNamesRequest)(nil),             // 35: vitess.vtctldata.v24.GetCellInfoNamesRequest
	(*v24.GetCellsAliasesRequest)(nil),              // 36: vitess.vtctldata.v24.GetCellsAliasesRequest
	(*v24.GetFullStatusRequest)(nil),                // 37: vitess.vtctldata.v24.GetFullStatusRequest
	(*v24.GetKeyspaceRequest)(nil),                  // 38: vitess.vtctldata.v24.GetKeyspaceRequest
	(*v24.GetKeyspacesRequest)(nil),                 // 39: vitess.vtctldata.v24.GetKeyspacesRequest
	(*v24.GetKeyspaceRoutingRulesRequest)(nil),      // 40: vitess.vtctldata.v24.GetKeyspaceRoutingRulesRequest
	(*v24.GetPermissionsRequest)(nil),               // 41: vitess.vtctldata.v24.GetPermissionsRequest
	(*v24.GetRoutingRulesRequest)(nil),              // 42: vitess.vtctldata.v24.GetRoutingRulesRequest
	(*v24.GetSchemaRequest)(nil),                    // 43: vitess.vtctldata.v24.GetSchemaRequest
	(*v24.GetSchemaMigrationsRequest)(nil),          // 44: vitess.vtctldata.v24.GetSchemaMigrationsRequest
	(*v24.GetShardReplicationRequest)(nil),          // 45: vitess.vtctldata.v24.GetShardReplicationRequest
	(*v24.GetShardRequest)(nil),                     // 46: vitess.vtctldata.v24.GetShardRequest
	(*v24.GetShardRoutingRulesRequest)(nil),         // 47: vitess.vtctldata.v24.GetShardRoutingRulesRequest
	(*v24.GetSrvKeyspaceNamesRequest)(nil),          // 48: vitess.vtctldata.v24.GetSrvKeyspaceNamesRequest
	(*v24.GetSrvKeyspacesRequest)(nil),              // 49: vitess.vtctldata.v24.GetSrvKeyspacesRequest
	(*v24.UpdateThrottlerConfigRequest)(nil),        // 50: vitess.vtctldata.v24.UpdateThrottlerConfigRequest
	(*v24.GetSrvVSchemaRequest)(nil),                // 51: vitess.vtctldata.v24.GetSrvVSchemaRequest
	(*v24.GetSrvVSchemasRequest)(nil),               // 52: vitess.vtctldata.v24.GetSrvVSchemasRequest
	(*v24.GetTabletRequest)(nil),                    // 53: vitess.vtctldata.v24.GetTabletRequest
	(*v24.GetTabletsRequest)(nil),                   // 54: vitess.vtctldata.v24.GetTabletsRequest
	(*v24.GetThrottlerStatusRequest)(nil),           // 55: vitess.vtctldata.v24.GetThrottlerStatusRequest
	(*v24.GetTopologyPathRequest)(nil),              // 56: vitess.vtctldata.v24.GetTopologyPathRequest
	(*v24.GetTransactionInfoRequest)(nil),           // 57: vitess.vtctldata.v24.GetTransactionInfoRequest
	(*v24.GetUnresolvedTransactionsRequest)(nil),    // 58: vitess.vtctldata.v24.GetUnresolvedTransactionsRequest
	(*v24.GetVersionRequest)(nil),                   // 59: vitess.vtctldata.v24.GetVersionRequest
	(*v24.GetVSchemaRequest)(nil),                   // 60: vitess.vtctldata.v24.GetVSchemaRequest
	(*v24.GetWorkflowsRequest)(nil),                 // 61: vitess.vtctldata.v24.GetWorkflowsRequest
	(*v24.InitShardPrimaryRequest)(nil),             // 62: vitess.vtctldata.v24.InitShardPrimaryRequest
	(*v24.LaunchSchemaMigrationRequest)(nil),        // 63: vitess.vtctldata.v24.LaunchSchemaMigrationRequest
	(*v24.LookupVindexCompleteRequest)(nil),         // 64: vitess.vtctldata.v24.LookupVindexCompleteRequest
	(*v24.LookupVindexCreateRequest)(nil),           // 65: vitess.vtctldata.v24.LookupVindexCreateRequest
	(*v24.LookupVindexExternalizeRequest)(nil),      // 66: vitess.vtctldata.v24.LookupVindexExternalizeRequest
	(*v24.LookupVindexInternalizeRequest)(nil),      // 67: vitess.vtctldata.v24.LookupVindexInternalizeRequest
	(*v24.MaterializeCreateRequest)(nil),            // 68: vitess.vtctldata.v24.MaterializeCreateRequest
	(*v24.WorkflowAddTablesRequest)(nil),            // 69: vitess.vtctldata.v24.WorkflowAddTablesRequest
	(*v24.MigrateCreateRequest)(nil),                // 70: vitess.vtctldata.v24.MigrateCreateRequest
	(*v24.MountRegisterRequest)(nil),                // 71: vitess.vtctldata.v24.MountRegisterRequest
	(*v24.MountUnregisterRequest)(nil),              // 72: vitess.vtctldata.v24.MountUnregisterRequest
	(*v24.MountShowRequest)(nil),                    // 73: vitess.vtctldata.v24.MountShowRequest
	(*v24.MountListRequest)(nil),                    // 74: vitess.vtctldata.v24.MountListRequest
	(*v24.MoveTablesCreateRequest)(nil),             // 75: vitess.vtctldata.v24.MoveTablesCreateRequest
	(*v24.MoveTablesCompleteRequest)(nil),           // 76: vitess.vtctldata.v24.MoveTablesCompleteRequest
	(*v24.PingTabletRequest)(nil),                   // 77: vitess.vtctldata.v24.PingTabletRequest
	(*v24.PlannedReparentShardRequest)(nil),         // 78: vitess.vtctldata.v24.PlannedReparentShardRequest
	(*v24.RebuildKeyspaceGraphRequest)(nil),         // 79: vitess.vtctldata.v24.RebuildKeyspaceGraphRequest
	(*v24.RebuildVSchemaGraphRequest)(nil),          // 80: vitess.vtctldata.v24.RebuildVSchemaGraphRequest
	(*v24.RefreshStateRequest)(nil),                 // 81: vitess.vtctldata.v24.RefreshStateRequest
	(*v24.RefreshStateByShardRequest)(nil),          // 82: vitess.vtctldata.v24.RefreshStateByShardRequest
	(*v24.ReloadSchemaRequest)(nil),                 // 83: vitess.vtctldata.v24.ReloadSchemaRequest
	(*v24.ReloadSchemaKeyspaceRequest)(nil),         // 84: vitess.vtctldata.v24.ReloadSchemaKeyspaceRequest
	(*v24.ReloadSchemaShardRequest)(nil),            // 85: vitess.vtctldata.v24.ReloadSchemaShardRequest
	(*v24.RemoveBackupRequest)(nil),                 // 86: vitess.vtctldata.v24.RemoveBackupRequest
	(*v24.RemoveKeyspaceCellRequest)(nil),           // 87: vitess.vtctldata.v24.RemoveKeyspaceCellRequest
	(*v24.RemoveShardCellRequest)(nil),              // 88: vitess.vtctldata.v24.RemoveShardCellRequest
	(*v24.ReparentTabletRequest)(nil),               // 89: vitess.vtctldata.v24.ReparentTabletRequest
	(*v24.ReshardCreateRequest)(nil),                // 90: vitess.vtctldata.v24.ReshardCreateRequest
	(*v24.RestoreFromBackupRequest)(nil),            // 91: vitess.vtctldata.v24.RestoreFromBackupRequest
	(*v24.RetrySchemaMigrationRequest)(nil),         // 92: vitess.vtctldata.v24.RetrySchemaMigrationRequest
	(*v24.RunHealthCheckRequest)(nil),               // 93: vitess.vtctldata.v24.RunHealthCheckRequest
	(*v24.SetKeyspaceDurabilityPolicyRequest)(nil),  // 94: vitess.vtctldata.v24.SetKeyspaceDurabilityPolicyRequest
	(*v24.SetShardIsPrimaryServingRequest)(nil),     // 95: vitess.vtctldata.v24.SetShardIsPrimaryServingRequest
	(*v24.SetShardTabletControlRequest)(nil),        // 96: vitess.vtctldata.v24.SetShardTabletControlRequest
	(*v24.SetVtorcEmergencyReparentRequest)(nil),    // 97: vitess.vtctldata.v24.SetVtorcEmergencyReparentRequest
	(*v24.SetWritableRequest)(nil),                  // 98: vitess.vtctldata.v24.SetWritableRequest
	(*v24.ShardReplicationAddRequest)(nil),          // 99: vitess.vtctldata.v24.ShardReplicationAddRequest
	(*v24.ShardReplicationFixRequest)(nil),          // 100: vitess.vtctldata.v24.ShardReplicationFixRequest
	(*v24.ShardReplicationPositionsRequest)(nil),    // 101: vitess.vtctldata.v24.ShardReplicationPositionsRequest
	(*v24.ShardReplicationRemoveRequest)(nil),       // 102: vitess.vtctldata.v24.ShardReplicationRemoveRequest
	(*v24.SleepTabletRequest)(nil),                  // 103: vitess.vtctldata.v24.SleepTabletRequest
	(*v24.SourceShardAddRequest)(nil),               // 104: vitess.vtctldata.v24.SourceShardAddRequest
	(*v24.SourceShardDeleteRequest)(nil),            // 105: vitess.vtctldata.v24.SourceShardDeleteRequest
	(*v24.StartReplicationRequest)(nil),             // 106: vitess.vtctldata.v24.StartReplicationRequest
	(*v24.StopReplicationRequest)(nil),              // 107: vitess.vtctldata.v24.StopReplicationRequest
	(*v24.TabletExternallyReparentedRequest)(nil),   // 108: vitess.vtctldata.v24.TabletExternallyReparentedRequest
	(*v24.UpdateCellInfoRequest)(nil),               // 109: vitess.vtctldata.v24.UpdateCellInfoRequest
	(*v24.UpdateCellsAliasRequest)(nil),             // 110: vitess.vtctldata.v24.UpdateCellsAliasRequest
	(*v24.ValidateRequest)(nil),                     // 111: vitess.vtctldata.v24.ValidateRequest
	(*v24.ValidateKeyspaceRequest)(nil),             // 112: vitess.vtctldata.v24.ValidateKeyspaceRequest
	(*v24.ValidatePermissionsKeyspaceRequest)(nil),  // 113: vitess.vtctldata.v24.ValidatePermissionsKeyspaceRequest
	(*v24.ValidateSchemaKeyspaceRequest)(nil),       // 114: vitess.vtctldata.v24.ValidateSchemaKeyspaceRequest
	(*v24.ValidateShardRequest)(nil),                // 115: vitess.vtctldata.v24.ValidateShardRequest
	(*v24.ValidateVersionKeyspaceRequest)(nil),      // 116: vitess.vtctldata.v24.ValidateVersionKeyspaceRequest
	(*v24.ValidateVersionShardRequest)(nil),         // 117: vitess.vtctldata.v24.ValidateVersionShardRequest
	(*v24.ValidateVSchemaRequest)(nil),              // 118: vitess.vtctldata.v24.ValidateVSchemaRequest
	(*v24.VDiffCreateRequest)(nil),                  // 119: vitess.vtctldata.v24.VDiffCreateRequest
	(*v24.VDiffDeleteRequest)(nil),                  // 120: vitess.vtctldata.v24.VDiffDeleteRequest
	(*v24.VDiffResumeRequest)(nil),                  // 121: vitess.vtctldata.v24.VDiffResumeRequest
	(*v24.VDiffShowRequest)(nil),                    // 122: vitess.vtctldata.v24.VDiffShowRequest
	(*v24.VDiffStopRequest)(nil),                    // 123: vitess.vtctldata.v24.VDiffStopRequest
	(*v24.WorkflowDeleteRequest)(nil),               // 124: vitess.vtctldata.v24.WorkflowDeleteRequest
	(*v24.WorkflowStatusRequest)(nil),               // 125: vitess.vtctldata.v24.WorkflowStatusRequest
	(*v24.WorkflowSwitchTrafficRequest)(nil),        // 126: vitess.vtctldata.v24.WorkflowSwitchTrafficRequest
	(*v24.WorkflowUpdateRequest)(nil),               // 127: vitess.vtctldata.v24.WorkflowUpdateRequest
	(*v24.GetMirrorRulesRequest)(nil),               // 128: vitess.vtctldata.v24.GetMirrorRulesRequest
	(*v24.WorkflowMirrorTrafficRequest)(nil),        // 129: vitess.vtctldata.v24.WorkflowMirrorTrafficRequest
	(*v24.ExecuteVtctlCommandResponse)(nil),         // 130: vitess.vtctldata.v24.ExecuteVtctlCommandResponse
	(*v24.AddCellInfoResponse)(nil),                 // 131: vitess.vtctldata.v24.AddCellInfoResponse
	(*v24.AddCellsAliasResponse)(nil),               // 132: vitess.vtctldata.v24.AddCellsAliasResponse
	(*v24.ApplyRoutingRulesResponse)(nil),           // 133: vitess.vtctldata.v24.ApplyRoutingRulesResponse
	(*v24.ApplySchemaResponse)(nil),                 // 134: vitess.vtctldata.v24.ApplySchemaResponse
	(*v24.ApplyKeyspaceRoutingRulesResponse)(nil),   // 135: vitess.vtctldata.v24.ApplyKeyspaceRoutingRulesResponse
	(*v24.ApplyShardRoutingRulesResponse)(nil),      // 136: vitess.vtctldata.v24.ApplyShardRoutingRulesResponse
	(*v24.ApplyVSchemaResponse)(nil),                // 137: vitess.vtctldata.v24.ApplyVSchemaResponse
	(*v24.BackupResponse)(nil),                      // 138: vitess.vtctldata.v24.BackupResponse
	(*v24.CancelSchemaMigrationResponse)(nil),       // 139: vitess.vtctldata.v24.CancelSchemaMigrationResponse
	(*v24.ChangeTabletTagsResponse)(nil),            // 140: vitess.vtctldata.v24.ChangeTabletTagsResponse
	(*v24.ChangeTabletTypeResponse)(nil),            // 141: vitess.vtctldata.v24.ChangeTabletTypeResponse
	(*v24.CheckThrottlerResponse)(nil),              // 142: vitess.vtctldata.v24.CheckThrottlerResponse
	(*v24.CleanupSchemaMigrationResponse)(nil),      // 143: vitess.vtctldata.v24.CleanupSchemaMigrationResponse
	(*v24.CompleteSchemaMigrationResponse)(nil),     // 144: vitess.vtctldata.v24.CompleteSchemaMigrationResponse
	(*v24.ConcludeTransactionResponse)(nil),         // 145: vitess.vtctldata.v24.ConcludeTransactionResponse
	(*v24.CopySchemaShardResponse)(nil),             // 146: vitess.vtctldata.v24.CopySchemaShardResponse
	(*v24.CreateKeyspaceResponse)(nil),              // 147: vitess.vtctldata.v24.CreateKeyspaceResponse
	(*v24.CreateShardResponse)(nil),                 // 148: vitess.vtctldata.v24.CreateShardResponse
	(*v24.DeleteCellInfoResponse)(nil),              // 149: vitess.vtctldata.v24.DeleteCellInfoResponse
	(*v24.DeleteCellsAliasResponse)(nil),            // 150: vitess.vtctldata.v24.DeleteCellsAliasResponse
	(*v24.DeleteKeyspaceResponse)(nil),              // 151: vitess.vtctldata.v24.DeleteKeyspaceResponse
	(*v24.DeleteShardsResponse)(nil),                // 152: vitess.vtctldata.v24.DeleteShardsResponse
	(*v24.DeleteSrvVSchemaResponse)(nil),            // 153: vitess.vtctldata.v24.DeleteSrvVSchemaResponse
	(*v24.DeleteTabletsResponse)(nil),               // 154: vitess.vtctldata.v24.DeleteTabletsResponse
	(*v24.EmergencyReparentShardResponse)(nil),      // 155: vitess.vtctldata.v24.EmergencyReparentShardResponse
	(*v24.ExecuteFetchAsAppResponse)(nil),           // 156: vitess.vtctldata.v24.ExecuteFetchAsAppResponse
	(*v24.ExecuteFetchAsDBAResponse)(nil),           // 157: vitess.vtctldata.v24.ExecuteFetchAsDBAResponse
	(*v24.ExecuteHookResponse)(nil),                 // 158: vitess.vtctldata.v24.ExecuteHookResponse
	(*v24.ExecuteMultiFetchAsDBAResponse)(nil),      // 159: vitess.vtctldata.v24.ExecuteMultiFetchAsDBAResponse
	(*v24.FindAllShardsInKeyspaceResponse)(nil),     // 160: vitess.vtctldata.v24.FindAllShardsInKeyspaceResponse
	(*v24.ForceCutOverSchemaMigrationResponse)(nil), // 161: vitess.vtctldata.v24.ForceCutOverSchemaMigrationResponse
	(*v24.GetBackupsResponse)(nil),                  // 162: vitess.vtctldata.v24.GetBackupsResponse
	(*v24.GetCellInfoResponse)(nil),                 // 163: vitess.vtctldata.v24.GetCellInfoResponse
	(*v24.GetCellInfoNamesResponse)(nil),            // 164: vitess.vtctldata.v24.GetCellInfoNamesResponse
	(*v24.GetCellsAliasesResponse)(nil),             // 165: vitess.vtctldata.v24.GetCellsAliasesResponse
	(*v24.GetFullStatusResponse)(nil),               // 166: vitess.vtctldata.v24.GetFullStatusResponse
	(*v24.GetKeyspaceResponse)(nil),                 // 167: vitess.vtctldata.v24.GetKeyspaceResponse
	(*v24.GetKeyspacesResponse)(nil),                // 168: vitess.vtctldata.v24.GetKeyspacesResponse
	(*v24.GetKeyspaceRoutingRulesResponse)(nil),     // 169: vitess.vtctldata.v24.GetKeyspaceRoutingRulesResponse
	(*v24.GetPermissionsResponse)(nil),              // 170: vitess.vtctldata.v24.GetPermissionsResponse
	(*v24.GetRoutingRulesResponse)(nil),             // 171: vitess.vtctldata.v24.GetRoutingRulesResponse
	(*v24.GetSchemaResponse)(nil),                   // 172: vitess.vtctldata.v24.GetSchemaResponse
	(*v24.GetSchemaMigrationsResponse)(nil),         // 173: vitess.vtctldata.v24.GetSchemaMigrationsResponse
	(*v24.GetShardReplicationResponse)(nil),         // 174: vitess.vtctldata.v24.GetShardReplicationResponse
	(*v24.GetShardResponse)(nil),                    // 175: vitess.vtctldata.v24.GetShardResponse
	(*v24.GetShardRoutingRulesResponse)(nil),        // 176: vitess.vtctldata.v24.GetShardRoutingRulesResponse
	(*v24.GetSrvKeyspaceNamesResponse)(nil),         // 177: vitess.vtctldata.v24.GetSrvKeyspaceNamesResponse
	(*v24.GetSrvKeyspacesResponse)(nil),             // 178: vitess.vtctldata.v24.GetSrvKeyspacesResponse
	(*v24.UpdateThrottlerConfigResponse)(nil),       // 179: vitess.vtctldata.v24.UpdateThrottlerConfigResponse
	(*v24.GetSrvVSchemaResponse)(nil),               // 180: vitess.vtctldata.v24.GetSrvVSchemaResponse
	(*v24.GetSrvVSchemasResponse)(nil),              // 181: vitess.vtctldata.v24.GetSrvVSchemasResponse
	(*v24.GetTabletResponse)(nil),                   // 182: vitess.vtctldata.v24.GetTabletResponse
	(*v24.GetTabletsResponse)(nil),                  // 183: vitess.vtctldata.v24.GetTabletsResponse
	(*v24.GetThrottlerStatusResponse)(nil),          // 184: vitess.vtctldata.v24.GetThrottlerStatusResponse
	(*v24.GetTopologyPathResponse)(nil),             // 185: vitess.vtctldata.v24.GetTopologyPathResponse
	(*v24.GetTransactionInfoResponse)(nil),          // 186: vitess.vtctldata.v24.GetTransactionInfoResponse
	(*v24.GetUnresolvedTransactionsResponse)(nil),   // 187: vitess.vtctldata.v24.GetUnresolvedTransactionsResponse
	(*v24.GetVersionResponse)(nil),                  // 188: vitess.vtctldata.v24.GetVersionResponse
	(*v24.GetVSchemaResponse)(nil),                  // 189: vitess.vtctldata.v24.GetVSchemaResponse
	(*v24.GetWorkflowsResponse)(nil),                // 190: vitess.vtctldata.v24.GetWorkflowsResponse
	(*v24.InitShardPrimaryResponse)(nil),            // 191: vitess.vtctldata.v24.InitShardPrimaryResponse
	(*v24.LaunchSchemaMigrationResponse)(nil),       // 192: vitess.vtctldata.v24.LaunchSchemaMigrationResponse
	(*v24.LookupVindexCompleteResponse)(nil),        // 193: vitess.vtctldata.v24.LookupVindexCompleteResponse
	(*v24.LookupVindexCreateResponse)(nil),          // 194: vitess.vtctldata.v24.LookupVindexCreateResponse
	(*v24.LookupVindexExternalizeResponse)(nil),     // 195: vitess.vtctldata.v24.LookupVindexExternalizeResponse
	(*v24.LookupVindexInternalizeResponse)(nil),     // 196: vitess.vtctldata.v24.LookupVindexInternalizeResponse
	(*v24.MaterializeCreateResponse)(nil),           // 197: vitess.vtctldata.v24.MaterializeCreateResponse
	(*v24.WorkflowAddTablesResponse)(nil),           // 198: vitess.vtctldata.v24.WorkflowAddTablesResponse
	(*v24.WorkflowStatusResponse)(nil),              // 199: vitess.vtctldata.v24.WorkflowStatusResponse
	(*v24.MountRegisterResponse)(nil),               // 200: vitess.vtctldata.v24.MountRegisterResponse
	(*v24.MountUnregisterResponse)(nil),             // 201: vitess.vtctldata.v24.MountUnregisterResponse
	(*v24.MountShowResponse)(nil),                   // 202: vitess.vtctldata.v24.MountShowResponse
	(*v24.MountListResponse)(nil),                   // 203: vitess.vtctldata.v24.MountListResponse
	(*v24.MoveTablesCompleteResponse)(nil),          // 204: vitess.vtctldata.v24.MoveTablesCompleteResponse
	(*v24.PingTabletResponse)(nil),                  // 205: vitess.vtctldata.v24.PingTabletResponse
	(*v24.PlannedReparentShardResponse)(nil),        // 206: vitess.vtctldata.v24.PlannedReparentShardResponse
	(*v24.RebuildKeyspaceGraphResponse)(nil),        // 207: vitess.vtctldata.v24.RebuildKeyspaceGraphResponse
	(*v24.RebuildVSchemaGraphResponse)(nil),         // 208: vitess.vtctldata.v24.RebuildVSchemaGraphResponse
	(*v24.RefreshStateResponse)(nil),                // 209: vitess.vtctldata.v24.RefreshStateResponse
	(*v24.RefreshStateByShardResponse)(nil),         // 210: vitess.vtctldata.v24.RefreshStateByShardResponse
	(*v24.ReloadSchemaResponse)(nil),                // 211: vitess.vtctldata.v24.ReloadSchemaResponse
	(*v24.ReloadSchemaKeyspaceResponse)(nil),        // 212: vitess.vtctldata.v24.ReloadSchemaKeyspaceResponse
	(*v24.ReloadSchemaShardResponse)(nil),           // 213: vitess.vtctldata.v24.ReloadSchemaShardResponse
	(*v24.RemoveBackupResponse)(nil),                // 214: vitess.vtctldata.v24.RemoveBackupResponse
	(*v24.RemoveKeyspaceCellResponse)(nil),          // 215: vitess.vtctldata.v24.RemoveKeyspaceCellResponse
	(*v24.RemoveShardCellResponse)(nil),             // 216: vitess.vtctldata.v24.RemoveShardCellResponse
	(*v24.ReparentTabletResponse)(nil),              // 217: vitess.vtctldata.v24.ReparentTabletResponse
	(*v24.RestoreFromBackupResponse)(nil),           // 218: vitess.vtctldata.v24.RestoreFromBackupResponse
	(*v24.RetrySchemaMigrationResponse)(nil),        // 219: vitess.vtctldata.v24.RetrySchemaMigrationResponse
	(*v24.RunHealthCheckResponse)(nil),              // 220: vitess.vtctldata.v24.RunHealthCheckResponse
	(*v24.SetKeyspaceDurabilityPolicyResponse)(nil), // 221: vitess.vtctldata.v24.SetKeyspaceDurabilityPolicyResponse
	(*v24.SetShardIsPrimaryServingResponse)(nil),    // 222: vitess.vtctldata.v24.SetShardIsPrimaryServingResponse
	(*v24.SetShardTabletControlResponse)(nil),       // 223: vitess.vtctldata.v24.SetShardTabletControlResponse
	(*v24.SetVtorcEmergencyReparentResponse)(nil),   // 224: vitess.vtctldata.v24.SetVtorcEmergencyReparentResponse
	(*v24.SetWritableResponse)(nil),                 // 225: vitess.vtctldata.v24.SetWritableResponse
	(*v24.ShardReplicationAddResponse)(nil),         // 226: vitess.vtctldata.v24.ShardReplicationAddResponse
	(*v24.ShardReplicationFixResponse)(nil),         // 227: vitess.vtctldata.v24.ShardReplicationFixResponse
	(*v24.ShardReplicationPositionsResponse)(nil),   // 228: vitess.vtctldata.v24.ShardReplicationPositionsResponse
	(*v24.ShardReplicationRemoveResponse)(nil),      // 229: vitess.vtctldata.v24.ShardReplicationRemoveResponse
	(*v24.SleepTabletResponse)(nil),                 // 230: vitess.vtctldata.v24.SleepTabletResponse
	(*v24.SourceShardAddResponse)(nil),              // 231: vitess.vtctldata.v24.SourceShardAddResponse
	(*v24.SourceShardDeleteResponse)(nil),           // 232: vitess.vtctldata.v24.SourceShardDeleteResponse
	(*v24.StartReplicationResponse)(nil),            // 233: vitess.vtctldata.v24.StartReplicationResponse
	(*v24.StopReplicationResponse)(nil),             // 234: vitess.vtctldata.v24.StopReplicationResponse
	(*v24.TabletExternallyReparentedResponse)(nil),  // 235: vitess.vtctldata.v24.TabletExternallyReparentedResponse
	(*v24.UpdateCellInfoResponse)(nil),              // 236: vitess.vtctldata.v24.UpdateCellInfoResponse
	(*v24.UpdateCellsAliasResponse)(nil),            // 237: vitess.vtctldata.v24.UpdateCellsAliasResponse
	(*v24.ValidateResponse)(nil),                    // 238: vitess.vtctldata.v24.ValidateResponse
	(*v24.ValidateKeyspaceResponse)(nil),            // 239: vitess.vtctldata.v24.ValidateKeyspaceResponse
	(*v24.ValidatePermissionsKeyspaceResponse)(nil), // 240: vitess.vtctldata.v24.ValidatePermissionsKeyspaceResponse
	(*v24.ValidateSchemaKeyspaceResponse)(nil),      // 241: vitess.vtctldata.v24.ValidateSchemaKeyspaceResponse
	(*v24.ValidateShardResponse)(nil),               // 242: vitess.vtctldata.v24.ValidateShardResponse
	(*v24.ValidateVersionKeyspaceResponse)(nil),     // 243: vitess.vtctldata.v24.ValidateVersionKeyspaceResponse
	(*v24.ValidateVersionShardResponse)(nil),        // 244: vitess.vtctldata.v24.ValidateVersionShardResponse
	(*v24.ValidateVSchemaResponse)(nil),             // 245: vitess.vtctldata.v24.ValidateVSchemaResponse
	(*v24.VDiffCreateResponse)(nil),                 // 246: vitess.vtctldata.v24.VDiffCreateResponse
	(*v24.VDiffDeleteResponse)(nil),                 // 247: vitess.vtctldata.v24.VDiffDeleteResponse
	(*v24.VDiffResumeResponse)(nil),                 // 248: vitess.vtctldata.v24.VDiffResumeResponse
	(*v24.VDiffShowResponse)(nil),                   // 249: vitess.vtctldata.v24.VDiffShowResponse
	(*v24.VDiffStopResponse)(nil),                   // 250: vitess.vtctldata.v24.VDiffStopResponse
	(*v24.WorkflowDeleteResponse)(nil),              // 251: vitess.vtctldata.v24.WorkflowDeleteResponse
	(*v24.WorkflowSwitchTrafficResponse)(nil),       // 252: vitess.vtctldata.v24.WorkflowSwitchTrafficResponse
	(*v24.WorkflowUpdateResponse)(nil),              // 253: vitess.vtctldata.v24.WorkflowUpdateResponse
	(*v24.GetMirrorRulesResponse)(nil),              // 254: vitess.vtctldata.v24.GetMirrorRulesResponse
	(*v24.WorkflowMirrorTrafficResponse)(nil),       // 255: vitess.vtctldata.v24.WorkflowMirrorTrafficResponse
}
var file_vitess_vtctlservice_v24_vtctlservice_proto_depIdxs = []int32{
	0,   // 0: vitess.vtctlservice.v24.Vtctl.ExecuteVtctlCommand:input_type -> vitess.vtctldata.v24.ExecuteVtctlCommandRequest
	1,   // 1: vitess.vtctlservice.v24.Vtctld.AddCellInfo:input_type -> vitess.vtctldata.v24.AddCellInfoRequest
	2,   // 2: vitess.vtctlservice.v24.Vtctld.AddCellsAlias:input_type -> vitess.vtctldata.v24.AddCellsAliasRequest
	3,   // 3: vitess.vtctlservice.v24.Vtctld.ApplyRoutingRules:input_type -> vitess.vtctldata.v24.ApplyRoutingRulesRequest
	4,   // 4: vitess.vtctlservice.v24.Vtctld.ApplySchema:input_type -> vitess.vtctldata.v24.ApplySchemaRequest
	5,   // 5: vitess.vtctlservice.v24.Vtctld.ApplyKeyspaceRoutingRules:input_type -> vitess.vtctldata.v24.ApplyKeyspaceRoutingRulesRequest
	6,   // 6: vitess.vtctlservice.v24.Vtctld.ApplyShardRoutingRules:input_type -> vitess.vtctldata.v24.ApplyShardRoutingRulesRequest
	7,   // 7: vitess.vtctlservice.v24.Vtctld.ApplyVSchema:input_type -> vitess.vtctldata.v24.ApplyVSchemaRequest
	8,   // 8: vitess.vtctlservice.v24.Vtctld.Backup:input_type -> vitess.vtctldata.v24.BackupRequest
	9,   // 9: vitess.vtctlservice.v24.Vtctld.BackupShard:input_type -> vitess.vtctldata.v24.BackupShardRequest
	10,  // 10: vitess.vtctlservice.v24.Vtctld.CancelSchemaMigration:input_type -> vitess.vtctldata.v24.CancelSchemaMigrationRequest
	11,  // 11: vitess.vtctlservice.v24.Vtctld.ChangeTabletTags:input_type -> vitess.vtctldata.v24.ChangeTabletTagsRequest
	12,  // 12: vitess.vtctlservice.v24.Vtctld.ChangeTabletType:input_type -> vitess.vtctldata.v24.ChangeTabletTypeRequest
	13,  // 13: vitess.vtctlservice.v24.Vtctld.CheckThrottler:input_type -> vitess.vtctldata.v24.CheckThrottlerRequest
	14,  // 14: vitess.vtctlservice.v24.Vtctld.CleanupSchemaMigration:input_type -> vitess.vtctldata.v24.CleanupSchemaMigrationRequest
	15,  // 15: vitess.vtctlservice.v24.Vtctld.CompleteSchemaMigration:input_type -> vitess.vtctldata.v24.CompleteSchemaMigrationRequest
	16,  // 16: vitess.vtctlservice.v24.Vtctld.ConcludeTransaction:input_type -> vitess.vtctldata.v24.ConcludeTransactionRequest
	17,  // 17: vitess.vtctlservice.v24.Vtctld.CopySchemaShard:input_type -> vitess.vtctldata.v24.CopySchemaShardRequest
	18,  // 18: vitess.vtctlservice.v24.Vtctld.CreateKeyspace:input_type -> vitess.vtctldata.v24.CreateKeyspaceRequest
	19,  // 19: vitess.vtctlservice.v24.Vtctld.CreateShard:input_type -> vitess.vtctldata.v24.CreateShardRequest
	20,  // 20: vitess.vtctlservice.v24.Vtctld.DeleteCellInfo:input_type -> vitess.vtctldata.v24.DeleteCellInfoRequest
	21,  // 21: vitess.vtctlservice.v24.Vtctld.DeleteCellsAlias:input_type -> vitess.vtctldata.v24.DeleteCellsAliasRequest
	22,  // 22: vitess.vtctlservice.v24.Vtctld.DeleteKeyspace:input_type -> vitess.vtctldata.v24.DeleteKeyspaceRequest
	23,  // 23: vitess.vtctlservice.v24.Vtctld.DeleteShards:input_type -> vitess.vtctldata.v24.DeleteShardsRequest
	24,  // 24: vitess.vtctlservice.v24.Vtctld.DeleteSrvVSchema:input_type -> vitess.vtctldata.v24.DeleteSrvVSchemaRequest
	25,  // 25: vitess.vtctlservice.v24.Vtctld.DeleteTablets:input_type -> vitess.vtctldata.v24.DeleteTabletsRequest
	26,  // 26: vitess.vtctlservice.v24.Vtctld.EmergencyReparentShard:input_type -> vitess.vtctldata.v24.EmergencyReparentShardRequest
	27,  // 27: vitess.vtctlservice.v24.Vtctld.ExecuteFetchAsApp:input_type -> vitess.vtctldata.v24.ExecuteFetchAsAppRequest
	28,  // 28: vitess.vtctlservice.v24.Vtctld.ExecuteFetchAsDBA:input_type -> vitess.vtctldata.v24.ExecuteFetchAsDBARequest
	29,  // 29: vitess.vtctlservice.v24.Vtctld.ExecuteHook:input_type -> vitess.vtctldata.v24.ExecuteHookRequest
	30,  // 30: vitess.vtctlservice.v24.Vtctld.ExecuteMultiFetchAsDBA:input_type -> vitess.vtctldata.v24.ExecuteMultiFetchAsDBARequest
	31,  // 31: vitess.vtctlservice.v24.Vtctld.FindAllShardsInKeyspace:input_type -> vitess.vtctldata.v24.FindAllShardsInKeyspaceRequest
	32,  // 32: vitess.vtctlservice.v24.Vtctld.ForceCutOverSchemaMigration:input_type -> vitess.vtctldata.v24.ForceCutOverSchemaMigrationRequest
	33,  // 33: vitess.vtctlservice.v24.Vtctld.GetBackups:input_type -> vitess.vtctldata.v24.GetBackupsRequest
	34,  // 34: vitess.vtctlservice.v24.Vtctld.GetCellInfo:input_type -> vitess.vtctldata.v24.GetCellInfoRequest
	35,  // 35: vitess.vtctlservice.v24.Vtctld.GetCellInfoNames:input_type -> vitess.vtctldata.v24.GetCellInfoNamesRequest
	36,  // 36: vitess.vtctlservice.v24.Vtctld.GetCellsAliases:input_type -> vitess.vtctldata.v24.GetCellsAliasesRequest
	37,  // 37: vitess.vtctlservice.v24.Vtctld.GetFullStatus:input_type -> vitess.vtctldata.v24.GetFullStatusRequest
	38,  // 38: vitess.vtctlservice.v24.Vtctld.GetKeyspace:input_type -> vitess.vtctldata.v24.GetKeyspaceRequest
	39,  // 39: vitess.vtctlservice.v24.Vtctld.GetKeyspaces:input_type -> vitess.vtctldata.v24.GetKeyspacesRequest
	40,  // 40: vitess.vtctlservice.v24.Vtctld.GetKeyspaceRoutingRules:input_type -> vitess.vtctldata.v24.GetKeyspaceRoutingRulesRequest
	41,  // 41: vitess.vtctlservice.v24.Vtctld.GetPermissions:input_type -> vitess.vtctldata.v24.GetPermissionsRequest
	42,  // 42: vitess.vtctlservice.v24.Vtctld.GetRoutingRules:input_type -> vitess.vtctldata.v24.GetRoutingRulesRequest
	43,  // 43: vitess.vtctlservice.v24.Vtctld.GetSchema:input_type -> vitess.vtctldata.v24.GetSchemaRequest
	44,  // 44: vitess.vtctlservice.v24.Vtctld.GetSchemaMigrations:input_type -> vitess.vtctldata.v24.GetSchemaMigrationsRequest
	45,  // 45: vitess.vtctlservice.v24.Vtctld.GetShardReplication:input_type -> vitess.vtctldata.v24.GetShardReplicationRequest
	46,  // 46: vitess.vtctlservice.v24.Vtctld.GetShard:input_type -> vitess.vtctldata.v24.GetShardRequest
	47,  // 47: vitess.vtctlservice.v24.Vtctld.GetShardRoutingRules:input_type -> vitess.vtctldata.v24.GetShardRoutingRulesRequest
	48,  // 48: vitess.vtctlservice.v24.Vtctld.GetSrvKeyspaceNames:input_type -> vitess.vtctldata.v24.GetSrvKeyspaceNamesRequest
	49,  // 49: vitess.vtctlservice.v24.Vtctld.GetSrvKeyspaces:input_type -> vitess.vtctldata.v24.GetSrvKeyspacesRequest
	50,  // 50: vitess.vtctlservice.v24.Vtctld.UpdateThrottlerConfig:input_type -> vitess.vtctldata.v24.UpdateThrottlerConfigRequest
	51,  // 51: vitess.vtctlservice.v24.Vtctld.GetSrvVSchema:input_type -> vitess.vtctldata.v24.GetSrvVSchemaRequest
	52,  // 52: vitess.vtctlservice.v24.Vtctld.GetSrvVSchemas:input_type -> vitess.vtctldata.v24.GetSrvVSchemasRequest
	53,  // 53: vitess.vtctlservice.v24.Vtctld.GetTablet:input_type -> vitess.vtctldata.v24.GetTabletRequest
	54,  // 54: vitess.vtctlservice.v24.Vtctld.GetTablets:input_type -> vitess.vtctldata.v24.GetTabletsRequest
	55,  // 55: vitess.vtctlservice.v24.Vtctld.GetThrottlerStatus:input_type -> vitess.vtctldata.v24.GetThrottlerStatusRequest
	56,  // 56: vitess.vtctlservice.v24.Vtctld.GetTopologyPath:input_type -> vitess.vtctldata.v24.GetTopologyPathRequest
	57,  // 57: vitess.vtctlservice.v24.Vtctld.GetTransactionInfo:input_type -> vitess.vtctldata.v24.GetTransactionInfoRequest
	58,  // 58: vitess.vtctlservice.v24.Vtctld.GetUnresolvedTransactions:input_type -> vitess.vtctldata.v24.GetUnresolvedTransactionsRequest
	59,  // 59: vitess.vtctlservice.v24.Vtctld.GetVersion:input_type -> vitess.vtctldata.v24.GetVersionRequest
	60,  // 60: vitess.vtctlservice.v24.Vtctld.GetVSchema:input_type -> vitess.vtctldata.v24.GetVSchemaRequest
	61,  // 61: vitess.vtctlservice.v24.Vtctld.GetWorkflows:input_type -> vitess.vtctldata.v24.GetWorkflowsRequest
	62,  // 62: vitess.vtctlservice.v24.Vtctld.InitShardPrimary:input_type -> vitess.vtctldata.v24.InitShardPrimaryRequest
	63,  // 63: vitess.vtctlservice.v24.Vtctld.LaunchSchemaMigration:input_type -> vitess.vtctldata.v24.LaunchSchemaMigrationRequest
	64,  // 64: vitess.vtctlservice.v24.Vtctld.LookupVindexComplete:input_type -> vitess.vtctldata.v24.LookupVindexCompleteRequest
	65,  // 65: vitess.vtctlservice.v24.Vtctld.LookupVindexCreate:input_type -> vitess.vtctldata.v24.LookupVindexCreateRequest
	66,  // 66: vitess.vtctlservice.v24.Vtctld.LookupVindexExternalize:input_type -> vitess.vtctldata.v24.LookupVindexExternalizeRequest
	67,  // 67: vitess.vtctlservice.v24.Vtctld.LookupVindexInternalize:input_type -> vitess.vtctldata.v24.LookupVindexInternalizeRequest
	68,  // 68: vitess.vtctlservice.v24.Vtctld.MaterializeCreate:input_type -> vitess.vtctldata.v24.MaterializeCreateRequest
	69,  // 69: vitess.vtctlservice.v24.Vtctld.WorkflowAddTables:input_type -> vitess.vtctldata.v24.WorkflowAddTablesRequest
	70,  // 70: vitess.vtctlservice.v24.Vtctld.MigrateCreate:input_type -> vitess.vtctldata.v24.MigrateCreateRequest
	71,  // 71: vitess.vtctlservice.v24.Vtctld.MountRegister:input_type -> vitess.vtctldata.v24.MountRegisterRequest
	72,  // 72: vitess.vtctlservice.v24.Vtctld.MountUnregister:input_type -> vitess.vtctldata.v24.MountUnregisterRequest
	73,  // 73: vitess.vtctlservice.v24.Vtctld.MountShow:input_type -> vitess.vtctldata.v24.MountShowRequest
	74,  // 74: vitess.vtctlservice.v24.Vtctld.MountList:input_type -> vitess.vtctldata.v24.MountListRequest
	75,  // 75: vitess.vtctlservice.v24.Vtctld.MoveTablesCreate:input_type -> vitess.vtctldata.v24.MoveTablesCreateRequest
	76,  // 76: vitess.vtctlservice.v24.Vtctld.MoveTablesComplete:input_type -> vitess.vtctldata.v24.MoveTablesCompleteRequest
	77,  // 77: vitess.vtctlservice.v24.Vtctld.PingTablet:input_type -> vitess.vtctldata.v24.PingTabletRequest
	78,  // 78: vitess.vtctlservice.v24.Vtctld.PlannedReparentShard:input_type -> vitess.vtctldata.v24.PlannedReparentShardRequest
	79,  // 79: vitess.vtctlservice.v24.Vtctld.RebuildKeyspaceGraph:input_type -> vitess.vtctldata.v24.RebuildKeyspaceGraphRequest
	80,  // 80: vitess.vtctlservice.v24.Vtctld.RebuildVSchemaGraph:input_type -> vitess.vtctldata.v24.RebuildVSchemaGraphRequest
	81,  // 81: vitess.vtctlservice.v24.Vtctld.RefreshState:input_type -> vitess.vtctldata.v24.RefreshStateRequest
	82,  // 82: vitess.vtctlservice.v24.Vtctld.RefreshStateByShard:input_type -> vitess.vtctldata.v24.RefreshStateByShardRequest
	83,  // 83: vitess.vtctlservice.v24.Vtctld.ReloadSchema:input_type -> vitess.vtctldata.v24.ReloadSchemaRequest
	84,  // 84: vitess.vtctlservice.v24.Vtctld.ReloadSchemaKeyspace:input_type -> vitess.vtctldata.v24.ReloadSchemaKeyspaceRequest
	85,  // 85: vitess.vtctlservice.v24.Vtctld.ReloadSchemaShard:input_type -> vitess.vtctldata.v24.ReloadSchemaShardRequest
	86,  // 86: vitess.vtctlservice.v24.Vtctld.RemoveBackup:input_type -> vitess.vtctldata.v24.RemoveBackupRequest
	87,  // 87: vitess.vtctlservice.v24.Vtctld.RemoveKeyspaceCell:input_type -> vitess.vtctldata.v24.RemoveKeyspaceCellRequest
	88,  // 88: vitess.vtctlservice.v24.Vtctld.RemoveShardCell:input_type -> vitess.vtctldata.v24.RemoveShardCellRequest
	89,  // 89: vitess.vtctlservice.v24.Vtctld.ReparentTablet:input_type -> vitess.vtctldata.v24.ReparentTabletRequest
	90,  // 90: vitess.vtctlservice.v24.Vtctld.ReshardCreate:input_type -> vitess.vtctldata.v24.ReshardCreateRequest
	91,  // 91: vitess.vtctlservice.v24.Vtctld.RestoreFromBackup:input_type -> vitess.vtctldata.v24.RestoreFromBackupRequest
	92,  // 92: vitess.vtctlservice.v24.Vtctld.RetrySchemaMigration:input_type -> vitess.vtctldata.v24.RetrySchemaMigrationRequest
	93,  // 93: vitess.vtctlservice.v24.Vtctld.RunHealthCheck:input_type -> vitess.vtctldata.v24.RunHealthCheckRequest
	94,  // 94: vitess.vtctlservice.v24.Vtctld.SetKeyspaceDurabilityPolicy:input_type -> vitess.vtctldata.v24.SetKeyspaceDurabilityPolicyRequest
	95,  // 95: vitess.vtctlservice.v24.Vtctld.SetShardIsPrimaryServing:input_type -> vitess.vtctldata.v24.SetShardIsPrimaryServingRequest
	96,  // 96: vitess.vtctlservice.v24.Vtctld.SetShardTabletControl:input_type -> vitess.vtctldata.v24.SetShardTabletControlRequest
	97,  // 97: vitess.vtctlservice.v24.Vtctld.SetVtorcEmergencyReparent:input_type -> vitess.vtctldata.v24.SetVtorcEmergencyReparentRequest
	98,  // 98: vitess.vtctlservice.v24.Vtctld.SetWritable:input_type -> vitess.vtctldata.v24.SetWritableRequest
	99,  // 99: vitess.vtctlservice.v24.Vtctld.ShardReplicationAdd:input_type -> vitess.vtctldata.v24.ShardReplicationAddRequest
	100, // 100: vitess.vtctlservice.v24.Vtctld.ShardReplicationFix:input_type -> vitess.vtctldata.v24.ShardReplicationFixRequest
	101, // 101: vitess.vtctlservice.v24.Vtctld.ShardReplicationPositions:input_type -> vitess.vtctldata.v24.ShardReplicationPositionsRequest
	102, // 102: vitess.vtctlservice.v24.Vtctld.ShardReplicationRemove:input_type -> vitess.vtctldata.v24.ShardReplicationRemoveRequest
	103, // 103: vitess.vtctlservice.v24.Vtctld.SleepTablet:input_type -> vitess.vtctldata.v24.SleepTabletRequest
	104, // 104: vitess.vtctlservice.v24.Vtctld.SourceShardAdd:input_type -> vitess.vtctldata.v24.SourceShardAddRequest
	105, // 105: vitess.vtctlservice.v24.Vtctld.SourceShardDelete:input_type -> vitess.vtctldata.v24.SourceShardDeleteRequest
	106, // 106: vitess.vtctlservice.v24.Vtctld.StartReplication:input_type -> vitess.vtctldata.v24.StartReplicationRequest
	107, // 107: vitess.vtctlservice.v24.Vtctld.StopReplication:input_type -> vitess.vtctldata.v24.StopReplicationRequest
	108, // 108: vitess.vtctlservice.v24.Vtctld.TabletExternallyReparented:input_type -> vitess.vtctldata.v24.TabletExternallyReparentedRequest
	109, // 109: vitess.vtctlservice.v24.Vtctld.UpdateCellInfo:input_type -> vitess.vtctldata.v24.UpdateCellInfoRequest
	110, // 110: vitess.vtctlservice.v24.Vtctld.UpdateCellsAlias:input_type -> vitess.vtctldata.v24.UpdateCellsAliasRequest
	111, // 111: vitess.vtctlservice.v24.Vtctld.Validate:input_type -> vitess.vtctldata.v24.ValidateRequest
	112, // 112: vitess.vtctlservice.v24.Vtctld.ValidateKeyspace:input_type -> vitess.vtctldata.v24.ValidateKeyspaceRequest
	113, // 113: vitess.vtctlservice.v24.Vtctld.ValidatePermissionsKeyspace:input_type -> vitess.vtctldata.v24.ValidatePermissionsKeyspaceRequest
	114, // 114: vitess.vtctlservice.v24.Vtctld.ValidateSchemaKeyspace:input_type -> vitess.vtctldata.v24.ValidateSchemaKeyspaceRequest
	115, // 115: vitess.vtctlservice.v24.Vtctld.ValidateShard:input_type -> vitess.vtctldata.v24.ValidateShardRequest
	116, // 116: vitess.vtctlservice.v24.Vtctld.ValidateVersionKeyspace:input_type -> vitess.vtctldata.v24.ValidateVersionKeyspaceRequest
	117, // 117: vitess.vtctlservice.v24.Vtctld.ValidateVersionShard:input_type -> vitess.vtctldata.v24.ValidateVersionShardRequest
	118, // 118: vitess.vtctlservice.v24.Vtctld.ValidateVSchema:input_type -> vitess.vtctldata.v24.ValidateVSchemaRequest
	119, // 119: vitess.vtctlservice.v24.Vtctld.VDiffCreate:input_type -> vitess.vtctldata.v24.VDiffCreateRequest
	120, // 120: vitess.vtctlservice.v24.Vtctld.VDiffDelete:input_type -> vitess.vtctldata.v24.VDiffDeleteRequest
	121, // 121: vitess.vtctlservice.v24.Vtctld.VDiffResume:input_type -> vitess.vtctldata.v24.VDiffResumeRequest
	122, // 122: vitess.vtctlservice.v24.Vtctld.VDiffShow:input_type -> vitess.vtctldata.v24.VDiffShowRequest
	123, // 123: vitess.vtctlservice.v24.Vtctld.VDiffStop:input_type -> vitess.vtctldata.v24.VDiffStopRequest
	124, // 124: vitess.vtctlservice.v24.Vtctld.WorkflowDelete:input_type -> vitess.vtctldata.v24.WorkflowDeleteRequest
	125, // 125: vitess.vtctlservice.v24.Vtctld.WorkflowStatus:input_type -> vitess.vtctldata.v24.WorkflowStatusRequest
	126, // 126: vitess.vtctlservice.v24.Vtctld.WorkflowSwitchTraffic:input_type -> vitess.vtctldata.v24.WorkflowSwitchTrafficRequest
	127, // 127: vitess.vtctlservice.v24.Vtctld.WorkflowUpdate:input_type -> vitess.vtctldata.v24.WorkflowUpdateRequest
	128, // 128: vitess.vtctlservice.v24.Vtctld.GetMirrorRules:input_type -> vitess.vtctldata.v24.GetMirrorRulesRequest
	129, // 129: vitess.vtctlservice.v24.Vtctld.WorkflowMirrorTraffic:input_type -> vitess.vtctldata.v24.WorkflowMirrorTrafficRequest
	130, // 130: vitess.vtctlservice.v24.Vtctl.ExecuteVtctlCommand:output_type -> vitess.vtctldata.v24.ExecuteVtctlCommandResponse
	131, // 131: vitess.vtctlservice.v24.Vtctld.AddCellInfo:output_type -> vitess.vtctldata.v24.AddCellInfoResponse
	132, // 132: vitess.vtctlservice.v24.Vtctld.AddCellsAlias:output_type -> vitess.vtctldata.v24.AddCellsAliasResponse
	133, // 133: vitess.vtctlservice.v24.Vtctld.ApplyRoutingRules:output_type -> vitess.vtctldata.v24.ApplyRoutingRulesResponse
	134, // 134: vitess.vtctlservice.v24.Vtctld.ApplySchema:output_type -> vitess.vtctldata.v24.ApplySchemaResponse
	135, // 135: vitess.vtctlservice.v24.Vtctld.ApplyKeyspaceRoutingRules:output_type -> vitess.vtctldata.v24.ApplyKeyspaceRoutingRulesResponse
	136, // 136: vitess.vtctlservice.v24.Vtctld.ApplyShardRoutingRules:output_type -> vitess.vtctldata.v24.ApplyShardRoutingRulesResponse
	137, // 137: vitess.vtctlservice.v24.Vtctld.ApplyVSchema:output_type -> vitess.vtctldata.v24.ApplyVSchemaResponse
	138, // 138: vitess.vtctlservice.v24.Vtctld.Backup:output_type -> vitess.vtctldata.v24.BackupResponse
	138, // 139: vitess.vtctlservice.v24.Vtctld.BackupShard:output_type -> vitess.vtctldata.v24.BackupResponse
	139, // 140: vitess.vtctlservice.v24.Vtctld.CancelSchemaMigration:output_type -> vitess.vtctldata.v24.CancelSchemaMigrationResponse
	140, // 141: vitess.vtctlservice.v24.Vtctld.ChangeTabletTags:output_type -> vitess.vtctldata.v24.ChangeTabletTagsResponse
	141, // 142: vitess.vtctlservice.v24.Vtctld.ChangeTabletType:output_type -> vitess.vtctldata.v24.ChangeTabletTypeResponse
	142, // 143: vitess.vtctlservice.v24.Vtctld.CheckThrottler:output_type -> vitess.vtctldata.v24.CheckThrottlerResponse
	143, // 144: vitess.vtctlservice.v24.Vtctld.CleanupSchemaMigration:output_type -> vitess.vtctldata.v24.CleanupSchemaMigrationResponse
	144, // 145: vitess.vtctlservice.v24.Vtctld.CompleteSchemaMigration:output_type -> vitess.vtctldata.v24.CompleteSchemaMigrationResponse
	145, // 146: vitess.vtctlservice.v24.Vtctld.ConcludeTransaction:output_type -> vitess.vtctldata.v24.ConcludeTransactionResponse
	146, // 147: vitess.vtctlservice.v24.Vtctld.CopySchemaShard:output_type -> vitess.vtctldata.v24.CopySchemaShardResponse
	147, // 148: vitess.vtctlservice.v24.Vtctld.CreateKeyspace:output_type -> vitess.vtctldata.v24.CreateKeyspaceResponse
	148, // 149: vitess.vtctlservice.v24.Vtctld.CreateShard:output_type -> vitess.vtctldata.v24.CreateShardResponse
	149, // 150: vitess.vtctlservice.v24.Vtctld.DeleteCellInfo:output_type -> vitess.vtctldata.v24.DeleteCellInfoResponse
	150, // 151: vitess.vtctlservice.v24.Vtctld.DeleteCellsAlias:output_type -> vitess.vtctldata.v24.DeleteCellsAliasResponse
	151, // 152: vitess.vtctlservice.v24.Vtctld.DeleteKeyspace:output_type -> vitess.vtctldata.v24.DeleteKeyspaceResponse
	152, // 153: vitess.vtctlservice.v24.Vtctld.DeleteShards:output_type -> vitess.vtctldata.v24.DeleteShardsResponse
	153, // 154: vitess.vtctlservice.v24.Vtctld.DeleteSrvVSchema:output_type -> vitess.vtctldata.v24.DeleteSrvVSchemaResponse
	154, // 155: vitess.vtctlservice.v24.Vtctld.DeleteTablets:output_type -> vitess.vtctldata.v24.DeleteTabletsResponse
	155, // 156: vitess.vtctlservice.v24.Vtctld.EmergencyReparentShard:output_type -> vitess.vtctldata.v24.EmergencyReparentShardResponse
	156, // 157: vitess.vtctlservice.v24.Vtctld.ExecuteFetchAsApp:output_type -> vitess.vtctldata.v24.ExecuteFetchAsAppResponse
	157, // 158: vitess.vtctlservice.v24.Vtctld.ExecuteFetchAsDBA:output_type -> vitess.vtctldata.v24.ExecuteFetchAsDBAResponse
	158, // 159: vitess.vtctlservice.v24.Vtctld.ExecuteHook:output_type -> vitess.vtctldata.v24.ExecuteHookResponse
	159, // 160: vitess.vtctlservice.v24.Vtctld.ExecuteMultiFetchAsDBA:output_type -> vitess.vtctldata.v24.ExecuteMultiFetchAsDBAResponse
	160, // 161: vitess.vtctlservice.v24.Vtctld.FindAllShardsInKeyspace:output_type -> vitess.vtctldata.v24.FindAllShardsInKeyspaceResponse
	161, // 162: vitess.vtctlservice.v24.Vtctld.ForceCutOverSchemaMigration:output_type -> vitess.vtctldata.v24.ForceCutOverSchemaMigrationResponse
	162, // 163: vitess.vtctlservice.v24.Vtctld.GetBackups:output_type -> vitess.vtctldata.v24.GetBackupsResponse
	163, // 164: vitess.vtctlservice.v24.Vtctld.GetCellInfo:output_type -> vitess.vtctldata.v24.GetCellInfoResponse
	164, // 165: vitess.vtctlservice.v24.Vtctld.GetCellInfoNames:output_type -> vitess.vtctldata.v24.GetCellInfoNamesResponse
	165, // 166: vitess.vtctlservice.v24.Vtctld.GetCellsAliases:output_type -> vitess.vtctldata.v24.GetCellsAliasesResponse
	166, // 167: vitess.vtctlservice.v24.Vtctld.GetFullStatus:output_type -> vitess.vtctldata.v24.GetFullStatusResponse
	167, // 168: vitess.vtctlservice.v24.Vtctld.GetKeyspace:output_type -> vitess.vtctldata.v24.GetKeyspaceResponse
	168, // 169: vitess.vtctlservice.v24.Vtctld.GetKeyspaces:output_type -> vitess.vtctldata.v24.GetKeyspacesResponse
	169, // 170: vitess.vtctlservice.v24.Vtctld.GetKeyspaceRoutingRules:output_type -> vitess.vtctldata.v24.GetKeyspaceRoutingRulesResponse
	170, // 171: vitess.vtctlservice.v24.Vtctld.GetPermissions:output_type -> vitess.vtctldata.v24.GetPermissionsResponse
	171, // 172: vitess.vtctlservice.v24.Vtctld.GetRoutingRules:output_type -> vitess.vtctldata.v24.GetRoutingRulesResponse
	172, // 173: vitess.vtctlservice.v24.Vtctld.GetSchema:output_type -> vitess.vtctldata.v24.GetSchemaResponse
	173, // 174: vitess.vtctlservice.v24.Vtctld.GetSchemaMigrations:output_type -> vitess.vtctldata.v24.GetSchemaMigrationsResponse
	174, // 175: vitess.vtctlservice.v24.Vtctld.GetShardReplication:output_type -> vitess.vtctldata.v24.GetShardReplicationResponse
	175, // 176: vitess.vtctlservice.v24.Vtctld.GetShard:output_type -> vitess.vtctldata.v24.GetShardResponse
	176, // 177: vitess.vtctlservice.v24.Vtctld.GetShardRoutingRules:output_type -> vitess.vtctldata.v24.GetShardRoutingRulesResponse
	177, // 178: vitess.vtctlservice.v24.Vtctld.GetSrvKeyspaceNames:output_type -> vitess.vtctldata.v24.GetSrvKeyspaceNamesResponse
	178, // 179: vitess.vtctlservice.v24.Vtctld.GetSrvKeyspaces:output_type -> vitess.vtctldata.v24.GetSrvKeyspacesResponse
	179, // 180: vitess.vtctlservice.v24.Vtctld.UpdateThrottlerConfig:output_type -> vitess.vtctldata.v24.UpdateThrottlerConfigResponse
	180, // 181: vitess.vtctlservice.v24.Vtctld.GetSrvVSchema:output_type -> vitess.vtctldata.v24.GetSrvVSchemaResponse
	181, // 182: vitess.vtctlservice.v24.Vtctld.GetSrvVSchemas:output_type -> vitess.vtctldata.v24.GetSrvVSchemasResponse
	182, // 183: vitess.vtctlservice.v24.Vtctld.GetTablet:output_type -> vitess.vtctldata.v24.GetTabletResponse
	183, // 184: vitess.vtctlservice.v24.Vtctld.GetTablets:output_type -> vitess.vtctldata.v24.GetTabletsResponse
	184, // 185: vitess.vtctlservice.v24.Vtctld.GetThrottlerStatus:output_type -> vitess.vtctldata.v24.GetThrottlerStatusResponse
	185, // 186: vitess.vtctlservice.v24.Vtctld.GetTopologyPath:output_type -> vitess.vtctldata.v24.GetTopologyPathResponse
	186, // 187: vitess.vtctlservice.v24.Vtctld.GetTransactionInfo:output_type -> vitess.vtctldata.v24.GetTransactionInfoResponse
	187, // 188: vitess.vtctlservice.v24.Vtctld.GetUnresolvedTransactions:output_type -> vitess.vtctldata.v24.GetUnresolvedTransactionsResponse
	188, // 189: vitess.vtctlservice.v24.Vtctld.GetVersion:output_type -> vitess.vtctldata.v24.GetVersionResponse
	189, // 190: vitess.vtctlservice.v24.Vtctld.GetVSchema:output_type -> vitess.vtctldata.v24.GetVSchemaResponse
	190, // 191: vitess.vtctlservice.v24.Vtctld.GetWorkflows:output_type -> vitess.vtctldata.v24.GetWorkflowsResponse
	191, // 192: vitess.vtctlservice.v24.Vtctld.InitShardPrimary:output_type -> vitess.vtctldata.v24.InitShardPrimaryResponse
	192, // 193: vitess.vtctlservice.v24.Vtctld.LaunchSchemaMigration:output_type -> vitess.vtctldata.v24.LaunchSchemaMigrationResponse
	193, // 194: vitess.vtctlservice.v24.Vtctld.LookupVindexComplete:output_type -> vitess.vtctldata.v24.LookupVindexCompleteResponse
	194, // 195: vitess.vtctlservice.v24.Vtctld.LookupVindexCreate:output_type -> vitess.vtctldata.v24.LookupVindexCreateResponse
	195, // 196: vitess.vtctlservice.v24.Vtctld.LookupVindexExternalize:output_type -> vitess.vtctldata.v24.LookupVindexExternalizeResponse
	196, // 197: vitess.vtctlservice.v24.Vtctld.LookupVindexInternalize:output_type -> vitess.vtctldata.v24.LookupVindexInternalizeResponse
	197, // 198: vitess.vtctlservice.v24.Vtctld.MaterializeCreate:output_type -> vitess.vtctldata.v24.MaterializeCreateResponse
	198, // 199: vitess.vtctlservice.v24.Vtctld.WorkflowAddTables:output_type -> vitess.vtctldata.v24.WorkflowAddTablesResponse
	199, // 200: vitess.vtctlservice.v24.Vtctld.MigrateCreate:output_type -> vitess.vtctldata.v24.WorkflowStatusResponse
	200, // 201: vitess.vtctlservice.v24.Vtctld.MountRegister:output_type -> vitess.vtctldata.v24.MountRegisterResponse
	201, // 202: vitess.vtctlservice.v24.Vtctld.MountUnregister:output_type -> vitess.vtctldata.v24.MountUnregisterResponse
	202, // 203: vitess.vtctlservice.v24.Vtctld.MountShow:output_type -> vitess.vtctldata.v24.MountShowResponse
	203, // 204: vitess.vtctlservice.v24.Vtctld.MountList:output_type -> vitess.vtctldata.v24.MountListResponse
	199, // 205: vitess.vtctlservice.v24.Vtctld.MoveTablesCreate:output_type -> vitess.vtctldata.v24.WorkflowStatusResponse
	204, // 206: vitess.vtctlservice.v24.Vtctld.MoveTablesComplete:output_type -> vitess.vtctldata.v24.MoveTablesCompleteResponse
	205, // 207: vitess.vtctlservice.v24.Vtctld.PingTablet:output_type -> vitess.vtctldata.v24.PingTabletResponse
	206, // 208: vitess.vtctlservice.v24.Vtctld.PlannedReparentShard:output_type -> vitess.vtctldata.v24.PlannedReparentShardResponse
	207, // 209: vitess.vtctlservice.v24.Vtctld.RebuildKeyspaceGraph:output_type -> vitess.vtctldata.v24.RebuildKeyspaceGraphResponse
	208, // 210: vitess.vtctlservice.v24.Vtctld.RebuildVSchemaGraph:output_type -> vitess.vtctldata.v24.RebuildVSchemaGraphResponse
	209, // 211: vitess.vtctlservice.v24.Vtctld.RefreshState:output_type -> vitess.vtctldata.v24.RefreshStateResponse
	210, // 212: vitess.vtctlservice.v24.Vtctld.RefreshStateByShard:output_type -> vitess.vtctldata.v24.RefreshStateByShardResponse
	211, // 213: vitess.vtctlservice.v24.Vtctld.ReloadSchema:output_type -> vitess.vtctldata.v24.ReloadSchemaResponse
	212, // 214: vitess.vtctlservice.v24.Vtctld.ReloadSchemaKeyspace:output_type -> vitess.vtctldata.v24.ReloadSchemaKeyspaceResponse
	213, // 215: vitess.vtctlservice.v24.Vtctld.ReloadSchemaShard:output_type -> vitess.vtctldata.v24.ReloadSchemaShardResponse
	214, // 216: vitess.vtctlservice.v24.Vtctld.RemoveBackup:output_type -> vitess.vtctldata.v24.RemoveBackupResponse
	215, // 217: vitess.vtctlservice.v24.Vtctld.RemoveKeyspaceCell:output_type -> vitess.vtctldata.v24.RemoveKeyspaceCellResponse
	216, // 218: vitess.vtctlservice.v24.Vtctld.RemoveShardCell:output_type -> vitess.vtctldata.v24.RemoveShardCellResponse
	217, // 219: vitess.vtctlservice.v24.Vtctld.ReparentTablet:output_type -> vitess.vtctldata.v24.ReparentTabletResponse
	199, // 220: vitess.vtctlservice.v24.Vtctld.ReshardCreate:output_type -> vitess.vtctldata.v24.WorkflowStatusResponse
	218, // 221: vitess.vtctlservice.v24.Vtctld.RestoreFromBackup:output_type -> vitess.vtctldata.v24.RestoreFromBackupResponse
	219, // 222: vitess.vtctlservice.v24.Vtctld.RetrySchemaMigration:output_type -> vitess.vtctldata.v24.RetrySchemaMigrationResponse
	220, // 223: vitess.vtctlservice.v24.Vtctld.RunHealthCheck:output_type -> vitess.vtctldata.v24.RunHealthCheckResponse
	221, // 224: vitess.vtctlservice.v24.Vtctld.SetKeyspaceDurabilityPolicy:output_type -> vitess.vtctldata.v24.SetKeyspaceDurabilityPolicyResponse
	222, // 225: vitess.vtctlservice.v24.Vtctld.SetShardIsPrimaryServing:output_type -> vitess.vtctldata.v24.SetShardIsPrimaryServingResponse
	223, // 226: vitess.vtctlservice.v24.Vtctld.SetShardTabletControl:output_type -> vitess.vtctldata.v24.SetShardTabletControlResponse
	224, // 227: vitess.vtctlservice.v24.Vtctld.SetVtorcEmergencyReparent:output_type -> vitess.vtctldata.v24.SetVtorcEmergencyReparentResponse
	225, // 228: vitess.vtctlservice.v24.Vtctld.SetWritable:output_type -> vitess.vtctldata.v24.SetWritableResponse
	226, // 229: vitess.vtctlservice.v24.Vtctld.ShardReplicationAdd:output_type -> vitess.vtctldata.v24.ShardReplicationAddResponse
	227, // 230: vitess.vtctlservice.v24.Vtctld.ShardReplicationFix:output_type -> vitess.vtctldata.v24.ShardReplicationFixResponse
	228, // 231: vitess.vtctlservice.v24.Vtctld.ShardReplicationPositions:output_type -> vitess.vtctldata.v24.ShardReplicationPositionsResponse
	229, // 232: vitess.vtctlservice.v24.Vtctld.ShardReplicationRemove:output_type -> vitess.vtctldata.v24.ShardReplicationRemoveResponse
	230, // 233: vitess.vtctlservice.v24.Vtctld.SleepTablet:output_type -> vitess.vtctldata.v24.SleepTabletResponse
	231, // 234: vitess.vtctlservice.v24.Vtctld.SourceShardAdd:output_type -> vitess.vtctldata.v24.SourceShardAddResponse
	232, // 235: vitess.vtctlservice.v24.Vtctld.SourceShardDelete:output_type -> vitess.vtctldata.v24.SourceShardDeleteResponse
	233, // 236: vitess.vtctlservice.v24.Vtctld.StartReplication:output_type -> vitess.vtctldata.v24.StartReplicationResponse
	234, // 237: vitess.vtctlservice.v24.Vtctld.StopReplication:output_type -> vitess.vtctldata.v24.StopReplicationResponse
	235, // 238: vitess.vtctlservice.v24.Vtctld.TabletExternallyReparented:output_type -> vitess.vtctldata.v24.TabletExternallyReparentedResponse
	236, // 239: vitess.vtctlservice.v24.Vtctld.UpdateCellInfo:output_type -> vitess.vtctldata.v24.UpdateCellInfoResponse
	237, // 240: vitess.vtctlservice.v24.Vtctld.UpdateCellsAlias:output_type -> vitess.vtctldata.v24.UpdateCellsAliasResponse
	238, // 241: vitess.vtctlservice.v24.Vtctld.Validate:output_type -> vitess.vtctldata.v24.ValidateResponse
	239, // 242: vitess.vtctlservice.v24.Vtctld.ValidateKeyspace:output_type -> vitess.vtctldata.v24.ValidateKeyspaceResponse
	240, // 243: vitess.vtctlservice.v24.Vtctld.ValidatePermissionsKeyspace:output_type -> vitess.vtctldata.v24.ValidatePermissionsKeyspaceResponse
	241, // 244: vitess.vtctlservice.v24.Vtctld.ValidateSchemaKeyspace:output_type -> vitess.vtctldata.v24.ValidateSchemaKeyspaceResponse
	242, // 245: vitess.vtctlservice.v24.Vtctld.ValidateShard:output_type -> vitess.vtctldata.v24.ValidateShardResponse
	243, // 246: vitess.vtctlservice.v24.Vtctld.ValidateVersionKeyspace:output_type -> vitess.vtctldata.v24.ValidateVersionKeyspaceResponse
	244, // 247: vitess.vtctlservice.v24.Vtctld.ValidateVersionShard:output_type -> vitess.vtctldata.v24.ValidateVersionShardResponse
	245, // 248: vitess.vtctlservice.v24.Vtctld.ValidateVSchema:output_type -> vitess.vtctldata.v24.ValidateVSchemaResponse
	246, // 249: vitess.vtctlservice.v24.Vtctld.VDiffCreate:output_type -> vitess.vtctldata.v24.VDiffCreateResponse
	247, // 250: vitess.vtctlservice.v24.Vtctld.VDiffDelete:output_type -> vitess.vtctldata.v24.VDiffDeleteResponse
	248, // 251: vitess.vtctlservice.v24.Vtctld.VDiffResume:output_type -> vitess.vtctldata.v24.VDiffResumeResponse
	249, // 252: vitess.vtctlservice.v24.Vtctld.VDiffShow:output_type -> vitess.vtctldata.v24.VDiffShowResponse
	250, // 253: vitess.vtctlservice.v24.Vtctld.VDiffStop:output_type -> vitess.vtctldata.v24.VDiffStopResponse
	251, // 254: vitess.vtctlservice.v24.Vtctld.WorkflowDelete:output_type -> vitess.vtctldata.v24.WorkflowDeleteResponse
	199, // 255: vitess.vtctlservice.v24.Vtctld.WorkflowStatus:output_type -> vitess.vtctldata.v24.WorkflowStatusResponse
	252, // 256: vitess.vtctlservice.v24.Vtctld.WorkflowSwitchTraffic:output_type -> vitess.vtctldata.v24.WorkflowSwitchTrafficResponse
	253, // 257: vitess.vtctlservice.v24.Vtctld.WorkflowUpdate:output_type -> vitess.vtctldata.v24.WorkflowUpdateResponse
	254, // 258: vitess.vtctlservice.v24.Vtctld.GetMirrorRules:output_type -> vitess.vtctldata.v24.GetMirrorRulesResponse
	255, // 259: vitess.vtctlservice.v24.Vtctld.WorkflowMirrorTraffic:output_type -> vitess.vtctldata.v24.WorkflowMirrorTrafficResponse
	130, // [130:260] is the sub-list for method output_type
	0,   // [0:130] is the sub-list for method input_type
	0,   // [0:0] is the sub-list for extension type_name
	0,   // [0:0] is the sub-list for extension extendee
	0,   // [0:0] is the sub-list for field type_name
}

func init() { file_vitess_vtctlservice_v24_vtctlservice_proto_init() }
func file_vitess_vtctlservice_v24_vtctlservice_proto_init() {
	if File_vitess_vtctlservice_v24_vtctlservice_proto != nil {
		return
	}
	type x struct{}
	out := protoimpl.TypeBuilder{
		File: protoimpl.DescBuilder{
			GoPackagePath: reflect.TypeOf(x{}).PkgPath(),
			RawDescriptor: unsafe.Slice(unsafe.StringData(file_vitess_vtctlservice_v24_vtctlservice_proto_rawDesc), len(file_vitess_vtctlservice_v24_vtctlservice_proto_rawDesc)),
			NumEnums:      0,
			NumMessages:   0,
			NumExtensions: 0,
			NumServices:   2,
		},
		GoTypes:           file_vitess_vtctlservice_v24_vtctlservice_proto_goTypes,
		DependencyIndexes: file_vitess_vtctlservice_v24_vtctlservice_proto_depIdxs,
	}.Build()
	File_vitess_vtctlservice_v24_vtctlservice_proto = out.File
	file_vitess_vtctlservice_v24_vtctlservice_proto_goTypes = nil
	file_vitess_vtctlservice_v24_vtctlservice_proto_depIdxs = nil
}
