//
//Copyright 2019 The Vitess Authors.
//
//Licensed under the Apache License, Version 2.0 (the "License");
//you may not use this file except in compliance with the License.
//You may obtain a copy of the License at
//
//http://www.apache.org/licenses/LICENSE-2.0
//
//Unless required by applicable law or agreed to in writing, software
//distributed under the License is distributed on an "AS IS" BASIS,
//WITHOUT WARRANTIES OR CONDITIONS OF ANY KIND, either express or implied.
//See the License for the specific language governing permissions and
//limitations under the License.

// This package contains a service allowing you to use vtctld as a
// proxy for vt commands.

// Code generated by protoc-gen-go. DO NOT EDIT.
// versions:
// 	protoc-gen-go v1.36.5
// 	protoc        (unknown)
// source: vitess/vtctlservice/v23/vtctlservice.proto

package vtctlservicev23

import (
	v23 "github.com/planetscale/vitess-types/gen/vitess/vtctldata/v23"
	protoreflect "google.golang.org/protobuf/reflect/protoreflect"
	protoimpl "google.golang.org/protobuf/runtime/protoimpl"
	reflect "reflect"
	unsafe "unsafe"
)

const (
	// Verify that this generated code is sufficiently up-to-date.
	_ = protoimpl.EnforceVersion(20 - protoimpl.MinVersion)
	// Verify that runtime/protoimpl is sufficiently up-to-date.
	_ = protoimpl.EnforceVersion(protoimpl.MaxVersion - 20)
)

var File_vitess_vtctlservice_v23_vtctlservice_proto protoreflect.FileDescriptor

var file_vitess_vtctlservice_v23_vtctlservice_proto_rawDesc = string([]byte{
	0x0a, 0x2a, 0x76, 0x69, 0x74, 0x65, 0x73, 0x73, 0x2f, 0x76, 0x74, 0x63, 0x74, 0x6c, 0x73, 0x65,
	0x72, 0x76, 0x69, 0x63, 0x65, 0x2f, 0x76, 0x32, 0x33, 0x2f, 0x76, 0x74, 0x63, 0x74, 0x6c, 0x73,
	0x65, 0x72, 0x76, 0x69, 0x63, 0x65, 0x2e, 0x70, 0x72, 0x6f, 0x74, 0x6f, 0x12, 0x17, 0x76, 0x69,
	0x74, 0x65, 0x73, 0x73, 0x2e, 0x76, 0x74, 0x63, 0x74, 0x6c, 0x73, 0x65, 0x72, 0x76, 0x69, 0x63,
	0x65, 0x2e, 0x76, 0x32, 0x33, 0x1a, 0x24, 0x76, 0x69, 0x74, 0x65, 0x73, 0x73, 0x2f, 0x76, 0x74,
	0x63, 0x74, 0x6c, 0x64, 0x61, 0x74, 0x61, 0x2f, 0x76, 0x32, 0x33, 0x2f, 0x76, 0x74, 0x63, 0x74,
	0x6c, 0x64, 0x61, 0x74, 0x61, 0x2e, 0x70, 0x72, 0x6f, 0x74, 0x6f, 0x32, 0x87, 0x01, 0x0a, 0x05,
	0x56, 0x74, 0x63, 0x74, 0x6c, 0x12, 0x7e, 0x0a, 0x13, 0x45, 0x78, 0x65, 0x63, 0x75, 0x74, 0x65,
	0x56, 0x74, 0x63, 0x74, 0x6c, 0x43, 0x6f, 0x6d, 0x6d, 0x61, 0x6e, 0x64, 0x12, 0x30, 0x2e, 0x76,
	0x69, 0x74, 0x65, 0x73, 0x73, 0x2e, 0x76, 0x74, 0x63, 0x74, 0x6c, 0x64, 0x61, 0x74, 0x61, 0x2e,
	0x76, 0x32, 0x33, 0x2e, 0x45, 0x78, 0x65, 0x63, 0x75, 0x74, 0x65, 0x56, 0x74, 0x63, 0x74, 0x6c,
	0x43, 0x6f, 0x6d, 0x6d, 0x61, 0x6e, 0x64, 0x52, 0x65, 0x71, 0x75, 0x65, 0x73, 0x74, 0x1a, 0x31,
	0x2e, 0x76, 0x69, 0x74, 0x65, 0x73, 0x73, 0x2e, 0x76, 0x74, 0x63, 0x74, 0x6c, 0x64, 0x61, 0x74,
	0x61, 0x2e, 0x76, 0x32, 0x33, 0x2e, 0x45, 0x78, 0x65, 0x63, 0x75, 0x74, 0x65, 0x56, 0x74, 0x63,
	0x74, 0x6c, 0x43, 0x6f, 0x6d, 0x6d, 0x61, 0x6e, 0x64, 0x52, 0x65, 0x73, 0x70, 0x6f, 0x6e, 0x73,
	0x65, 0x22, 0x00, 0x30, 0x01, 0x32, 0xcd, 0x76, 0x0a, 0x06, 0x56, 0x74, 0x63, 0x74, 0x6c, 0x64,
	0x12, 0x64, 0x0a, 0x0b, 0x41, 0x64, 0x64, 0x43, 0x65, 0x6c, 0x6c, 0x49, 0x6e, 0x66, 0x6f, 0x12,
	0x28, 0x2e, 0x76, 0x69, 0x74, 0x65, 0x73, 0x73, 0x2e, 0x76, 0x74, 0x63, 0x74, 0x6c, 0x64, 0x61,
	0x74, 0x61, 0x2e, 0x76, 0x32, 0x33, 0x2e, 0x41, 0x64, 0x64, 0x43, 0x65, 0x6c, 0x6c, 0x49, 0x6e,
	0x66, 0x6f, 0x52, 0x65, 0x71, 0x75, 0x65, 0x73, 0x74, 0x1a, 0x29, 0x2e, 0x76, 0x69, 0x74, 0x65,
	0x73, 0x73, 0x2e, 0x76, 0x74, 0x63, 0x74, 0x6c, 0x64, 0x61, 0x74, 0x61, 0x2e, 0x76, 0x32, 0x33,
	0x2e, 0x41, 0x64, 0x64, 0x43, 0x65, 0x6c, 0x6c, 0x49, 0x6e, 0x66, 0x6f, 0x52, 0x65, 0x73, 0x70,
	0x6f, 0x6e, 0x73, 0x65, 0x22, 0x00, 0x12, 0x6a, 0x0a, 0x0d, 0x41, 0x64, 0x64, 0x43, 0x65, 0x6c,
	0x6c, 0x73, 0x41, 0x6c, 0x69, 0x61, 0x73, 0x12, 0x2a, 0x2e, 0x76, 0x69, 0x74, 0x65, 0x73, 0x73,
	0x2e, 0x76, 0x74, 0x63, 0x74, 0x6c, 0x64, 0x61, 0x74, 0x61, 0x2e, 0x76, 0x32, 0x33, 0x2e, 0x41,
	0x64, 0x64, 0x43, 0x65, 0x6c, 0x6c, 0x73, 0x41, 0x6c, 0x69, 0x61, 0x73, 0x52, 0x65, 0x71, 0x75,
	0x65, 0x73, 0x74, 0x1a, 0x2b, 0x2e, 0x76, 0x69, 0x74, 0x65, 0x73, 0x73, 0x2e, 0x76, 0x74, 0x63,
	0x74, 0x6c, 0x64, 0x61, 0x74, 0x61, 0x2e, 0x76, 0x32, 0x33, 0x2e, 0x41, 0x64, 0x64, 0x43, 0x65,
	0x6c, 0x6c, 0x73, 0x41, 0x6c, 0x69, 0x61, 0x73, 0x52, 0x65, 0x73, 0x70, 0x6f, 0x6e, 0x73, 0x65,
	0x22, 0x00, 0x12, 0x76, 0x0a, 0x11, 0x41, 0x70, 0x70, 0x6c, 0x79, 0x52, 0x6f, 0x75, 0x74, 0x69,
	0x6e, 0x67, 0x52, 0x75, 0x6c, 0x65, 0x73, 0x12, 0x2e, 0x2e, 0x76, 0x69, 0x74, 0x65, 0x73, 0x73,
	0x2e, 0x76, 0x74, 0x63, 0x74, 0x6c, 0x64, 0x61, 0x74, 0x61, 0x2e, 0x76, 0x32, 0x33, 0x2e, 0x41,
	0x70, 0x70, 0x6c, 0x79, 0x52, 0x6f, 0x75, 0x74, 0x69, 0x6e, 0x67, 0x52, 0x75, 0x6c, 0x65, 0x73,
	0x52, 0x65, 0x71, 0x75, 0x65, 0x73, 0x74, 0x1a, 0x2f, 0x2e, 0x76, 0x69, 0x74, 0x65, 0x73, 0x73,
	0x2e, 0x76, 0x74, 0x63, 0x74, 0x6c, 0x64, 0x61, 0x74, 0x61, 0x2e, 0x76, 0x32, 0x33, 0x2e, 0x41,
	0x70, 0x70, 0x6c, 0x79, 0x52, 0x6f, 0x75, 0x74, 0x69, 0x6e, 0x67, 0x52, 0x75, 0x6c, 0x65, 0x73,
	0x52, 0x65, 0x73, 0x70, 0x6f, 0x6e, 0x73, 0x65, 0x22, 0x00, 0x12, 0x64, 0x0a, 0x0b, 0x41, 0x70,
	0x70, 0x6c, 0x79, 0x53, 0x63, 0x68, 0x65, 0x6d, 0x61, 0x12, 0x28, 0x2e, 0x76, 0x69, 0x74, 0x65,
	0x73, 0x73, 0x2e, 0x76, 0x74, 0x63, 0x74, 0x6c, 0x64, 0x61, 0x74, 0x61, 0x2e, 0x76, 0x32, 0x33,
	0x2e, 0x41, 0x70, 0x70, 0x6c, 0x79, 0x53, 0x63, 0x68, 0x65, 0x6d, 0x61, 0x52, 0x65, 0x71, 0x75,
	0x65, 0x73, 0x74, 0x1a, 0x29, 0x2e, 0x76, 0x69, 0x74, 0x65, 0x73, 0x73, 0x2e, 0x76, 0x74, 0x63,
	0x74, 0x6c, 0x64, 0x61, 0x74, 0x61, 0x2e, 0x76, 0x32, 0x33, 0x2e, 0x41, 0x70, 0x70, 0x6c, 0x79,
	0x53, 0x63, 0x68, 0x65, 0x6d, 0x61, 0x52, 0x65, 0x73, 0x70, 0x6f, 0x6e, 0x73, 0x65, 0x22, 0x00,
	0x12, 0x8e, 0x01, 0x0a, 0x19, 0x41, 0x70, 0x70, 0x6c, 0x79, 0x4b, 0x65, 0x79, 0x73, 0x70, 0x61,
	0x63, 0x65, 0x52, 0x6f, 0x75, 0x74, 0x69, 0x6e, 0x67, 0x52, 0x75, 0x6c, 0x65, 0x73, 0x12, 0x36,
	0x2e, 0x76, 0x69, 0x74, 0x65, 0x73, 0x73, 0x2e, 0x76, 0x74, 0x63, 0x74, 0x6c, 0x64, 0x61, 0x74,
	0x61, 0x2e, 0x76, 0x32, 0x33, 0x2e, 0x41, 0x70, 0x70, 0x6c, 0x79, 0x4b, 0x65, 0x79, 0x73, 0x70,
	0x61, 0x63, 0x65, 0x52, 0x6f, 0x75, 0x74, 0x69, 0x6e, 0x67, 0x52, 0x75, 0x6c, 0x65, 0x73, 0x52,
	0x65, 0x71, 0x75, 0x65, 0x73, 0x74, 0x1a, 0x37, 0x2e, 0x76, 0x69, 0x74, 0x65, 0x73, 0x73, 0x2e,
	0x76, 0x74, 0x63, 0x74, 0x6c, 0x64, 0x61, 0x74, 0x61, 0x2e, 0x76, 0x32, 0x33, 0x2e, 0x41, 0x70,
	0x70, 0x6c, 0x79, 0x4b, 0x65, 0x79, 0x73, 0x70, 0x61, 0x63, 0x65, 0x52, 0x6f, 0x75, 0x74, 0x69,
	0x6e, 0x67, 0x52, 0x75, 0x6c, 0x65, 0x73, 0x52, 0x65, 0x73, 0x70, 0x6f, 0x6e, 0x73, 0x65, 0x22,
	0x00, 0x12, 0x85, 0x01, 0x0a, 0x16, 0x41, 0x70, 0x70, 0x6c, 0x79, 0x53, 0x68, 0x61, 0x72, 0x64,
	0x52, 0x6f, 0x75, 0x74, 0x69, 0x6e, 0x67, 0x52, 0x75, 0x6c, 0x65, 0x73, 0x12, 0x33, 0x2e, 0x76,
	0x69, 0x74, 0x65, 0x73, 0x73, 0x2e, 0x76, 0x74, 0x63, 0x74, 0x6c, 0x64, 0x61, 0x74, 0x61, 0x2e,
	0x76, 0x32, 0x33, 0x2e, 0x41, 0x70, 0x70, 0x6c, 0x79, 0x53, 0x68, 0x61, 0x72, 0x64, 0x52, 0x6f,
	0x75, 0x74, 0x69, 0x6e, 0x67, 0x52, 0x75, 0x6c, 0x65, 0x73, 0x52, 0x65, 0x71, 0x75, 0x65, 0x73,
	0x74, 0x1a, 0x34, 0x2e, 0x76, 0x69, 0x74, 0x65, 0x73, 0x73, 0x2e, 0x76, 0x74, 0x63, 0x74, 0x6c,
	0x64, 0x61, 0x74, 0x61, 0x2e, 0x76, 0x32, 0x33, 0x2e, 0x41, 0x70, 0x70, 0x6c, 0x79, 0x53, 0x68,
	0x61, 0x72, 0x64, 0x52, 0x6f, 0x75, 0x74, 0x69, 0x6e, 0x67, 0x52, 0x75, 0x6c, 0x65, 0x73, 0x52,
	0x65, 0x73, 0x70, 0x6f, 0x6e, 0x73, 0x65, 0x22, 0x00, 0x12, 0x67, 0x0a, 0x0c, 0x41, 0x70, 0x70,
	0x6c, 0x79, 0x56, 0x53, 0x63, 0x68, 0x65, 0x6d, 0x61, 0x12, 0x29, 0x2e, 0x76, 0x69, 0x74, 0x65,
	0x73, 0x73, 0x2e, 0x76, 0x74, 0x63, 0x74, 0x6c, 0x64, 0x61, 0x74, 0x61, 0x2e, 0x76, 0x32, 0x33,
	0x2e, 0x41, 0x70, 0x70, 0x6c, 0x79, 0x56, 0x53, 0x63, 0x68, 0x65, 0x6d, 0x61, 0x52, 0x65, 0x71,
	0x75, 0x65, 0x73, 0x74, 0x1a, 0x2a, 0x2e, 0x76, 0x69, 0x74, 0x65, 0x73, 0x73, 0x2e, 0x76, 0x74,
	0x63, 0x74, 0x6c, 0x64, 0x61, 0x74, 0x61, 0x2e, 0x76, 0x32, 0x33, 0x2e, 0x41, 0x70, 0x70, 0x6c,
	0x79, 0x56, 0x53, 0x63, 0x68, 0x65, 0x6d, 0x61, 0x52, 0x65, 0x73, 0x70, 0x6f, 0x6e, 0x73, 0x65,
	0x22, 0x00, 0x12, 0x57, 0x0a, 0x06, 0x42, 0x61, 0x63, 0x6b, 0x75, 0x70, 0x12, 0x23, 0x2e, 0x76,
	0x69, 0x74, 0x65, 0x73, 0x73, 0x2e, 0x76, 0x74, 0x63, 0x74, 0x6c, 0x64, 0x61, 0x74, 0x61, 0x2e,
	0x76, 0x32, 0x33, 0x2e, 0x42, 0x61, 0x63, 0x6b, 0x75, 0x70, 0x52, 0x65, 0x71, 0x75, 0x65, 0x73,
	0x74, 0x1a, 0x24, 0x2e, 0x76, 0x69, 0x74, 0x65, 0x73, 0x73, 0x2e, 0x76, 0x74, 0x63, 0x74, 0x6c,
	0x64, 0x61, 0x74, 0x61, 0x2e, 0x76, 0x32, 0x33, 0x2e, 0x42, 0x61, 0x63, 0x6b, 0x75, 0x70, 0x52,
	0x65, 0x73, 0x70, 0x6f, 0x6e, 0x73, 0x65, 0x22, 0x00, 0x30, 0x01, 0x12, 0x61, 0x0a, 0x0b, 0x42,
	0x61, 0x63, 0x6b, 0x75, 0x70, 0x53, 0x68, 0x61, 0x72, 0x64, 0x12, 0x28, 0x2e, 0x76, 0x69, 0x74,
	0x65, 0x73, 0x73, 0x2e, 0x76, 0x74, 0x63, 0x74, 0x6c, 0x64, 0x61, 0x74, 0x61, 0x2e, 0x76, 0x32,
	0x33, 0x2e, 0x42, 0x61, 0x63, 0x6b, 0x75, 0x70, 0x53, 0x68, 0x61, 0x72, 0x64, 0x52, 0x65, 0x71,
	0x75, 0x65, 0x73, 0x74, 0x1a, 0x24, 0x2e, 0x76, 0x69, 0x74, 0x65, 0x73, 0x73, 0x2e, 0x76, 0x74,
	0x63, 0x74, 0x6c, 0x64, 0x61, 0x74, 0x61, 0x2e, 0x76, 0x32, 0x33, 0x2e, 0x42, 0x61, 0x63, 0x6b,
	0x75, 0x70, 0x52, 0x65, 0x73, 0x70, 0x6f, 0x6e, 0x73, 0x65, 0x22, 0x00, 0x30, 0x01, 0x12, 0x82,
	0x01, 0x0a, 0x15, 0x43, 0x61, 0x6e, 0x63, 0x65, 0x6c, 0x53, 0x63, 0x68, 0x65, 0x6d, 0x61, 0x4d,
	0x69, 0x67, 0x72, 0x61, 0x74, 0x69, 0x6f, 0x6e, 0x12, 0x32, 0x2e, 0x76, 0x69, 0x74, 0x65, 0x73,
	0x73, 0x2e, 0x76, 0x74, 0x63, 0x74, 0x6c, 0x64, 0x61, 0x74, 0x61, 0x2e, 0x76, 0x32, 0x33, 0x2e,
	0x43, 0x61, 0x6e, 0x63, 0x65, 0x6c, 0x53, 0x63, 0x68, 0x65, 0x6d, 0x61, 0x4d, 0x69, 0x67, 0x72,
	0x61, 0x74, 0x69, 0x6f, 0x6e, 0x52, 0x65, 0x71, 0x75, 0x65, 0x73, 0x74, 0x1a, 0x33, 0x2e, 0x76,
	0x69, 0x74, 0x65, 0x73, 0x73, 0x2e, 0x76, 0x74, 0x63, 0x74, 0x6c, 0x64, 0x61, 0x74, 0x61, 0x2e,
	0x76, 0x32, 0x33, 0x2e, 0x43, 0x61, 0x6e, 0x63, 0x65, 0x6c, 0x53, 0x63, 0x68, 0x65, 0x6d, 0x61,
	0x4d, 0x69, 0x67, 0x72, 0x61, 0x74, 0x69, 0x6f, 0x6e, 0x52, 0x65, 0x73, 0x70, 0x6f, 0x6e, 0x73,
	0x65, 0x22, 0x00, 0x12, 0x73, 0x0a, 0x10, 0x43, 0x68, 0x61, 0x6e, 0x67, 0x65, 0x54, 0x61, 0x62,
	0x6c, 0x65, 0x74, 0x54, 0x61, 0x67, 0x73, 0x12, 0x2d, 0x2e, 0x76, 0x69, 0x74, 0x65, 0x73, 0x73,
	0x2e, 0x76, 0x74, 0x63, 0x74, 0x6c, 0x64, 0x61, 0x74, 0x61, 0x2e, 0x76, 0x32, 0x33, 0x2e, 0x43,
	0x68, 0x61, 0x6e, 0x67, 0x65, 0x54, 0x61, 0x62, 0x6c, 0x65, 0x74, 0x54, 0x61, 0x67, 0x73, 0x52,
	0x65, 0x71, 0x75, 0x65, 0x73, 0x74, 0x1a, 0x2e, 0x2e, 0x76, 0x69, 0x74, 0x65, 0x73, 0x73, 0x2e,
	0x76, 0x74, 0x63, 0x74, 0x6c, 0x64, 0x61, 0x74, 0x61, 0x2e, 0x76, 0x32, 0x33, 0x2e, 0x43, 0x68,
	0x61, 0x6e, 0x67, 0x65, 0x54, 0x61, 0x62, 0x6c, 0x65, 0x74, 0x54, 0x61, 0x67, 0x73, 0x52, 0x65,
	0x73, 0x70, 0x6f, 0x6e, 0x73, 0x65, 0x22, 0x00, 0x12, 0x73, 0x0a, 0x10, 0x43, 0x68, 0x61, 0x6e,
	0x67, 0x65, 0x54, 0x61, 0x62, 0x6c, 0x65, 0x74, 0x54, 0x79, 0x70, 0x65, 0x12, 0x2d, 0x2e, 0x76,
	0x69, 0x74, 0x65, 0x73, 0x73, 0x2e, 0x76, 0x74, 0x63, 0x74, 0x6c, 0x64, 0x61, 0x74, 0x61, 0x2e,
	0x76, 0x32, 0x33, 0x2e, 0x43, 0x68, 0x61, 0x6e, 0x67, 0x65, 0x54, 0x61, 0x62, 0x6c, 0x65, 0x74,
	0x54, 0x79, 0x70, 0x65, 0x52, 0x65, 0x71, 0x75, 0x65, 0x73, 0x74, 0x1a, 0x2e, 0x2e, 0x76, 0x69,
	0x74, 0x65, 0x73, 0x73, 0x2e, 0x76, 0x74, 0x63, 0x74, 0x6c, 0x64, 0x61, 0x74, 0x61, 0x2e, 0x76,
	0x32, 0x33, 0x2e, 0x43, 0x68, 0x61, 0x6e, 0x67, 0x65, 0x54, 0x61, 0x62, 0x6c, 0x65, 0x74, 0x54,
	0x79, 0x70, 0x65, 0x52, 0x65, 0x73, 0x70, 0x6f, 0x6e, 0x73, 0x65, 0x22, 0x00, 0x12, 0x6d, 0x0a,
	0x0e, 0x43, 0x68, 0x65, 0x63, 0x6b, 0x54, 0x68, 0x72, 0x6f, 0x74, 0x74, 0x6c, 0x65, 0x72, 0x12,
	0x2b, 0x2e, 0x76, 0x69, 0x74, 0x65, 0x73, 0x73, 0x2e, 0x76, 0x74, 0x63, 0x74, 0x6c, 0x64, 0x61,
	0x74, 0x61, 0x2e, 0x76, 0x32, 0x33, 0x2e, 0x43, 0x68, 0x65, 0x63, 0x6b, 0x54, 0x68, 0x72, 0x6f,
	0x74, 0x74, 0x6c, 0x65, 0x72, 0x52, 0x65, 0x71, 0x75, 0x65, 0x73, 0x74, 0x1a, 0x2c, 0x2e, 0x76,
	0x69, 0x74, 0x65, 0x73, 0x73, 0x2e, 0x76, 0x74, 0x63, 0x74, 0x6c, 0x64, 0x61, 0x74, 0x61, 0x2e,
	0x76, 0x32, 0x33, 0x2e, 0x43, 0x68, 0x65, 0x63, 0x6b, 0x54, 0x68, 0x72, 0x6f, 0x74, 0x74, 0x6c,
	0x65, 0x72, 0x52, 0x65, 0x73, 0x70, 0x6f, 0x6e, 0x73, 0x65, 0x22, 0x00, 0x12, 0x85, 0x01, 0x0a,
	0x16, 0x43, 0x6c, 0x65, 0x61, 0x6e, 0x75, 0x70, 0x53, 0x63, 0x68, 0x65, 0x6d, 0x61, 0x4d, 0x69,
	0x67, 0x72, 0x61, 0x74, 0x69, 0x6f, 0x6e, 0x12, 0x33, 0x2e, 0x76, 0x69, 0x74, 0x65, 0x73, 0x73,
	0x2e, 0x76, 0x74, 0x63, 0x74, 0x6c, 0x64, 0x61, 0x74, 0x61, 0x2e, 0x76, 0x32, 0x33, 0x2e, 0x43,
	0x6c, 0x65, 0x61, 0x6e, 0x75, 0x70, 0x53, 0x63, 0x68, 0x65, 0x6d, 0x61, 0x4d, 0x69, 0x67, 0x72,
	0x61, 0x74, 0x69, 0x6f, 0x6e, 0x52, 0x65, 0x71, 0x75, 0x65, 0x73, 0x74, 0x1a, 0x34, 0x2e, 0x76,
	0x69, 0x74, 0x65, 0x73, 0x73, 0x2e, 0x76, 0x74, 0x63, 0x74, 0x6c, 0x64, 0x61, 0x74, 0x61, 0x2e,
	0x76, 0x32, 0x33, 0x2e, 0x43, 0x6c, 0x65, 0x61, 0x6e, 0x75, 0x70, 0x53, 0x63, 0x68, 0x65, 0x6d,
	0x61, 0x4d, 0x69, 0x67, 0x72, 0x61, 0x74, 0x69, 0x6f, 0x6e, 0x52, 0x65, 0x73, 0x70, 0x6f, 0x6e,
	0x73, 0x65, 0x22, 0x00, 0x12, 0x88, 0x01, 0x0a, 0x17, 0x43, 0x6f, 0x6d, 0x70, 0x6c, 0x65, 0x74,
	0x65, 0x53, 0x63, 0x68, 0x65, 0x6d, 0x61, 0x4d, 0x69, 0x67, 0x72, 0x61, 0x74, 0x69, 0x6f, 0x6e,
	0x12, 0x34, 0x2e, 0x76, 0x69, 0x74, 0x65, 0x73, 0x73, 0x2e, 0x76, 0x74, 0x63, 0x74, 0x6c, 0x64,
	0x61, 0x74, 0x61, 0x2e, 0x76, 0x32, 0x33, 0x2e, 0x43, 0x6f, 0x6d, 0x70, 0x6c, 0x65, 0x74, 0x65,
	0x53, 0x63, 0x68, 0x65, 0x6d, 0x61, 0x4d, 0x69, 0x67, 0x72, 0x61, 0x74, 0x69, 0x6f, 0x6e, 0x52,
	0x65, 0x71, 0x75, 0x65, 0x73, 0x74, 0x1a, 0x35, 0x2e, 0x76, 0x69, 0x74, 0x65, 0x73, 0x73, 0x2e,
	0x76, 0x74, 0x63, 0x74, 0x6c, 0x64, 0x61, 0x74, 0x61, 0x2e, 0x76, 0x32, 0x33, 0x2e, 0x43, 0x6f,
	0x6d, 0x70, 0x6c, 0x65, 0x74, 0x65, 0x53, 0x63, 0x68, 0x65, 0x6d, 0x61, 0x4d, 0x69, 0x67, 0x72,
	0x61, 0x74, 0x69, 0x6f, 0x6e, 0x52, 0x65, 0x73, 0x70, 0x6f, 0x6e, 0x73, 0x65, 0x22, 0x00, 0x12,
	0x7c, 0x0a, 0x13, 0x43, 0x6f, 0x6e, 0x63, 0x6c, 0x75, 0x64, 0x65, 0x54, 0x72, 0x61, 0x6e, 0x73,
	0x61, 0x63, 0x74, 0x69, 0x6f, 0x6e, 0x12, 0x30, 0x2e, 0x76, 0x69, 0x74, 0x65, 0x73, 0x73, 0x2e,
	0x76, 0x74, 0x63, 0x74, 0x6c, 0x64, 0x61, 0x74, 0x61, 0x2e, 0x76, 0x32, 0x33, 0x2e, 0x43, 0x6f,
	0x6e, 0x63, 0x6c, 0x75, 0x64, 0x65, 0x54, 0x72, 0x61, 0x6e, 0x73, 0x61, 0x63, 0x74, 0x69, 0x6f,
	0x6e, 0x52, 0x65, 0x71, 0x75, 0x65, 0x73, 0x74, 0x1a, 0x31, 0x2e, 0x76, 0x69, 0x74, 0x65, 0x73,
	0x73, 0x2e, 0x76, 0x74, 0x63, 0x74, 0x6c, 0x64, 0x61, 0x74, 0x61, 0x2e, 0x76, 0x32, 0x33, 0x2e,
	0x43, 0x6f, 0x6e, 0x63, 0x6c, 0x75, 0x64, 0x65, 0x54, 0x72, 0x61, 0x6e, 0x73, 0x61, 0x63, 0x74,
	0x69, 0x6f, 0x6e, 0x52, 0x65, 0x73, 0x70, 0x6f, 0x6e, 0x73, 0x65, 0x22, 0x00, 0x12, 0x70, 0x0a,
	0x0f, 0x43, 0x6f, 0x70, 0x79, 0x53, 0x63, 0x68, 0x65, 0x6d, 0x61, 0x53, 0x68, 0x61, 0x72, 0x64,
	0x12, 0x2c, 0x2e, 0x76, 0x69, 0x74, 0x65, 0x73, 0x73, 0x2e, 0x76, 0x74, 0x63, 0x74, 0x6c, 0x64,
	0x61, 0x74, 0x61, 0x2e, 0x76, 0x32, 0x33, 0x2e, 0x43, 0x6f, 0x70, 0x79, 0x53, 0x63, 0x68, 0x65,
	0x6d, 0x61, 0x53, 0x68, 0x61, 0x72, 0x64, 0x52, 0x65, 0x71, 0x75, 0x65, 0x73, 0x74, 0x1a, 0x2d,
	0x2e, 0x76, 0x69, 0x74, 0x65, 0x73, 0x73, 0x2e, 0x76, 0x74, 0x63, 0x74, 0x6c, 0x64, 0x61, 0x74,
	0x61, 0x2e, 0x76, 0x32, 0x33, 0x2e, 0x43, 0x6f, 0x70, 0x79, 0x53, 0x63, 0x68, 0x65, 0x6d, 0x61,
	0x53, 0x68, 0x61, 0x72, 0x64, 0x52, 0x65, 0x73, 0x70, 0x6f, 0x6e, 0x73, 0x65, 0x22, 0x00, 0x12,
	0x6d, 0x0a, 0x0e, 0x43, 0x72, 0x65, 0x61, 0x74, 0x65, 0x4b, 0x65, 0x79, 0x73, 0x70, 0x61, 0x63,
	0x65, 0x12, 0x2b, 0x2e, 0x76, 0x69, 0x74, 0x65, 0x73, 0x73, 0x2e, 0x76, 0x74, 0x63, 0x74, 0x6c,
	0x64, 0x61, 0x74, 0x61, 0x2e, 0x76, 0x32, 0x33, 0x2e, 0x43, 0x72, 0x65, 0x61, 0x74, 0x65, 0x4b,
	0x65, 0x79, 0x73, 0x70, 0x61, 0x63, 0x65, 0x52, 0x65, 0x71, 0x75, 0x65, 0x73, 0x74, 0x1a, 0x2c,
	0x2e, 0x76, 0x69, 0x74, 0x65, 0x73, 0x73, 0x2e, 0x76, 0x74, 0x63, 0x74, 0x6c, 0x64, 0x61, 0x74,
	0x61, 0x2e, 0x76, 0x32, 0x33, 0x2e, 0x43, 0x72, 0x65, 0x61, 0x74, 0x65, 0x4b, 0x65, 0x79, 0x73,
	0x70, 0x61, 0x63, 0x65, 0x52, 0x65, 0x73, 0x70, 0x6f, 0x6e, 0x73, 0x65, 0x22, 0x00, 0x12, 0x64,
	0x0a, 0x0b, 0x43, 0x72, 0x65, 0x61, 0x74, 0x65, 0x53, 0x68, 0x61, 0x72, 0x64, 0x12, 0x28, 0x2e,
	0x76, 0x69, 0x74, 0x65, 0x73, 0x73, 0x2e, 0x76, 0x74, 0x63, 0x74, 0x6c, 0x64, 0x61, 0x74, 0x61,
	0x2e, 0x76, 0x32, 0x33, 0x2e, 0x43, 0x72, 0x65, 0x61, 0x74, 0x65, 0x53, 0x68, 0x61, 0x72, 0x64,
	0x52, 0x65, 0x71, 0x75, 0x65, 0x73, 0x74, 0x1a, 0x29, 0x2e, 0x76, 0x69, 0x74, 0x65, 0x73, 0x73,
	0x2e, 0x76, 0x74, 0x63, 0x74, 0x6c, 0x64, 0x61, 0x74, 0x61, 0x2e, 0x76, 0x32, 0x33, 0x2e, 0x43,
	0x72, 0x65, 0x61, 0x74, 0x65, 0x53, 0x68, 0x61, 0x72, 0x64, 0x52, 0x65, 0x73, 0x70, 0x6f, 0x6e,
	0x73, 0x65, 0x22, 0x00, 0x12, 0x6d, 0x0a, 0x0e, 0x44, 0x65, 0x6c, 0x65, 0x74, 0x65, 0x43, 0x65,
	0x6c, 0x6c, 0x49, 0x6e, 0x66, 0x6f, 0x12, 0x2b, 0x2e, 0x76, 0x69, 0x74, 0x65, 0x73, 0x73, 0x2e,
	0x76, 0x74, 0x63, 0x74, 0x6c, 0x64, 0x61, 0x74, 0x61, 0x2e, 0x76, 0x32, 0x33, 0x2e, 0x44, 0x65,
	0x6c, 0x65, 0x74, 0x65, 0x43, 0x65, 0x6c, 0x6c, 0x49, 0x6e, 0x66, 0x6f, 0x52, 0x65, 0x71, 0x75,
	0x65, 0x73, 0x74, 0x1a, 0x2c, 0x2e, 0x76, 0x69, 0x74, 0x65, 0x73, 0x73, 0x2e, 0x76, 0x74, 0x63,
	0x74, 0x6c, 0x64, 0x61, 0x74, 0x61, 0x2e, 0x76, 0x32, 0x33, 0x2e, 0x44, 0x65, 0x6c, 0x65, 0x74,
	0x65, 0x43, 0x65, 0x6c, 0x6c, 0x49, 0x6e, 0x66, 0x6f, 0x52, 0x65, 0x73, 0x70, 0x6f, 0x6e, 0x73,
	0x65, 0x22, 0x00, 0x12, 0x73, 0x0a, 0x10, 0x44, 0x65, 0x6c, 0x65, 0x74, 0x65, 0x43, 0x65, 0x6c,
	0x6c, 0x73, 0x41, 0x6c, 0x69, 0x61, 0x73, 0x12, 0x2d, 0x2e, 0x76, 0x69, 0x74, 0x65, 0x73, 0x73,
	0x2e, 0x76, 0x74, 0x63, 0x74, 0x6c, 0x64, 0x61, 0x74, 0x61, 0x2e, 0x76, 0x32, 0x33, 0x2e, 0x44,
	0x65, 0x6c, 0x65, 0x74, 0x65, 0x43, 0x65, 0x6c, 0x6c, 0x73, 0x41, 0x6c, 0x69, 0x61, 0x73, 0x52,
	0x65, 0x71, 0x75, 0x65, 0x73, 0x74, 0x1a, 0x2e, 0x2e, 0x76, 0x69, 0x74, 0x65, 0x73, 0x73, 0x2e,
	0x76, 0x74, 0x63, 0x74, 0x6c, 0x64, 0x61, 0x74, 0x61, 0x2e, 0x76, 0x32, 0x33, 0x2e, 0x44, 0x65,
	0x6c, 0x65, 0x74, 0x65, 0x43, 0x65, 0x6c, 0x6c, 0x73, 0x41, 0x6c, 0x69, 0x61, 0x73, 0x52, 0x65,
	0x73, 0x70, 0x6f, 0x6e, 0x73, 0x65, 0x22, 0x00, 0x12, 0x6d, 0x0a, 0x0e, 0x44, 0x65, 0x6c, 0x65,
	0x74, 0x65, 0x4b, 0x65, 0x79, 0x73, 0x70, 0x61, 0x63, 0x65, 0x12, 0x2b, 0x2e, 0x76, 0x69, 0x74,
	0x65, 0x73, 0x73, 0x2e, 0x76, 0x74, 0x63, 0x74, 0x6c, 0x64, 0x61, 0x74, 0x61, 0x2e, 0x76, 0x32,
	0x33, 0x2e, 0x44, 0x65, 0x6c, 0x65, 0x74, 0x65, 0x4b, 0x65, 0x79, 0x73, 0x70, 0x61, 0x63, 0x65,
	0x52, 0x65, 0x71, 0x75, 0x65, 0x73, 0x74, 0x1a, 0x2c, 0x2e, 0x76, 0x69, 0x74, 0x65, 0x73, 0x73,
	0x2e, 0x76, 0x74, 0x63, 0x74, 0x6c, 0x64, 0x61, 0x74, 0x61, 0x2e, 0x76, 0x32, 0x33, 0x2e, 0x44,
	0x65, 0x6c, 0x65, 0x74, 0x65, 0x4b, 0x65, 0x79, 0x73, 0x70, 0x61, 0x63, 0x65, 0x52, 0x65, 0x73,
	0x70, 0x6f, 0x6e, 0x73, 0x65, 0x22, 0x00, 0x12, 0x67, 0x0a, 0x0c, 0x44, 0x65, 0x6c, 0x65, 0x74,
	0x65, 0x53, 0x68, 0x61, 0x72, 0x64, 0x73, 0x12, 0x29, 0x2e, 0x76, 0x69, 0x74, 0x65, 0x73, 0x73,
	0x2e, 0x76, 0x74, 0x63, 0x74, 0x6c, 0x64, 0x61, 0x74, 0x61, 0x2e, 0x76, 0x32, 0x33, 0x2e, 0x44,
	0x65, 0x6c, 0x65, 0x74, 0x65, 0x53, 0x68, 0x61, 0x72, 0x64, 0x73, 0x52, 0x65, 0x71, 0x75, 0x65,
	0x73, 0x74, 0x1a, 0x2a, 0x2e, 0x76, 0x69, 0x74, 0x65, 0x73, 0x73, 0x2e, 0x76, 0x74, 0x63, 0x74,
	0x6c, 0x64, 0x61, 0x74, 0x61, 0x2e, 0x76, 0x32, 0x33, 0x2e, 0x44, 0x65, 0x6c, 0x65, 0x74, 0x65,
	0x53, 0x68, 0x61, 0x72, 0x64, 0x73, 0x52, 0x65, 0x73, 0x70, 0x6f, 0x6e, 0x73, 0x65, 0x22, 0x00,
	0x12, 0x73, 0x0a, 0x10, 0x44, 0x65, 0x6c, 0x65, 0x74, 0x65, 0x53, 0x72, 0x76, 0x56, 0x53, 0x63,
	0x68, 0x65, 0x6d, 0x61, 0x12, 0x2d, 0x2e, 0x76, 0x69, 0x74, 0x65, 0x73, 0x73, 0x2e, 0x76, 0x74,
	0x63, 0x74, 0x6c, 0x64, 0x61, 0x74, 0x61, 0x2e, 0x76, 0x32, 0x33, 0x2e, 0x44, 0x65, 0x6c, 0x65,
	0x74, 0x65, 0x53, 0x72, 0x76, 0x56, 0x53, 0x63, 0x68, 0x65, 0x6d, 0x61, 0x52, 0x65, 0x71, 0x75,
	0x65, 0x73, 0x74, 0x1a, 0x2e, 0x2e, 0x76, 0x69, 0x74, 0x65, 0x73, 0x73, 0x2e, 0x76, 0x74, 0x63,
	0x74, 0x6c, 0x64, 0x61, 0x74, 0x61, 0x2e, 0x76, 0x32, 0x33, 0x2e, 0x44, 0x65, 0x6c, 0x65, 0x74,
	0x65, 0x53, 0x72, 0x76, 0x56, 0x53, 0x63, 0x68, 0x65, 0x6d, 0x61, 0x52, 0x65, 0x73, 0x70, 0x6f,
	0x6e, 0x73, 0x65, 0x22, 0x00, 0x12, 0x6a, 0x0a, 0x0d, 0x44, 0x65, 0x6c, 0x65, 0x74, 0x65, 0x54,
	0x61, 0x62, 0x6c, 0x65, 0x74, 0x73, 0x12, 0x2a, 0x2e, 0x76, 0x69, 0x74, 0x65, 0x73, 0x73, 0x2e,
	0x76, 0x74, 0x63, 0x74, 0x6c, 0x64, 0x61, 0x74, 0x61, 0x2e, 0x76, 0x32, 0x33, 0x2e, 0x44, 0x65,
	0x6c, 0x65, 0x74, 0x65, 0x54, 0x61, 0x62, 0x6c, 0x65, 0x74, 0x73, 0x52, 0x65, 0x71, 0x75, 0x65,
	0x73, 0x74, 0x1a, 0x2b, 0x2e, 0x76, 0x69, 0x74, 0x65, 0x73, 0x73, 0x2e, 0x76, 0x74, 0x63, 0x74,
	0x6c, 0x64, 0x61, 0x74, 0x61, 0x2e, 0x76, 0x32, 0x33, 0x2e, 0x44, 0x65, 0x6c, 0x65, 0x74, 0x65,
	0x54, 0x61, 0x62, 0x6c, 0x65, 0x74, 0x73, 0x52, 0x65, 0x73, 0x70, 0x6f, 0x6e, 0x73, 0x65, 0x22,
	0x00, 0x12, 0x85, 0x01, 0x0a, 0x16, 0x45, 0x6d, 0x65, 0x72, 0x67, 0x65, 0x6e, 0x63, 0x79, 0x52,
	0x65, 0x70, 0x61, 0x72, 0x65, 0x6e, 0x74, 0x53, 0x68, 0x61, 0x72, 0x64, 0x12, 0x33, 0x2e, 0x76,
	0x69, 0x74, 0x65, 0x73, 0x73, 0x2e, 0x76, 0x74, 0x63, 0x74, 0x6c, 0x64, 0x61, 0x74, 0x61, 0x2e,
	0x76, 0x32, 0x33, 0x2e, 0x45, 0x6d, 0x65, 0x72, 0x67, 0x65, 0x6e, 0x63, 0x79, 0x52, 0x65, 0x70,
	0x61, 0x72, 0x65, 0x6e, 0x74, 0x53, 0x68, 0x61, 0x72, 0x64, 0x52, 0x65, 0x71, 0x75, 0x65, 0x73,
	0x74, 0x1a, 0x34, 0x2e, 0x76, 0x69, 0x74, 0x65, 0x73, 0x73, 0x2e, 0x76, 0x74, 0x63, 0x74, 0x6c,
	0x64, 0x61, 0x74, 0x61, 0x2e, 0x76, 0x32, 0x33, 0x2e, 0x45, 0x6d, 0x65, 0x72, 0x67, 0x65, 0x6e,
	0x63, 0x79, 0x52, 0x65, 0x70, 0x61, 0x72, 0x65, 0x6e, 0x74, 0x53, 0x68, 0x61, 0x72, 0x64, 0x52,
	0x65, 0x73, 0x70, 0x6f, 0x6e, 0x73, 0x65, 0x22, 0x00, 0x12, 0x76, 0x0a, 0x11, 0x45, 0x78, 0x65,
	0x63, 0x75, 0x74, 0x65, 0x46, 0x65, 0x74, 0x63, 0x68, 0x41, 0x73, 0x41, 0x70, 0x70, 0x12, 0x2e,
	0x2e, 0x76, 0x69, 0x74, 0x65, 0x73, 0x73, 0x2e, 0x76, 0x74, 0x63, 0x74, 0x6c, 0x64, 0x61, 0x74,
	0x61, 0x2e, 0x76, 0x32, 0x33, 0x2e, 0x45, 0x78, 0x65, 0x63, 0x75, 0x74, 0x65, 0x46, 0x65, 0x74,
	0x63, 0x68, 0x41, 0x73, 0x41, 0x70, 0x70, 0x52, 0x65, 0x71, 0x75, 0x65, 0x73, 0x74, 0x1a, 0x2f,
	0x2e, 0x76, 0x69, 0x74, 0x65, 0x73, 0x73, 0x2e, 0x76, 0x74, 0x63, 0x74, 0x6c, 0x64, 0x61, 0x74,
	0x61, 0x2e, 0x76, 0x32, 0x33, 0x2e, 0x45, 0x78, 0x65, 0x63, 0x75, 0x74, 0x65, 0x46, 0x65, 0x74,
	0x63, 0x68, 0x41, 0x73, 0x41, 0x70, 0x70, 0x52, 0x65, 0x73, 0x70, 0x6f, 0x6e, 0x73, 0x65, 0x22,
	0x00, 0x12, 0x76, 0x0a, 0x11, 0x45, 0x78, 0x65, 0x63, 0x75, 0x74, 0x65, 0x46, 0x65, 0x74, 0x63,
	0x68, 0x41, 0x73, 0x44, 0x42, 0x41, 0x12, 0x2e, 0x2e, 0x76, 0x69, 0x74, 0x65, 0x73, 0x73, 0x2e,
	0x76, 0x74, 0x63, 0x74, 0x6c, 0x64, 0x61, 0x74, 0x61, 0x2e, 0x76, 0x32, 0x33, 0x2e, 0x45, 0x78,
	0x65, 0x63, 0x75, 0x74, 0x65, 0x46, 0x65, 0x74, 0x63, 0x68, 0x41, 0x73, 0x44, 0x42, 0x41, 0x52,
	0x65, 0x71, 0x75, 0x65, 0x73, 0x74, 0x1a, 0x2f, 0x2e, 0x76, 0x69, 0x74, 0x65, 0x73, 0x73, 0x2e,
	0x76, 0x74, 0x63, 0x74, 0x6c, 0x64, 0x61, 0x74, 0x61, 0x2e, 0x76, 0x32, 0x33, 0x2e, 0x45, 0x78,
	0x65, 0x63, 0x75, 0x74, 0x65, 0x46, 0x65, 0x74, 0x63, 0x68, 0x41, 0x73, 0x44, 0x42, 0x41, 0x52,
	0x65, 0x73, 0x70, 0x6f, 0x6e, 0x73, 0x65, 0x22, 0x00, 0x12, 0x62, 0x0a, 0x0b, 0x45, 0x78, 0x65,
	0x63, 0x75, 0x74, 0x65, 0x48, 0x6f, 0x6f, 0x6b, 0x12, 0x28, 0x2e, 0x76, 0x69, 0x74, 0x65, 0x73,
	0x73, 0x2e, 0x76, 0x74, 0x63, 0x74, 0x6c, 0x64, 0x61, 0x74, 0x61, 0x2e, 0x76, 0x32, 0x33, 0x2e,
	0x45, 0x78, 0x65, 0x63, 0x75, 0x74, 0x65, 0x48, 0x6f, 0x6f, 0x6b, 0x52, 0x65, 0x71, 0x75, 0x65,
	0x73, 0x74, 0x1a, 0x29, 0x2e, 0x76, 0x69, 0x74, 0x65, 0x73, 0x73, 0x2e, 0x76, 0x74, 0x63, 0x74,
	0x6c, 0x64, 0x61, 0x74, 0x61, 0x2e, 0x76, 0x32, 0x33, 0x2e, 0x45, 0x78, 0x65, 0x63, 0x75, 0x74,
	0x65, 0x48, 0x6f, 0x6f, 0x6b, 0x52, 0x65, 0x73, 0x70, 0x6f, 0x6e, 0x73, 0x65, 0x12, 0x85, 0x01,
	0x0a, 0x16, 0x45, 0x78, 0x65, 0x63, 0x75, 0x74, 0x65, 0x4d, 0x75, 0x6c, 0x74, 0x69, 0x46, 0x65,
	0x74, 0x63, 0x68, 0x41, 0x73, 0x44, 0x42, 0x41, 0x12, 0x33, 0x2e, 0x76, 0x69, 0x74, 0x65, 0x73,
	0x73, 0x2e, 0x76, 0x74, 0x63, 0x74, 0x6c, 0x64, 0x61, 0x74, 0x61, 0x2e, 0x76, 0x32, 0x33, 0x2e,
	0x45, 0x78, 0x65, 0x63, 0x75, 0x74, 0x65, 0x4d, 0x75, 0x6c, 0x74, 0x69, 0x46, 0x65, 0x74, 0x63,
	0x68, 0x41, 0x73, 0x44, 0x42, 0x41, 0x52, 0x65, 0x71, 0x75, 0x65, 0x73, 0x74, 0x1a, 0x34, 0x2e,
	0x76, 0x69, 0x74, 0x65, 0x73, 0x73, 0x2e, 0x76, 0x74, 0x63, 0x74, 0x6c, 0x64, 0x61, 0x74, 0x61,
	0x2e, 0x76, 0x32, 0x33, 0x2e, 0x45, 0x78, 0x65, 0x63, 0x75, 0x74, 0x65, 0x4d, 0x75, 0x6c, 0x74,
	0x69, 0x46, 0x65, 0x74, 0x63, 0x68, 0x41, 0x73, 0x44, 0x42, 0x41, 0x52, 0x65, 0x73, 0x70, 0x6f,
	0x6e, 0x73, 0x65, 0x22, 0x00, 0x12, 0x88, 0x01, 0x0a, 0x17, 0x46, 0x69, 0x6e, 0x64, 0x41, 0x6c,
	0x6c, 0x53, 0x68, 0x61, 0x72, 0x64, 0x73, 0x49, 0x6e, 0x4b, 0x65, 0x79, 0x73, 0x70, 0x61, 0x63,
	0x65, 0x12, 0x34, 0x2e, 0x76, 0x69, 0x74, 0x65, 0x73, 0x73, 0x2e, 0x76, 0x74, 0x63, 0x74, 0x6c,
	0x64, 0x61, 0x74, 0x61, 0x2e, 0x76, 0x32, 0x33, 0x2e, 0x46, 0x69, 0x6e, 0x64, 0x41, 0x6c, 0x6c,
	0x53, 0x68, 0x61, 0x72, 0x64, 0x73, 0x49, 0x6e, 0x4b, 0x65, 0x79, 0x73, 0x70, 0x61, 0x63, 0x65,
	0x52, 0x65, 0x71, 0x75, 0x65, 0x73, 0x74, 0x1a, 0x35, 0x2e, 0x76, 0x69, 0x74, 0x65, 0x73, 0x73,
	0x2e, 0x76, 0x74, 0x63, 0x74, 0x6c, 0x64, 0x61, 0x74, 0x61, 0x2e, 0x76, 0x32, 0x33, 0x2e, 0x46,
	0x69, 0x6e, 0x64, 0x41, 0x6c, 0x6c, 0x53, 0x68, 0x61, 0x72, 0x64, 0x73, 0x49, 0x6e, 0x4b, 0x65,
	0x79, 0x73, 0x70, 0x61, 0x63, 0x65, 0x52, 0x65, 0x73, 0x70, 0x6f, 0x6e, 0x73, 0x65, 0x22, 0x00,
	0x12, 0x94, 0x01, 0x0a, 0x1b, 0x46, 0x6f, 0x72, 0x63, 0x65, 0x43, 0x75, 0x74, 0x4f, 0x76, 0x65,
	0x72, 0x53, 0x63, 0x68, 0x65, 0x6d, 0x61, 0x4d, 0x69, 0x67, 0x72, 0x61, 0x74, 0x69, 0x6f, 0x6e,
	0x12, 0x38, 0x2e, 0x76, 0x69, 0x74, 0x65, 0x73, 0x73, 0x2e, 0x76, 0x74, 0x63, 0x74, 0x6c, 0x64,
	0x61, 0x74, 0x61, 0x2e, 0x76, 0x32, 0x33, 0x2e, 0x46, 0x6f, 0x72, 0x63, 0x65, 0x43, 0x75, 0x74,
	0x4f, 0x76, 0x65, 0x72, 0x53, 0x63, 0x68, 0x65, 0x6d, 0x61, 0x4d, 0x69, 0x67, 0x72, 0x61, 0x74,
	0x69, 0x6f, 0x6e, 0x52, 0x65, 0x71, 0x75, 0x65, 0x73, 0x74, 0x1a, 0x39, 0x2e, 0x76, 0x69, 0x74,
	0x65, 0x73, 0x73, 0x2e, 0x76, 0x74, 0x63, 0x74, 0x6c, 0x64, 0x61, 0x74, 0x61, 0x2e, 0x76, 0x32,
	0x33, 0x2e, 0x46, 0x6f, 0x72, 0x63, 0x65, 0x43, 0x75, 0x74, 0x4f, 0x76, 0x65, 0x72, 0x53, 0x63,
	0x68, 0x65, 0x6d, 0x61, 0x4d, 0x69, 0x67, 0x72, 0x61, 0x74, 0x69, 0x6f, 0x6e, 0x52, 0x65, 0x73,
	0x70, 0x6f, 0x6e, 0x73, 0x65, 0x22, 0x00, 0x12, 0x61, 0x0a, 0x0a, 0x47, 0x65, 0x74, 0x42, 0x61,
	0x63, 0x6b, 0x75, 0x70, 0x73, 0x12, 0x27, 0x2e, 0x76, 0x69, 0x74, 0x65, 0x73, 0x73, 0x2e, 0x76,
	0x74, 0x63, 0x74, 0x6c, 0x64, 0x61, 0x74, 0x61, 0x2e, 0x76, 0x32, 0x33, 0x2e, 0x47, 0x65, 0x74,
	0x42, 0x61, 0x63, 0x6b, 0x75, 0x70, 0x73, 0x52, 0x65, 0x71, 0x75, 0x65, 0x73, 0x74, 0x1a, 0x28,
	0x2e, 0x76, 0x69, 0x74, 0x65, 0x73, 0x73, 0x2e, 0x76, 0x74, 0x63, 0x74, 0x6c, 0x64, 0x61, 0x74,
	0x61, 0x2e, 0x76, 0x32, 0x33, 0x2e, 0x47, 0x65, 0x74, 0x42, 0x61, 0x63, 0x6b, 0x75, 0x70, 0x73,
	0x52, 0x65, 0x73, 0x70, 0x6f, 0x6e, 0x73, 0x65, 0x22, 0x00, 0x12, 0x64, 0x0a, 0x0b, 0x47, 0x65,
	0x74, 0x43, 0x65, 0x6c, 0x6c, 0x49, 0x6e, 0x66, 0x6f, 0x12, 0x28, 0x2e, 0x76, 0x69, 0x74, 0x65,
	0x73, 0x73, 0x2e, 0x76, 0x74, 0x63, 0x74, 0x6c, 0x64, 0x61, 0x74, 0x61, 0x2e, 0x76, 0x32, 0x33,
	0x2e, 0x47, 0x65, 0x74, 0x43, 0x65, 0x6c, 0x6c, 0x49, 0x6e, 0x66, 0x6f, 0x52, 0x65, 0x71, 0x75,
	0x65, 0x73, 0x74, 0x1a, 0x29, 0x2e, 0x76, 0x69, 0x74, 0x65, 0x73, 0x73, 0x2e, 0x76, 0x74, 0x63,
	0x74, 0x6c, 0x64, 0x61, 0x74, 0x61, 0x2e, 0x76, 0x32, 0x33, 0x2e, 0x47, 0x65, 0x74, 0x43, 0x65,
	0x6c, 0x6c, 0x49, 0x6e, 0x66, 0x6f, 0x52, 0x65, 0x73, 0x70, 0x6f, 0x6e, 0x73, 0x65, 0x22, 0x00,
	0x12, 0x73, 0x0a, 0x10, 0x47, 0x65, 0x74, 0x43, 0x65, 0x6c, 0x6c, 0x49, 0x6e, 0x66, 0x6f, 0x4e,
	0x61, 0x6d, 0x65, 0x73, 0x12, 0x2d, 0x2e, 0x76, 0x69, 0x74, 0x65, 0x73, 0x73, 0x2e, 0x76, 0x74,
	0x63, 0x74, 0x6c, 0x64, 0x61, 0x74, 0x61, 0x2e, 0x76, 0x32, 0x33, 0x2e, 0x47, 0x65, 0x74, 0x43,
	0x65, 0x6c, 0x6c, 0x49, 0x6e, 0x66, 0x6f, 0x4e, 0x61, 0x6d, 0x65, 0x73, 0x52, 0x65, 0x71, 0x75,
	0x65, 0x73, 0x74, 0x1a, 0x2e, 0x2e, 0x76, 0x69, 0x74, 0x65, 0x73, 0x73, 0x2e, 0x76, 0x74, 0x63,
	0x74, 0x6c, 0x64, 0x61, 0x74, 0x61, 0x2e, 0x76, 0x32, 0x33, 0x2e, 0x47, 0x65, 0x74, 0x43, 0x65,
	0x6c, 0x6c, 0x49, 0x6e, 0x66, 0x6f, 0x4e, 0x61, 0x6d, 0x65, 0x73, 0x52, 0x65, 0x73, 0x70, 0x6f,
	0x6e, 0x73, 0x65, 0x22, 0x00, 0x12, 0x70, 0x0a, 0x0f, 0x47, 0x65, 0x74, 0x43, 0x65, 0x6c, 0x6c,
	0x73, 0x41, 0x6c, 0x69, 0x61, 0x73, 0x65, 0x73, 0x12, 0x2c, 0x2e, 0x76, 0x69, 0x74, 0x65, 0x73,
	0x73, 0x2e, 0x76, 0x74, 0x63, 0x74, 0x6c, 0x64, 0x61, 0x74, 0x61, 0x2e, 0x76, 0x32, 0x33, 0x2e,
	0x47, 0x65, 0x74, 0x43, 0x65, 0x6c, 0x6c, 0x73, 0x41, 0x6c, 0x69, 0x61, 0x73, 0x65, 0x73, 0x52,
	0x65, 0x71, 0x75, 0x65, 0x73, 0x74, 0x1a, 0x2d, 0x2e, 0x76, 0x69, 0x74, 0x65, 0x73, 0x73, 0x2e,
	0x76, 0x74, 0x63, 0x74, 0x6c, 0x64, 0x61, 0x74, 0x61, 0x2e, 0x76, 0x32, 0x33, 0x2e, 0x47, 0x65,
	0x74, 0x43, 0x65, 0x6c, 0x6c, 0x73, 0x41, 0x6c, 0x69, 0x61, 0x73, 0x65, 0x73, 0x52, 0x65, 0x73,
	0x70, 0x6f, 0x6e, 0x73, 0x65, 0x22, 0x00, 0x12, 0x6a, 0x0a, 0x0d, 0x47, 0x65, 0x74, 0x46, 0x75,
	0x6c, 0x6c, 0x53, 0x74, 0x61, 0x74, 0x75, 0x73, 0x12, 0x2a, 0x2e, 0x76, 0x69, 0x74, 0x65, 0x73,
	0x73, 0x2e, 0x76, 0x74, 0x63, 0x74, 0x6c, 0x64, 0x61, 0x74, 0x61, 0x2e, 0x76, 0x32, 0x33, 0x2e,
	0x47, 0x65, 0x74, 0x46, 0x75, 0x6c, 0x6c, 0x53, 0x74, 0x61, 0x74, 0x75, 0x73, 0x52, 0x65, 0x71,
	0x75, 0x65, 0x73, 0x74, 0x1a, 0x2b, 0x2e, 0x76, 0x69, 0x74, 0x65, 0x73, 0x73, 0x2e, 0x76, 0x74,
	0x63, 0x74, 0x6c, 0x64, 0x61, 0x74, 0x61, 0x2e, 0x76, 0x32, 0x33, 0x2e, 0x47, 0x65, 0x74, 0x46,
	0x75, 0x6c, 0x6c, 0x53, 0x74, 0x61, 0x74, 0x75, 0x73, 0x52, 0x65, 0x73, 0x70, 0x6f, 0x6e, 0x73,
	0x65, 0x22, 0x00, 0x12, 0x64, 0x0a, 0x0b, 0x47, 0x65, 0x74, 0x4b, 0x65, 0x79, 0x73, 0x70, 0x61,
	0x63, 0x65, 0x12, 0x28, 0x2e, 0x76, 0x69, 0x74, 0x65, 0x73, 0x73, 0x2e, 0x76, 0x74, 0x63, 0x74,
	0x6c, 0x64, 0x61, 0x74, 0x61, 0x2e, 0x76, 0x32, 0x33, 0x2e, 0x47, 0x65, 0x74, 0x4b, 0x65, 0x79,
	0x73, 0x70, 0x61, 0x63, 0x65, 0x52, 0x65, 0x71, 0x75, 0x65, 0x73, 0x74, 0x1a, 0x29, 0x2e, 0x76,
	0x69, 0x74, 0x65, 0x73, 0x73, 0x2e, 0x76, 0x74, 0x63, 0x74, 0x6c, 0x64, 0x61, 0x74, 0x61, 0x2e,
	0x76, 0x32, 0x33, 0x2e, 0x47, 0x65, 0x74, 0x4b, 0x65, 0x79, 0x73, 0x70, 0x61, 0x63, 0x65, 0x52,
	0x65, 0x73, 0x70, 0x6f, 0x6e, 0x73, 0x65, 0x22, 0x00, 0x12, 0x67, 0x0a, 0x0c, 0x47, 0x65, 0x74,
	0x4b, 0x65, 0x79, 0x73, 0x70, 0x61, 0x63, 0x65, 0x73, 0x12, 0x29, 0x2e, 0x76, 0x69, 0x74, 0x65,
	0x73, 0x73, 0x2e, 0x76, 0x74, 0x63, 0x74, 0x6c, 0x64, 0x61, 0x74, 0x61, 0x2e, 0x76, 0x32, 0x33,
	0x2e, 0x47, 0x65, 0x74, 0x4b, 0x65, 0x79, 0x73, 0x70, 0x61, 0x63, 0x65, 0x73, 0x52, 0x65, 0x71,
	0x75, 0x65, 0x73, 0x74, 0x1a, 0x2a, 0x2e, 0x76, 0x69, 0x74, 0x65, 0x73, 0x73, 0x2e, 0x76, 0x74,
	0x63, 0x74, 0x6c, 0x64, 0x61, 0x74, 0x61, 0x2e, 0x76, 0x32, 0x33, 0x2e, 0x47, 0x65, 0x74, 0x4b,
	0x65, 0x79, 0x73, 0x70, 0x61, 0x63, 0x65, 0x73, 0x52, 0x65, 0x73, 0x70, 0x6f, 0x6e, 0x73, 0x65,
	0x22, 0x00, 0x12, 0x88, 0x01, 0x0a, 0x17, 0x47, 0x65, 0x74, 0x4b, 0x65, 0x79, 0x73, 0x70, 0x61,
	0x63, 0x65, 0x52, 0x6f, 0x75, 0x74, 0x69, 0x6e, 0x67, 0x52, 0x75, 0x6c, 0x65, 0x73, 0x12, 0x34,
	0x2e, 0x76, 0x69, 0x74, 0x65, 0x73, 0x73, 0x2e, 0x76, 0x74, 0x63, 0x74, 0x6c, 0x64, 0x61, 0x74,
	0x61, 0x2e, 0x76, 0x32, 0x33, 0x2e, 0x47, 0x65, 0x74, 0x4b, 0x65, 0x79, 0x73, 0x70, 0x61, 0x63,
	0x65, 0x52, 0x6f, 0x75, 0x74, 0x69, 0x6e, 0x67, 0x52, 0x75, 0x6c, 0x65, 0x73, 0x52, 0x65, 0x71,
	0x75, 0x65, 0x73, 0x74, 0x1a, 0x35, 0x2e, 0x76, 0x69, 0x74, 0x65, 0x73, 0x73, 0x2e, 0x76, 0x74,
	0x63, 0x74, 0x6c, 0x64, 0x61, 0x74, 0x61, 0x2e, 0x76, 0x32, 0x33, 0x2e, 0x47, 0x65, 0x74, 0x4b,
	0x65, 0x79, 0x73, 0x70, 0x61, 0x63, 0x65, 0x52, 0x6f, 0x75, 0x74, 0x69, 0x6e, 0x67, 0x52, 0x75,
	0x6c, 0x65, 0x73, 0x52, 0x65, 0x73, 0x70, 0x6f, 0x6e, 0x73, 0x65, 0x22, 0x00, 0x12, 0x6d, 0x0a,
	0x0e, 0x47, 0x65, 0x74, 0x50, 0x65, 0x72, 0x6d, 0x69, 0x73, 0x73, 0x69, 0x6f, 0x6e, 0x73, 0x12,
	0x2b, 0x2e, 0x76, 0x69, 0x74, 0x65, 0x73, 0x73, 0x2e, 0x76, 0x74, 0x63, 0x74, 0x6c, 0x64, 0x61,
	0x74, 0x61, 0x2e, 0x76, 0x32, 0x33, 0x2e, 0x47, 0x65, 0x74, 0x50, 0x65, 0x72, 0x6d, 0x69, 0x73,
	0x73, 0x69, 0x6f, 0x6e, 0x73, 0x52, 0x65, 0x71, 0x75, 0x65, 0x73, 0x74, 0x1a, 0x2c, 0x2e, 0x76,
	0x69, 0x74, 0x65, 0x73, 0x73, 0x2e, 0x76, 0x74, 0x63, 0x74, 0x6c, 0x64, 0x61, 0x74, 0x61, 0x2e,
	0x76, 0x32, 0x33, 0x2e, 0x47, 0x65, 0x74, 0x50, 0x65, 0x72, 0x6d, 0x69, 0x73, 0x73, 0x69, 0x6f,
	0x6e, 0x73, 0x52, 0x65, 0x73, 0x70, 0x6f, 0x6e, 0x73, 0x65, 0x22, 0x00, 0x12, 0x70, 0x0a, 0x0f,
	0x47, 0x65, 0x74, 0x52, 0x6f, 0x75, 0x74, 0x69, 0x6e, 0x67, 0x52, 0x75, 0x6c, 0x65, 0x73, 0x12,
	0x2c, 0x2e, 0x76, 0x69, 0x74, 0x65, 0x73, 0x73, 0x2e, 0x76, 0x74, 0x63, 0x74, 0x6c, 0x64, 0x61,
	0x74, 0x61, 0x2e, 0x76, 0x32, 0x33, 0x2e, 0x47, 0x65, 0x74, 0x52, 0x6f, 0x75, 0x74, 0x69, 0x6e,
	0x67, 0x52, 0x75, 0x6c, 0x65, 0x73, 0x52, 0x65, 0x71, 0x75, 0x65, 0x73, 0x74, 0x1a, 0x2d, 0x2e,
	0x76, 0x69, 0x74, 0x65, 0x73, 0x73, 0x2e, 0x76, 0x74, 0x63, 0x74, 0x6c, 0x64, 0x61, 0x74, 0x61,
	0x2e, 0x76, 0x32, 0x33, 0x2e, 0x47, 0x65, 0x74, 0x52, 0x6f, 0x75, 0x74, 0x69, 0x6e, 0x67, 0x52,
	0x75, 0x6c, 0x65, 0x73, 0x52, 0x65, 0x73, 0x70, 0x6f, 0x6e, 0x73, 0x65, 0x22, 0x00, 0x12, 0x5e,
	0x0a, 0x09, 0x47, 0x65, 0x74, 0x53, 0x63, 0x68, 0x65, 0x6d, 0x61, 0x12, 0x26, 0x2e, 0x76, 0x69,
	0x74, 0x65, 0x73, 0x73, 0x2e, 0x76, 0x74, 0x63, 0x74, 0x6c, 0x64, 0x61, 0x74, 0x61, 0x2e, 0x76,
	0x32, 0x33, 0x2e, 0x47, 0x65, 0x74, 0x53, 0x63, 0x68, 0x65, 0x6d, 0x61, 0x52, 0x65, 0x71, 0x75,
	0x65, 0x73, 0x74, 0x1a, 0x27, 0x2e, 0x76, 0x69, 0x74, 0x65, 0x73, 0x73, 0x2e, 0x76, 0x74, 0x63,
	0x74, 0x6c, 0x64, 0x61, 0x74, 0x61, 0x2e, 0x76, 0x32, 0x33, 0x2e, 0x47, 0x65, 0x74, 0x53, 0x63,
	0x68, 0x65, 0x6d, 0x61, 0x52, 0x65, 0x73, 0x70, 0x6f, 0x6e, 0x73, 0x65, 0x22, 0x00, 0x12, 0x7c,
	0x0a, 0x13, 0x47, 0x65, 0x74, 0x53, 0x63, 0x68, 0x65, 0x6d, 0x61, 0x4d, 0x69, 0x67, 0x72, 0x61,
	0x74, 0x69, 0x6f, 0x6e, 0x73, 0x12, 0x30, 0x2e, 0x76, 0x69, 0x74, 0x65, 0x73, 0x73, 0x2e, 0x76,
	0x74, 0x63, 0x74, 0x6c, 0x64, 0x61, 0x74, 0x61, 0x2e, 0x76, 0x32, 0x33, 0x2e, 0x47, 0x65, 0x74,
	0x53, 0x63, 0x68, 0x65, 0x6d, 0x61, 0x4d, 0x69, 0x67, 0x72, 0x61, 0x74, 0x69, 0x6f, 0x6e, 0x73,
	0x52, 0x65, 0x71, 0x75, 0x65, 0x73, 0x74, 0x1a, 0x31, 0x2e, 0x76, 0x69, 0x74, 0x65, 0x73, 0x73,
	0x2e, 0x76, 0x74, 0x63, 0x74, 0x6c, 0x64, 0x61, 0x74, 0x61, 0x2e, 0x76, 0x32, 0x33, 0x2e, 0x47,
	0x65, 0x74, 0x53, 0x63, 0x68, 0x65, 0x6d, 0x61, 0x4d, 0x69, 0x67, 0x72, 0x61, 0x74, 0x69, 0x6f,
	0x6e, 0x73, 0x52, 0x65, 0x73, 0x70, 0x6f, 0x6e, 0x73, 0x65, 0x22, 0x00, 0x12, 0x7c, 0x0a, 0x13,
	0x47, 0x65, 0x74, 0x53, 0x68, 0x61, 0x72, 0x64, 0x52, 0x65, 0x70, 0x6c, 0x69, 0x63, 0x61, 0x74,
	0x69, 0x6f, 0x6e, 0x12, 0x30, 0x2e, 0x76, 0x69, 0x74, 0x65, 0x73, 0x73, 0x2e, 0x76, 0x74, 0x63,
	0x74, 0x6c, 0x64, 0x61, 0x74, 0x61, 0x2e, 0x76, 0x32, 0x33, 0x2e, 0x47, 0x65, 0x74, 0x53, 0x68,
	0x61, 0x72, 0x64, 0x52, 0x65, 0x70, 0x6c, 0x69, 0x63, 0x61, 0x74, 0x69, 0x6f, 0x6e, 0x52, 0x65,
	0x71, 0x75, 0x65, 0x73, 0x74, 0x1a, 0x31, 0x2e, 0x76, 0x69, 0x74, 0x65, 0x73, 0x73, 0x2e, 0x76,
	0x74, 0x63, 0x74, 0x6c, 0x64, 0x61, 0x74, 0x61, 0x2e, 0x76, 0x32, 0x33, 0x2e, 0x47, 0x65, 0x74,
	0x53, 0x68, 0x61, 0x72, 0x64, 0x52, 0x65, 0x70, 0x6c, 0x69, 0x63, 0x61, 0x74, 0x69, 0x6f, 0x6e,
	0x52, 0x65, 0x73, 0x70, 0x6f, 0x6e, 0x73, 0x65, 0x22, 0x00, 0x12, 0x5b, 0x0a, 0x08, 0x47, 0x65,
	0x74, 0x53, 0x68, 0x61, 0x72, 0x64, 0x12, 0x25, 0x2e, 0x76, 0x69, 0x74, 0x65, 0x73, 0x73, 0x2e,
	0x76, 0x74, 0x63, 0x74, 0x6c, 0x64, 0x61, 0x74, 0x61, 0x2e, 0x76, 0x32, 0x33, 0x2e, 0x47, 0x65,
	0x74, 0x53, 0x68, 0x61, 0x72, 0x64, 0x52, 0x65, 0x71, 0x75, 0x65, 0x73, 0x74, 0x1a, 0x26, 0x2e,
	0x76, 0x69, 0x74, 0x65, 0x73, 0x73, 0x2e, 0x76, 0x74, 0x63, 0x74, 0x6c, 0x64, 0x61, 0x74, 0x61,
	0x2e, 0x76, 0x32, 0x33, 0x2e, 0x47, 0x65, 0x74, 0x53, 0x68, 0x61, 0x72, 0x64, 0x52, 0x65, 0x73,
	0x70, 0x6f, 0x6e, 0x73, 0x65, 0x22, 0x00, 0x12, 0x7f, 0x0a, 0x14, 0x47, 0x65, 0x74, 0x53, 0x68,
	0x61, 0x72, 0x64, 0x52, 0x6f, 0x75, 0x74, 0x69, 0x6e, 0x67, 0x52, 0x75, 0x6c, 0x65, 0x73, 0x12,
	0x31, 0x2e, 0x76, 0x69, 0x74, 0x65, 0x73, 0x73, 0x2e, 0x76, 0x74, 0x63, 0x74, 0x6c, 0x64, 0x61,
	0x74, 0x61, 0x2e, 0x76, 0x32, 0x33, 0x2e, 0x47, 0x65, 0x74, 0x53, 0x68, 0x61, 0x72, 0x64, 0x52,
	0x6f, 0x75, 0x74, 0x69, 0x6e, 0x67, 0x52, 0x75, 0x6c, 0x65, 0x73, 0x52, 0x65, 0x71, 0x75, 0x65,
	0x73, 0x74, 0x1a, 0x32, 0x2e, 0x76, 0x69, 0x74, 0x65, 0x73, 0x73, 0x2e, 0x76, 0x74, 0x63, 0x74,
	0x6c, 0x64, 0x61, 0x74, 0x61, 0x2e, 0x76, 0x32, 0x33, 0x2e, 0x47, 0x65, 0x74, 0x53, 0x68, 0x61,
	0x72, 0x64, 0x52, 0x6f, 0x75, 0x74, 0x69, 0x6e, 0x67, 0x52, 0x75, 0x6c, 0x65, 0x73, 0x52, 0x65,
	0x73, 0x70, 0x6f, 0x6e, 0x73, 0x65, 0x22, 0x00, 0x12, 0x7c, 0x0a, 0x13, 0x47, 0x65, 0x74, 0x53,
	0x72, 0x76, 0x4b, 0x65, 0x79, 0x73, 0x70, 0x61, 0x63, 0x65, 0x4e, 0x61, 0x6d, 0x65, 0x73, 0x12,
	0x30, 0x2e, 0x76, 0x69, 0x74, 0x65, 0x73, 0x73, 0x2e, 0x76, 0x74, 0x63, 0x74, 0x6c, 0x64, 0x61,
	0x74, 0x61, 0x2e, 0x76, 0x32, 0x33, 0x2e, 0x47, 0x65, 0x74, 0x53, 0x72, 0x76, 0x4b, 0x65, 0x79,
	0x73, 0x70, 0x61, 0x63, 0x65, 0x4e, 0x61, 0x6d, 0x65, 0x73, 0x52, 0x65, 0x71, 0x75, 0x65, 0x73,
	0x74, 0x1a, 0x31, 0x2e, 0x76, 0x69, 0x74, 0x65, 0x73, 0x73, 0x2e, 0x76, 0x74, 0x63, 0x74, 0x6c,
	0x64, 0x61, 0x74, 0x61, 0x2e, 0x76, 0x32, 0x33, 0x2e, 0x47, 0x65, 0x74, 0x53, 0x72, 0x76, 0x4b,
	0x65, 0x79, 0x73, 0x70, 0x61, 0x63, 0x65, 0x4e, 0x61, 0x6d, 0x65, 0x73, 0x52, 0x65, 0x73, 0x70,
	0x6f, 0x6e, 0x73, 0x65, 0x22, 0x00, 0x12, 0x70, 0x0a, 0x0f, 0x47, 0x65, 0x74, 0x53, 0x72, 0x76,
	0x4b, 0x65, 0x79, 0x73, 0x70, 0x61, 0x63, 0x65, 0x73, 0x12, 0x2c, 0x2e, 0x76, 0x69, 0x74, 0x65,
	0x73, 0x73, 0x2e, 0x76, 0x74, 0x63, 0x74, 0x6c, 0x64, 0x61, 0x74, 0x61, 0x2e, 0x76, 0x32, 0x33,
	0x2e, 0x47, 0x65, 0x74, 0x53, 0x72, 0x76, 0x4b, 0x65, 0x79, 0x73, 0x70, 0x61, 0x63, 0x65, 0x73,
	0x52, 0x65, 0x71, 0x75, 0x65, 0x73, 0x74, 0x1a, 0x2d, 0x2e, 0x76, 0x69, 0x74, 0x65, 0x73, 0x73,
	0x2e, 0x76, 0x74, 0x63, 0x74, 0x6c, 0x64, 0x61, 0x74, 0x61, 0x2e, 0x76, 0x32, 0x33, 0x2e, 0x47,
	0x65, 0x74, 0x53, 0x72, 0x76, 0x4b, 0x65, 0x79, 0x73, 0x70, 0x61, 0x63, 0x65, 0x73, 0x52, 0x65,
	0x73, 0x70, 0x6f, 0x6e, 0x73, 0x65, 0x22, 0x00, 0x12, 0x82, 0x01, 0x0a, 0x15, 0x55, 0x70, 0x64,
	0x61, 0x74, 0x65, 0x54, 0x68, 0x72, 0x6f, 0x74, 0x74, 0x6c, 0x65, 0x72, 0x43, 0x6f, 0x6e, 0x66,
	0x69, 0x67, 0x12, 0x32, 0x2e, 0x76, 0x69, 0x74, 0x65, 0x73, 0x73, 0x2e, 0x76, 0x74, 0x63, 0x74,
	0x6c, 0x64, 0x61, 0x74, 0x61, 0x2e, 0x76, 0x32, 0x33, 0x2e, 0x55, 0x70, 0x64, 0x61, 0x74, 0x65,
	0x54, 0x68, 0x72, 0x6f, 0x74, 0x74, 0x6c, 0x65, 0x72, 0x43, 0x6f, 0x6e, 0x66, 0x69, 0x67, 0x52,
	0x65, 0x71, 0x75, 0x65, 0x73, 0x74, 0x1a, 0x33, 0x2e, 0x76, 0x69, 0x74, 0x65, 0x73, 0x73, 0x2e,
	0x76, 0x74, 0x63, 0x74, 0x6c, 0x64, 0x61, 0x74, 0x61, 0x2e, 0x76, 0x32, 0x33, 0x2e, 0x55, 0x70,
	0x64, 0x61, 0x74, 0x65, 0x54, 0x68, 0x72, 0x6f, 0x74, 0x74, 0x6c, 0x65, 0x72, 0x43, 0x6f, 0x6e,
	0x66, 0x69, 0x67, 0x52, 0x65, 0x73, 0x70, 0x6f, 0x6e, 0x73, 0x65, 0x22, 0x00, 0x12, 0x6a, 0x0a,
	0x0d, 0x47, 0x65, 0x74, 0x53, 0x72, 0x76, 0x56, 0x53, 0x63, 0x68, 0x65, 0x6d, 0x61, 0x12, 0x2a,
	0x2e, 0x76, 0x69, 0x74, 0x65, 0x73, 0x73, 0x2e, 0x76, 0x74, 0x63, 0x74, 0x6c, 0x64, 0x61, 0x74,
	0x61, 0x2e, 0x76, 0x32, 0x33, 0x2e, 0x47, 0x65, 0x74, 0x53, 0x72, 0x76, 0x56, 0x53, 0x63, 0x68,
	0x65, 0x6d, 0x61, 0x52, 0x65, 0x71, 0x75, 0x65, 0x73, 0x74, 0x1a, 0x2b, 0x2e, 0x76, 0x69, 0x74,
	0x65, 0x73, 0x73, 0x2e, 0x76, 0x74, 0x63, 0x74, 0x6c, 0x64, 0x61, 0x74, 0x61, 0x2e, 0x76, 0x32,
	0x33, 0x2e, 0x47, 0x65, 0x74, 0x53, 0x72, 0x76, 0x56, 0x53, 0x63, 0x68, 0x65, 0x6d, 0x61, 0x52,
	0x65, 0x73, 0x70, 0x6f, 0x6e, 0x73, 0x65, 0x22, 0x00, 0x12, 0x6d, 0x0a, 0x0e, 0x47, 0x65, 0x74,
	0x53, 0x72, 0x76, 0x56, 0x53, 0x63, 0x68, 0x65, 0x6d, 0x61, 0x73, 0x12, 0x2b, 0x2e, 0x76, 0x69,
	0x74, 0x65, 0x73, 0x73, 0x2e, 0x76, 0x74, 0x63, 0x74, 0x6c, 0x64, 0x61, 0x74, 0x61, 0x2e, 0x76,
	0x32, 0x33, 0x2e, 0x47, 0x65, 0x74, 0x53, 0x72, 0x76, 0x56, 0x53, 0x63, 0x68, 0x65, 0x6d, 0x61,
	0x73, 0x52, 0x65, 0x71, 0x75, 0x65, 0x73, 0x74, 0x1a, 0x2c, 0x2e, 0x76, 0x69, 0x74, 0x65, 0x73,
	0x73, 0x2e, 0x76, 0x74, 0x63, 0x74, 0x6c, 0x64, 0x61, 0x74, 0x61, 0x2e, 0x76, 0x32, 0x33, 0x2e,
	0x47, 0x65, 0x74, 0x53, 0x72, 0x76, 0x56, 0x53, 0x63, 0x68, 0x65, 0x6d, 0x61, 0x73, 0x52, 0x65,
	0x73, 0x70, 0x6f, 0x6e, 0x73, 0x65, 0x22, 0x00, 0x12, 0x5e, 0x0a, 0x09, 0x47, 0x65, 0x74, 0x54,
	0x61, 0x62, 0x6c, 0x65, 0x74, 0x12, 0x26, 0x2e, 0x76, 0x69, 0x74, 0x65, 0x73, 0x73, 0x2e, 0x76,
	0x74, 0x63, 0x74, 0x6c, 0x64, 0x61, 0x74, 0x61, 0x2e, 0x76, 0x32, 0x33, 0x2e, 0x47, 0x65, 0x74,
	0x54, 0x61, 0x62, 0x6c, 0x65, 0x74, 0x52, 0x65, 0x71, 0x75, 0x65, 0x73, 0x74, 0x1a, 0x27, 0x2e,
	0x76, 0x69, 0x74, 0x65, 0x73, 0x73, 0x2e, 0x76, 0x74, 0x63, 0x74, 0x6c, 0x64, 0x61, 0x74, 0x61,
	0x2e, 0x76, 0x32, 0x33, 0x2e, 0x47, 0x65, 0x74, 0x54, 0x61, 0x62, 0x6c, 0x65, 0x74, 0x52, 0x65,
	0x73, 0x70, 0x6f, 0x6e, 0x73, 0x65, 0x22, 0x00, 0x12, 0x61, 0x0a, 0x0a, 0x47, 0x65, 0x74, 0x54,
	0x61, 0x62, 0x6c, 0x65, 0x74, 0x73, 0x12, 0x27, 0x2e, 0x76, 0x69, 0x74, 0x65, 0x73, 0x73, 0x2e,
	0x76, 0x74, 0x63, 0x74, 0x6c, 0x64, 0x61, 0x74, 0x61, 0x2e, 0x76, 0x32, 0x33, 0x2e, 0x47, 0x65,
	0x74, 0x54, 0x61, 0x62, 0x6c, 0x65, 0x74, 0x73, 0x52, 0x65, 0x71, 0x75, 0x65, 0x73, 0x74, 0x1a,
	0x28, 0x2e, 0x76, 0x69, 0x74, 0x65, 0x73, 0x73, 0x2e, 0x76, 0x74, 0x63, 0x74, 0x6c, 0x64, 0x61,
	0x74, 0x61, 0x2e, 0x76, 0x32, 0x33, 0x2e, 0x47, 0x65, 0x74, 0x54, 0x61, 0x62, 0x6c, 0x65, 0x74,
	0x73, 0x52, 0x65, 0x73, 0x70, 0x6f, 0x6e, 0x73, 0x65, 0x22, 0x00, 0x12, 0x79, 0x0a, 0x12, 0x47,
	0x65, 0x74, 0x54, 0x68, 0x72, 0x6f, 0x74, 0x74, 0x6c, 0x65, 0x72, 0x53, 0x74, 0x61, 0x74, 0x75,
	0x73, 0x12, 0x2f, 0x2e, 0x76, 0x69, 0x74, 0x65, 0x73, 0x73, 0x2e, 0x76, 0x74, 0x63, 0x74, 0x6c,
	0x64, 0x61, 0x74, 0x61, 0x2e, 0x76, 0x32, 0x33, 0x2e, 0x47, 0x65, 0x74, 0x54, 0x68, 0x72, 0x6f,
	0x74, 0x74, 0x6c, 0x65, 0x72, 0x53, 0x74, 0x61, 0x74, 0x75, 0x73, 0x52, 0x65, 0x71, 0x75, 0x65,
	0x73, 0x74, 0x1a, 0x30, 0x2e, 0x76, 0x69, 0x74, 0x65, 0x73, 0x73, 0x2e, 0x76, 0x74, 0x63, 0x74,
	0x6c, 0x64, 0x61, 0x74, 0x61, 0x2e, 0x76, 0x32, 0x33, 0x2e, 0x47, 0x65, 0x74, 0x54, 0x68, 0x72,
	0x6f, 0x74, 0x74, 0x6c, 0x65, 0x72, 0x53, 0x74, 0x61, 0x74, 0x75, 0x73, 0x52, 0x65, 0x73, 0x70,
	0x6f, 0x6e, 0x73, 0x65, 0x22, 0x00, 0x12, 0x70, 0x0a, 0x0f, 0x47, 0x65, 0x74, 0x54, 0x6f, 0x70,
	0x6f, 0x6c, 0x6f, 0x67, 0x79, 0x50, 0x61, 0x74, 0x68, 0x12, 0x2c, 0x2e, 0x76, 0x69, 0x74, 0x65,
	0x73, 0x73, 0x2e, 0x76, 0x74, 0x63, 0x74, 0x6c, 0x64, 0x61, 0x74, 0x61, 0x2e, 0x76, 0x32, 0x33,
	0x2e, 0x47, 0x65, 0x74, 0x54, 0x6f, 0x70, 0x6f, 0x6c, 0x6f, 0x67, 0x79, 0x50, 0x61, 0x74, 0x68,
	0x52, 0x65, 0x71, 0x75, 0x65, 0x73, 0x74, 0x1a, 0x2d, 0x2e, 0x76, 0x69, 0x74, 0x65, 0x73, 0x73,
	0x2e, 0x76, 0x74, 0x63, 0x74, 0x6c, 0x64, 0x61, 0x74, 0x61, 0x2e, 0x76, 0x32, 0x33, 0x2e, 0x47,
	0x65, 0x74, 0x54, 0x6f, 0x70, 0x6f, 0x6c, 0x6f, 0x67, 0x79, 0x50, 0x61, 0x74, 0x68, 0x52, 0x65,
	0x73, 0x70, 0x6f, 0x6e, 0x73, 0x65, 0x22, 0x00, 0x12, 0x79, 0x0a, 0x12, 0x47, 0x65, 0x74, 0x54,
	0x72, 0x61, 0x6e, 0x73, 0x61, 0x63, 0x74, 0x69, 0x6f, 0x6e, 0x49, 0x6e, 0x66, 0x6f, 0x12, 0x2f,
	0x2e, 0x76, 0x69, 0x74, 0x65, 0x73, 0x73, 0x2e, 0x76, 0x74, 0x63, 0x74, 0x6c, 0x64, 0x61, 0x74,
	0x61, 0x2e, 0x76, 0x32, 0x33, 0x2e, 0x47, 0x65, 0x74, 0x54, 0x72, 0x61, 0x6e, 0x73, 0x61, 0x63,
	0x74, 0x69, 0x6f, 0x6e, 0x49, 0x6e, 0x66, 0x6f, 0x52, 0x65, 0x71, 0x75, 0x65, 0x73, 0x74, 0x1a,
	0x30, 0x2e, 0x76, 0x69, 0x74, 0x65, 0x73, 0x73, 0x2e, 0x76, 0x74, 0x63, 0x74, 0x6c, 0x64, 0x61,
	0x74, 0x61, 0x2e, 0x76, 0x32, 0x33, 0x2e, 0x47, 0x65, 0x74, 0x54, 0x72, 0x61, 0x6e, 0x73, 0x61,
	0x63, 0x74, 0x69, 0x6f, 0x6e, 0x49, 0x6e, 0x66, 0x6f, 0x52, 0x65, 0x73, 0x70, 0x6f, 0x6e, 0x73,
	0x65, 0x22, 0x00, 0x12, 0x8e, 0x01, 0x0a, 0x19, 0x47, 0x65, 0x74, 0x55, 0x6e, 0x72, 0x65, 0x73,
	0x6f, 0x6c, 0x76, 0x65, 0x64, 0x54, 0x72, 0x61, 0x6e, 0x73, 0x61, 0x63, 0x74, 0x69, 0x6f, 0x6e,
	0x73, 0x12, 0x36, 0x2e, 0x76, 0x69, 0x74, 0x65, 0x73, 0x73, 0x2e, 0x76, 0x74, 0x63, 0x74, 0x6c,
	0x64, 0x61, 0x74, 0x61, 0x2e, 0x76, 0x32, 0x33, 0x2e, 0x47, 0x65, 0x74, 0x55, 0x6e, 0x72, 0x65,
	0x73, 0x6f, 0x6c, 0x76, 0x65, 0x64, 0x54, 0x72, 0x61, 0x6e, 0x73, 0x61, 0x63, 0x74, 0x69, 0x6f,
	0x6e, 0x73, 0x52, 0x65, 0x71, 0x75, 0x65, 0x73, 0x74, 0x1a, 0x37, 0x2e, 0x76, 0x69, 0x74, 0x65,
	0x73, 0x73, 0x2e, 0x76, 0x74, 0x63, 0x74, 0x6c, 0x64, 0x61, 0x74, 0x61, 0x2e, 0x76, 0x32, 0x33,
	0x2e, 0x47, 0x65, 0x74, 0x55, 0x6e, 0x72, 0x65, 0x73, 0x6f, 0x6c, 0x76, 0x65, 0x64, 0x54, 0x72,
	0x61, 0x6e, 0x73, 0x61, 0x63, 0x74, 0x69, 0x6f, 0x6e, 0x73, 0x52, 0x65, 0x73, 0x70, 0x6f, 0x6e,
	0x73, 0x65, 0x22, 0x00, 0x12, 0x61, 0x0a, 0x0a, 0x47, 0x65, 0x74, 0x56, 0x65, 0x72, 0x73, 0x69,
	0x6f, 0x6e, 0x12, 0x27, 0x2e, 0x76, 0x69, 0x74, 0x65, 0x73, 0x73, 0x2e, 0x76, 0x74, 0x63, 0x74,
	0x6c, 0x64, 0x61, 0x74, 0x61, 0x2e, 0x76, 0x32, 0x33, 0x2e, 0x47, 0x65, 0x74, 0x56, 0x65, 0x72,
	0x73, 0x69, 0x6f, 0x6e, 0x52, 0x65, 0x71, 0x75, 0x65, 0x73, 0x74, 0x1a, 0x28, 0x2e, 0x76, 0x69,
	0x74, 0x65, 0x73, 0x73, 0x2e, 0x76, 0x74, 0x63, 0x74, 0x6c, 0x64, 0x61, 0x74, 0x61, 0x2e, 0x76,
	0x32, 0x33, 0x2e, 0x47, 0x65, 0x74, 0x56, 0x65, 0x72, 0x73, 0x69, 0x6f, 0x6e, 0x52, 0x65, 0x73,
	0x70, 0x6f, 0x6e, 0x73, 0x65, 0x22, 0x00, 0x12, 0x61, 0x0a, 0x0a, 0x47, 0x65, 0x74, 0x56, 0x53,
	0x63, 0x68, 0x65, 0x6d, 0x61, 0x12, 0x27, 0x2e, 0x76, 0x69, 0x74, 0x65, 0x73, 0x73, 0x2e, 0x76,
	0x74, 0x63, 0x74, 0x6c, 0x64, 0x61, 0x74, 0x61, 0x2e, 0x76, 0x32, 0x33, 0x2e, 0x47, 0x65, 0x74,
	0x56, 0x53, 0x63, 0x68, 0x65, 0x6d, 0x61, 0x52, 0x65, 0x71, 0x75, 0x65, 0x73, 0x74, 0x1a, 0x28,
	0x2e, 0x76, 0x69, 0x74, 0x65, 0x73, 0x73, 0x2e, 0x76, 0x74, 0x63, 0x74, 0x6c, 0x64, 0x61, 0x74,
	0x61, 0x2e, 0x76, 0x32, 0x33, 0x2e, 0x47, 0x65, 0x74, 0x56, 0x53, 0x63, 0x68, 0x65, 0x6d, 0x61,
	0x52, 0x65, 0x73, 0x70, 0x6f, 0x6e, 0x73, 0x65, 0x22, 0x00, 0x12, 0x67, 0x0a, 0x0c, 0x47, 0x65,
	0x74, 0x57, 0x6f, 0x72, 0x6b, 0x66, 0x6c, 0x6f, 0x77, 0x73, 0x12, 0x29, 0x2e, 0x76, 0x69, 0x74,
	0x65, 0x73, 0x73, 0x2e, 0x76, 0x74, 0x63, 0x74, 0x6c, 0x64, 0x61, 0x74, 0x61, 0x2e, 0x76, 0x32,
	0x33, 0x2e, 0x47, 0x65, 0x74, 0x57, 0x6f, 0x72, 0x6b, 0x66, 0x6c, 0x6f, 0x77, 0x73, 0x52, 0x65,
	0x71, 0x75, 0x65, 0x73, 0x74, 0x1a, 0x2a, 0x2e, 0x76, 0x69, 0x74, 0x65, 0x73, 0x73, 0x2e, 0x76,
	0x74, 0x63, 0x74, 0x6c, 0x64, 0x61, 0x74, 0x61, 0x2e, 0x76, 0x32, 0x33, 0x2e, 0x47, 0x65, 0x74,
	0x57, 0x6f, 0x72, 0x6b, 0x66, 0x6c, 0x6f, 0x77, 0x73, 0x52, 0x65, 0x73, 0x70, 0x6f, 0x6e, 0x73,
	0x65, 0x22, 0x00, 0x12, 0x73, 0x0a, 0x10, 0x49, 0x6e, 0x69, 0x74, 0x53, 0x68, 0x61, 0x72, 0x64,
	0x50, 0x72, 0x69, 0x6d, 0x61, 0x72, 0x79, 0x12, 0x2d, 0x2e, 0x76, 0x69, 0x74, 0x65, 0x73, 0x73,
	0x2e, 0x76, 0x74, 0x63, 0x74, 0x6c, 0x64, 0x61, 0x74, 0x61, 0x2e, 0x76, 0x32, 0x33, 0x2e, 0x49,
	0x6e, 0x69, 0x74, 0x53, 0x68, 0x61, 0x72, 0x64, 0x50, 0x72, 0x69, 0x6d, 0x61, 0x72, 0x79, 0x52,
	0x65, 0x71, 0x75, 0x65, 0x73, 0x74, 0x1a, 0x2e, 0x2e, 0x76, 0x69, 0x74, 0x65, 0x73, 0x73, 0x2e,
	0x76, 0x74, 0x63, 0x74, 0x6c, 0x64, 0x61, 0x74, 0x61, 0x2e, 0x76, 0x32, 0x33, 0x2e, 0x49, 0x6e,
	0x69, 0x74, 0x53, 0x68, 0x61, 0x72, 0x64, 0x50, 0x72, 0x69, 0x6d, 0x61, 0x72, 0x79, 0x52, 0x65,
	0x73, 0x70, 0x6f, 0x6e, 0x73, 0x65, 0x22, 0x00, 0x12, 0x82, 0x01, 0x0a, 0x15, 0x4c, 0x61, 0x75,
	0x6e, 0x63, 0x68, 0x53, 0x63, 0x68, 0x65, 0x6d, 0x61, 0x4d, 0x69, 0x67, 0x72, 0x61, 0x74, 0x69,
	0x6f, 0x6e, 0x12, 0x32, 0x2e, 0x76, 0x69, 0x74, 0x65, 0x73, 0x73, 0x2e, 0x76, 0x74, 0x63, 0x74,
	0x6c, 0x64, 0x61, 0x74, 0x61, 0x2e, 0x76, 0x32, 0x33, 0x2e, 0x4c, 0x61, 0x75, 0x6e, 0x63, 0x68,
	0x53, 0x63, 0x68, 0x65, 0x6d, 0x61, 0x4d, 0x69, 0x67, 0x72, 0x61, 0x74, 0x69, 0x6f, 0x6e, 0x52,
	0x65, 0x71, 0x75, 0x65, 0x73, 0x74, 0x1a, 0x33, 0x2e, 0x76, 0x69, 0x74, 0x65, 0x73, 0x73, 0x2e,
	0x76, 0x74, 0x63, 0x74, 0x6c, 0x64, 0x61, 0x74, 0x61, 0x2e, 0x76, 0x32, 0x33, 0x2e, 0x4c, 0x61,
	0x75, 0x6e, 0x63, 0x68, 0x53, 0x63, 0x68, 0x65, 0x6d, 0x61, 0x4d, 0x69, 0x67, 0x72, 0x61, 0x74,
	0x69, 0x6f, 0x6e, 0x52, 0x65, 0x73, 0x70, 0x6f, 0x6e, 0x73, 0x65, 0x22, 0x00, 0x12, 0x7f, 0x0a,
	0x14, 0x4c, 0x6f, 0x6f, 0x6b, 0x75, 0x70, 0x56, 0x69, 0x6e, 0x64, 0x65, 0x78, 0x43, 0x6f, 0x6d,
	0x70, 0x6c, 0x65, 0x74, 0x65, 0x12, 0x31, 0x2e, 0x76, 0x69, 0x74, 0x65, 0x73, 0x73, 0x2e, 0x76,
	0x74, 0x63, 0x74, 0x6c, 0x64, 0x61, 0x74, 0x61, 0x2e, 0x76, 0x32, 0x33, 0x2e, 0x4c, 0x6f, 0x6f,
	0x6b, 0x75, 0x70, 0x56, 0x69, 0x6e, 0x64, 0x65, 0x78, 0x43, 0x6f, 0x6d, 0x70, 0x6c, 0x65, 0x74,
	0x65, 0x52, 0x65, 0x71, 0x75, 0x65, 0x73, 0x74, 0x1a, 0x32, 0x2e, 0x76, 0x69, 0x74, 0x65, 0x73,
	0x73, 0x2e, 0x76, 0x74, 0x63, 0x74, 0x6c, 0x64, 0x61, 0x74, 0x61, 0x2e, 0x76, 0x32, 0x33, 0x2e,
	0x4c, 0x6f, 0x6f, 0x6b, 0x75, 0x70, 0x56, 0x69, 0x6e, 0x64, 0x65, 0x78, 0x43, 0x6f, 0x6d, 0x70,
	0x6c, 0x65, 0x74, 0x65, 0x52, 0x65, 0x73, 0x70, 0x6f, 0x6e, 0x73, 0x65, 0x22, 0x00, 0x12, 0x79,
	0x0a, 0x12, 0x4c, 0x6f, 0x6f, 0x6b, 0x75, 0x70, 0x56, 0x69, 0x6e, 0x64, 0x65, 0x78, 0x43, 0x72,
	0x65, 0x61, 0x74, 0x65, 0x12, 0x2f, 0x2e, 0x76, 0x69, 0x74, 0x65, 0x73, 0x73, 0x2e, 0x76, 0x74,
	0x63, 0x74, 0x6c, 0x64, 0x61, 0x74, 0x61, 0x2e, 0x76, 0x32, 0x33, 0x2e, 0x4c, 0x6f, 0x6f, 0x6b,
	0x75, 0x70, 0x56, 0x69, 0x6e, 0x64, 0x65, 0x78, 0x43, 0x72, 0x65, 0x61, 0x74, 0x65, 0x52, 0x65,
	0x71, 0x75, 0x65, 0x73, 0x74, 0x1a, 0x30, 0x2e, 0x76, 0x69, 0x74, 0x65, 0x73, 0x73, 0x2e, 0x76,
	0x74, 0x63, 0x74, 0x6c, 0x64, 0x61, 0x74, 0x61, 0x2e, 0x76, 0x32, 0x33, 0x2e, 0x4c, 0x6f, 0x6f,
	0x6b, 0x75, 0x70, 0x56, 0x69, 0x6e, 0x64, 0x65, 0x78, 0x43, 0x72, 0x65, 0x61, 0x74, 0x65, 0x52,
	0x65, 0x73, 0x70, 0x6f, 0x6e, 0x73, 0x65, 0x22, 0x00, 0x12, 0x88, 0x01, 0x0a, 0x17, 0x4c, 0x6f,
	0x6f, 0x6b, 0x75, 0x70, 0x56, 0x69, 0x6e, 0x64, 0x65, 0x78, 0x45, 0x78, 0x74, 0x65, 0x72, 0x6e,
	0x61, 0x6c, 0x69, 0x7a, 0x65, 0x12, 0x34, 0x2e, 0x76, 0x69, 0x74, 0x65, 0x73, 0x73, 0x2e, 0x76,
	0x74, 0x63, 0x74, 0x6c, 0x64, 0x61, 0x74, 0x61, 0x2e, 0x76, 0x32, 0x33, 0x2e, 0x4c, 0x6f, 0x6f,
	0x6b, 0x75, 0x70, 0x56, 0x69, 0x6e, 0x64, 0x65, 0x78, 0x45, 0x78, 0x74, 0x65, 0x72, 0x6e, 0x61,
	0x6c, 0x69, 0x7a, 0x65, 0x52, 0x65, 0x71, 0x75, 0x65, 0x73, 0x74, 0x1a, 0x35, 0x2e, 0x76, 0x69,
	0x74, 0x65, 0x73, 0x73, 0x2e, 0x76, 0x74, 0x63, 0x74, 0x6c, 0x64, 0x61, 0x74, 0x61, 0x2e, 0x76,
	0x32, 0x33, 0x2e, 0x4c, 0x6f, 0x6f, 0x6b, 0x75, 0x70, 0x56, 0x69, 0x6e, 0x64, 0x65, 0x78, 0x45,
	0x78, 0x74, 0x65, 0x72, 0x6e, 0x61, 0x6c, 0x69, 0x7a, 0x65, 0x52, 0x65, 0x73, 0x70, 0x6f, 0x6e,
	0x73, 0x65, 0x22, 0x00, 0x12, 0x88, 0x01, 0x0a, 0x17, 0x4c, 0x6f, 0x6f, 0x6b, 0x75, 0x70, 0x56,
	0x69, 0x6e, 0x64, 0x65, 0x78, 0x49, 0x6e, 0x74, 0x65, 0x72, 0x6e, 0x61, 0x6c, 0x69, 0x7a, 0x65,
	0x12, 0x34, 0x2e, 0x76, 0x69, 0x74, 0x65, 0x73, 0x73, 0x2e, 0x76, 0x74, 0x63, 0x74, 0x6c, 0x64,
	0x61, 0x74, 0x61, 0x2e, 0x76, 0x32, 0x33, 0x2e, 0x4c, 0x6f, 0x6f, 0x6b, 0x75, 0x70, 0x56, 0x69,
	0x6e, 0x64, 0x65, 0x78, 0x49, 0x6e, 0x74, 0x65, 0x72, 0x6e, 0x61, 0x6c, 0x69, 0x7a, 0x65, 0x52,
	0x65, 0x71, 0x75, 0x65, 0x73, 0x74, 0x1a, 0x35, 0x2e, 0x76, 0x69, 0x74, 0x65, 0x73, 0x73, 0x2e,
	0x76, 0x74, 0x63, 0x74, 0x6c, 0x64, 0x61, 0x74, 0x61, 0x2e, 0x76, 0x32, 0x33, 0x2e, 0x4c, 0x6f,
	0x6f, 0x6b, 0x75, 0x70, 0x56, 0x69, 0x6e, 0x64, 0x65, 0x78, 0x49, 0x6e, 0x74, 0x65, 0x72, 0x6e,
	0x61, 0x6c, 0x69, 0x7a, 0x65, 0x52, 0x65, 0x73, 0x70, 0x6f, 0x6e, 0x73, 0x65, 0x22, 0x00, 0x12,
	0x76, 0x0a, 0x11, 0x4d, 0x61, 0x74, 0x65, 0x72, 0x69, 0x61, 0x6c, 0x69, 0x7a, 0x65, 0x43, 0x72,
	0x65, 0x61, 0x74, 0x65, 0x12, 0x2e, 0x2e, 0x76, 0x69, 0x74, 0x65, 0x73, 0x73, 0x2e, 0x76, 0x74,
	0x63, 0x74, 0x6c, 0x64, 0x61, 0x74, 0x61, 0x2e, 0x76, 0x32, 0x33, 0x2e, 0x4d, 0x61, 0x74, 0x65,
	0x72, 0x69, 0x61, 0x6c, 0x69, 0x7a, 0x65, 0x43, 0x72, 0x65, 0x61, 0x74, 0x65, 0x52, 0x65, 0x71,
	0x75, 0x65, 0x73, 0x74, 0x1a, 0x2f, 0x2e, 0x76, 0x69, 0x74, 0x65, 0x73, 0x73, 0x2e, 0x76, 0x74,
	0x63, 0x74, 0x6c, 0x64, 0x61, 0x74, 0x61, 0x2e, 0x76, 0x32, 0x33, 0x2e, 0x4d, 0x61, 0x74, 0x65,
	0x72, 0x69, 0x61, 0x6c, 0x69, 0x7a, 0x65, 0x43, 0x72, 0x65, 0x61, 0x74, 0x65, 0x52, 0x65, 0x73,
	0x70, 0x6f, 0x6e, 0x73, 0x65, 0x22, 0x00, 0x12, 0x76, 0x0a, 0x11, 0x57, 0x6f, 0x72, 0x6b, 0x66,
	0x6c, 0x6f, 0x77, 0x41, 0x64, 0x64, 0x54, 0x61, 0x62, 0x6c, 0x65, 0x73, 0x12, 0x2e, 0x2e, 0x76,
	0x69, 0x74, 0x65, 0x73, 0x73, 0x2e, 0x76, 0x74, 0x63, 0x74, 0x6c, 0x64, 0x61, 0x74, 0x61, 0x2e,
	0x76, 0x32, 0x33, 0x2e, 0x57, 0x6f, 0x72, 0x6b, 0x66, 0x6c, 0x6f, 0x77, 0x41, 0x64, 0x64, 0x54,
	0x61, 0x62, 0x6c, 0x65, 0x73, 0x52, 0x65, 0x71, 0x75, 0x65, 0x73, 0x74, 0x1a, 0x2f, 0x2e, 0x76,
	0x69, 0x74, 0x65, 0x73, 0x73, 0x2e, 0x76, 0x74, 0x63, 0x74, 0x6c, 0x64, 0x61, 0x74, 0x61, 0x2e,
	0x76, 0x32, 0x33, 0x2e, 0x57, 0x6f, 0x72, 0x6b, 0x66, 0x6c, 0x6f, 0x77, 0x41, 0x64, 0x64, 0x54,
	0x61, 0x62, 0x6c, 0x65, 0x73, 0x52, 0x65, 0x73, 0x70, 0x6f, 0x6e, 0x73, 0x65, 0x22, 0x00, 0x12,
	0x6b, 0x0a, 0x0d, 0x4d, 0x69, 0x67, 0x72, 0x61, 0x74, 0x65, 0x43, 0x72, 0x65, 0x61, 0x74, 0x65,
	0x12, 0x2a, 0x2e, 0x76, 0x69, 0x74, 0x65, 0x73, 0x73, 0x2e, 0x76, 0x74, 0x63, 0x74, 0x6c, 0x64,
	0x61, 0x74, 0x61, 0x2e, 0x76, 0x32, 0x33, 0x2e, 0x4d, 0x69, 0x67, 0x72, 0x61, 0x74, 0x65, 0x43,
	0x72, 0x65, 0x61, 0x74, 0x65, 0x52, 0x65, 0x71, 0x75, 0x65, 0x73, 0x74, 0x1a, 0x2c, 0x2e, 0x76,
	0x69, 0x74, 0x65, 0x73, 0x73, 0x2e, 0x76, 0x74, 0x63, 0x74, 0x6c, 0x64, 0x61, 0x74, 0x61, 0x2e,
	0x76, 0x32, 0x33, 0x2e, 0x57, 0x6f, 0x72, 0x6b, 0x66, 0x6c, 0x6f, 0x77, 0x53, 0x74, 0x61, 0x74,
	0x75, 0x73, 0x52, 0x65, 0x73, 0x70, 0x6f, 0x6e, 0x73, 0x65, 0x22, 0x00, 0x12, 0x6a, 0x0a, 0x0d,
	0x4d, 0x6f, 0x75, 0x6e, 0x74, 0x52, 0x65, 0x67, 0x69, 0x73, 0x74, 0x65, 0x72, 0x12, 0x2a, 0x2e,
	0x76, 0x69, 0x74, 0x65, 0x73, 0x73, 0x2e, 0x76, 0x74, 0x63, 0x74, 0x6c, 0x64, 0x61, 0x74, 0x61,
	0x2e, 0x76, 0x32, 0x33, 0x2e, 0x4d, 0x6f, 0x75, 0x6e, 0x74, 0x52, 0x65, 0x67, 0x69, 0x73, 0x74,
	0x65, 0x72, 0x52, 0x65, 0x71, 0x75, 0x65, 0x73, 0x74, 0x1a, 0x2b, 0x2e, 0x76, 0x69, 0x74, 0x65,
	0x73, 0x73, 0x2e, 0x76, 0x74, 0x63, 0x74, 0x6c, 0x64, 0x61, 0x74, 0x61, 0x2e, 0x76, 0x32, 0x33,
	0x2e, 0x4d, 0x6f, 0x75, 0x6e, 0x74, 0x52, 0x65, 0x67, 0x69, 0x73, 0x74, 0x65, 0x72, 0x52, 0x65,
	0x73, 0x70, 0x6f, 0x6e, 0x73, 0x65, 0x22, 0x00, 0x12, 0x70, 0x0a, 0x0f, 0x4d, 0x6f, 0x75, 0x6e,
	0x74, 0x55, 0x6e, 0x72, 0x65, 0x67, 0x69, 0x73, 0x74, 0x65, 0x72, 0x12, 0x2c, 0x2e, 0x76, 0x69,
	0x74, 0x65, 0x73, 0x73, 0x2e, 0x76, 0x74, 0x63, 0x74, 0x6c, 0x64, 0x61, 0x74, 0x61, 0x2e, 0x76,
	0x32, 0x33, 0x2e, 0x4d, 0x6f, 0x75, 0x6e, 0x74, 0x55, 0x6e, 0x72, 0x65, 0x67, 0x69, 0x73, 0x74,
	0x65, 0x72, 0x52, 0x65, 0x71, 0x75, 0x65, 0x73, 0x74, 0x1a, 0x2d, 0x2e, 0x76, 0x69, 0x74, 0x65,
	0x73, 0x73, 0x2e, 0x76, 0x74, 0x63, 0x74, 0x6c, 0x64, 0x61, 0x74, 0x61, 0x2e, 0x76, 0x32, 0x33,
	0x2e, 0x4d, 0x6f, 0x75, 0x6e, 0x74, 0x55, 0x6e, 0x72, 0x65, 0x67, 0x69, 0x73, 0x74, 0x65, 0x72,
	0x52, 0x65, 0x73, 0x70, 0x6f, 0x6e, 0x73, 0x65, 0x22, 0x00, 0x12, 0x5e, 0x0a, 0x09, 0x4d, 0x6f,
	0x75, 0x6e, 0x74, 0x53, 0x68, 0x6f, 0x77, 0x12, 0x26, 0x2e, 0x76, 0x69, 0x74, 0x65, 0x73, 0x73,
	0x2e, 0x76, 0x74, 0x63, 0x74, 0x6c, 0x64, 0x61, 0x74, 0x61, 0x2e, 0x76, 0x32, 0x33, 0x2e, 0x4d,
	0x6f, 0x75, 0x6e, 0x74, 0x53, 0x68, 0x6f, 0x77, 0x52, 0x65, 0x71, 0x75, 0x65, 0x73, 0x74, 0x1a,
	0x27, 0x2e, 0x76, 0x69, 0x74, 0x65, 0x73, 0x73, 0x2e, 0x76, 0x74, 0x63, 0x74, 0x6c, 0x64, 0x61,
	0x74, 0x61, 0x2e, 0x76, 0x32, 0x33, 0x2e, 0x4d, 0x6f, 0x75, 0x6e, 0x74, 0x53, 0x68, 0x6f, 0x77,
	0x52, 0x65, 0x73, 0x70, 0x6f, 0x6e, 0x73, 0x65, 0x22, 0x00, 0x12, 0x5e, 0x0a, 0x09, 0x4d, 0x6f,
	0x75, 0x6e, 0x74, 0x4c, 0x69, 0x73, 0x74, 0x12, 0x26, 0x2e, 0x76, 0x69, 0x74, 0x65, 0x73, 0x73,
	0x2e, 0x76, 0x74, 0x63, 0x74, 0x6c, 0x64, 0x61, 0x74, 0x61, 0x2e, 0x76, 0x32, 0x33, 0x2e, 0x4d,
	0x6f, 0x75, 0x6e, 0x74, 0x4c, 0x69, 0x73, 0x74, 0x52, 0x65, 0x71, 0x75, 0x65, 0x73, 0x74, 0x1a,
	0x27, 0x2e, 0x76, 0x69, 0x74, 0x65, 0x73, 0x73, 0x2e, 0x76, 0x74, 0x63, 0x74, 0x6c, 0x64, 0x61,
	0x74, 0x61, 0x2e, 0x76, 0x32, 0x33, 0x2e, 0x4d, 0x6f, 0x75, 0x6e, 0x74, 0x4c, 0x69, 0x73, 0x74,
	0x52, 0x65, 0x73, 0x70, 0x6f, 0x6e, 0x73, 0x65, 0x22, 0x00, 0x12, 0x71, 0x0a, 0x10, 0x4d, 0x6f,
	0x76, 0x65, 0x54, 0x61, 0x62, 0x6c, 0x65, 0x73, 0x43, 0x72, 0x65, 0x61, 0x74, 0x65, 0x12, 0x2d,
	0x2e, 0x76, 0x69, 0x74, 0x65, 0x73, 0x73, 0x2e, 0x76, 0x74, 0x63, 0x74, 0x6c, 0x64, 0x61, 0x74,
	0x61, 0x2e, 0x76, 0x32, 0x33, 0x2e, 0x4d, 0x6f, 0x76, 0x65, 0x54, 0x61, 0x62, 0x6c, 0x65, 0x73,
	0x43, 0x72, 0x65, 0x61, 0x74, 0x65, 0x52, 0x65, 0x71, 0x75, 0x65, 0x73, 0x74, 0x1a, 0x2c, 0x2e,
	0x76, 0x69, 0x74, 0x65, 0x73, 0x73, 0x2e, 0x76, 0x74, 0x63, 0x74, 0x6c, 0x64, 0x61, 0x74, 0x61,
	0x2e, 0x76, 0x32, 0x33, 0x2e, 0x57, 0x6f, 0x72, 0x6b, 0x66, 0x6c, 0x6f, 0x77, 0x53, 0x74, 0x61,
	0x74, 0x75, 0x73, 0x52, 0x65, 0x73, 0x70, 0x6f, 0x6e, 0x73, 0x65, 0x22, 0x00, 0x12, 0x79, 0x0a,
	0x12, 0x4d, 0x6f, 0x76, 0x65, 0x54, 0x61, 0x62, 0x6c, 0x65, 0x73, 0x43, 0x6f, 0x6d, 0x70, 0x6c,
	0x65, 0x74, 0x65, 0x12, 0x2f, 0x2e, 0x76, 0x69, 0x74, 0x65, 0x73, 0x73, 0x2e, 0x76, 0x74, 0x63,
	0x74, 0x6c, 0x64, 0x61, 0x74, 0x61, 0x2e, 0x76, 0x32, 0x33, 0x2e, 0x4d, 0x6f, 0x76, 0x65, 0x54,
	0x61, 0x62, 0x6c, 0x65, 0x73, 0x43, 0x6f, 0x6d, 0x70, 0x6c, 0x65, 0x74, 0x65, 0x52, 0x65, 0x71,
	0x75, 0x65, 0x73, 0x74, 0x1a, 0x30, 0x2e, 0x76, 0x69, 0x74, 0x65, 0x73, 0x73, 0x2e, 0x76, 0x74,
	0x63, 0x74, 0x6c, 0x64, 0x61, 0x74, 0x61, 0x2e, 0x76, 0x32, 0x33, 0x2e, 0x4d, 0x6f, 0x76, 0x65,
	0x54, 0x61, 0x62, 0x6c, 0x65, 0x73, 0x43, 0x6f, 0x6d, 0x70, 0x6c, 0x65, 0x74, 0x65, 0x52, 0x65,
	0x73, 0x70, 0x6f, 0x6e, 0x73, 0x65, 0x22, 0x00, 0x12, 0x61, 0x0a, 0x0a, 0x50, 0x69, 0x6e, 0x67,
	0x54, 0x61, 0x62, 0x6c, 0x65, 0x74, 0x12, 0x27, 0x2e, 0x76, 0x69, 0x74, 0x65, 0x73, 0x73, 0x2e,
	0x76, 0x74, 0x63, 0x74, 0x6c, 0x64, 0x61, 0x74, 0x61, 0x2e, 0x76, 0x32, 0x33, 0x2e, 0x50, 0x69,
	0x6e, 0x67, 0x54, 0x61, 0x62, 0x6c, 0x65, 0x74, 0x52, 0x65, 0x71, 0x75, 0x65, 0x73, 0x74, 0x1a,
	0x28, 0x2e, 0x76, 0x69, 0x74, 0x65, 0x73, 0x73, 0x2e, 0x76, 0x74, 0x63, 0x74, 0x6c, 0x64, 0x61,
	0x74, 0x61, 0x2e, 0x76, 0x32, 0x33, 0x2e, 0x50, 0x69, 0x6e, 0x67, 0x54, 0x61, 0x62, 0x6c, 0x65,
	0x74, 0x52, 0x65, 0x73, 0x70, 0x6f, 0x6e, 0x73, 0x65, 0x22, 0x00, 0x12, 0x7f, 0x0a, 0x14, 0x50,
	0x6c, 0x61, 0x6e, 0x6e, 0x65, 0x64, 0x52, 0x65, 0x70, 0x61, 0x72, 0x65, 0x6e, 0x74, 0x53, 0x68,
	0x61, 0x72, 0x64, 0x12, 0x31, 0x2e, 0x76, 0x69, 0x74, 0x65, 0x73, 0x73, 0x2e, 0x76, 0x74, 0x63,
	0x74, 0x6c, 0x64, 0x61, 0x74, 0x61, 0x2e, 0x76, 0x32, 0x33, 0x2e, 0x50, 0x6c, 0x61, 0x6e, 0x6e,
	0x65, 0x64, 0x52, 0x65, 0x70, 0x61, 0x72, 0x65, 0x6e, 0x74, 0x53, 0x68, 0x61, 0x72, 0x64, 0x52,
	0x65, 0x71, 0x75, 0x65, 0x73, 0x74, 0x1a, 0x32, 0x2e, 0x76, 0x69, 0x74, 0x65, 0x73, 0x73, 0x2e,
	0x76, 0x74, 0x63, 0x74, 0x6c, 0x64, 0x61, 0x74, 0x61, 0x2e, 0x76, 0x32, 0x33, 0x2e, 0x50, 0x6c,
	0x61, 0x6e, 0x6e, 0x65, 0x64, 0x52, 0x65, 0x70, 0x61, 0x72, 0x65, 0x6e, 0x74, 0x53, 0x68, 0x61,
	0x72, 0x64, 0x52, 0x65, 0x73, 0x70, 0x6f, 0x6e, 0x73, 0x65, 0x22, 0x00, 0x12, 0x7f, 0x0a, 0x14,
	0x52, 0x65, 0x62, 0x75, 0x69, 0x6c, 0x64, 0x4b, 0x65, 0x79, 0x73, 0x70, 0x61, 0x63, 0x65, 0x47,
	0x72, 0x61, 0x70, 0x68, 0x12, 0x31, 0x2e, 0x76, 0x69, 0x74, 0x65, 0x73, 0x73, 0x2e, 0x76, 0x74,
	0x63, 0x74, 0x6c, 0x64, 0x61, 0x74, 0x61, 0x2e, 0x76, 0x32, 0x33, 0x2e, 0x52, 0x65, 0x62, 0x75,
	0x69, 0x6c, 0x64, 0x4b, 0x65, 0x79, 0x73, 0x70, 0x61, 0x63, 0x65, 0x47, 0x72, 0x61, 0x70, 0x68,
	0x52, 0x65, 0x71, 0x75, 0x65, 0x73, 0x74, 0x1a, 0x32, 0x2e, 0x76, 0x69, 0x74, 0x65, 0x73, 0x73,
	0x2e, 0x76, 0x74, 0x63, 0x74, 0x6c, 0x64, 0x61, 0x74, 0x61, 0x2e, 0x76, 0x32, 0x33, 0x2e, 0x52,
	0x65, 0x62, 0x75, 0x69, 0x6c, 0x64, 0x4b, 0x65, 0x79, 0x73, 0x70, 0x61, 0x63, 0x65, 0x47, 0x72,
	0x61, 0x70, 0x68, 0x52, 0x65, 0x73, 0x70, 0x6f, 0x6e, 0x73, 0x65, 0x22, 0x00, 0x12, 0x7c, 0x0a,
	0x13, 0x52, 0x65, 0x62, 0x75, 0x69, 0x6c, 0x64, 0x56, 0x53, 0x63, 0x68, 0x65, 0x6d, 0x61, 0x47,
	0x72, 0x61, 0x70, 0x68, 0x12, 0x30, 0x2e, 0x76, 0x69, 0x74, 0x65, 0x73, 0x73, 0x2e, 0x76, 0x74,
	0x63, 0x74, 0x6c, 0x64, 0x61, 0x74, 0x61, 0x2e, 0x76, 0x32, 0x33, 0x2e, 0x52, 0x65, 0x62, 0x75,
	0x69, 0x6c, 0x64, 0x56, 0x53, 0x63, 0x68, 0x65, 0x6d, 0x61, 0x47, 0x72, 0x61, 0x70, 0x68, 0x52,
	0x65, 0x71, 0x75, 0x65, 0x73, 0x74, 0x1a, 0x31, 0x2e, 0x76, 0x69, 0x74, 0x65, 0x73, 0x73, 0x2e,
	0x76, 0x74, 0x63, 0x74, 0x6c, 0x64, 0x61, 0x74, 0x61, 0x2e, 0x76, 0x32, 0x33, 0x2e, 0x52, 0x65,
	0x62, 0x75, 0x69, 0x6c, 0x64, 0x56, 0x53, 0x63, 0x68, 0x65, 0x6d, 0x61, 0x47, 0x72, 0x61, 0x70,
	0x68, 0x52, 0x65, 0x73, 0x70, 0x6f, 0x6e, 0x73, 0x65, 0x22, 0x00, 0x12, 0x67, 0x0a, 0x0c, 0x52,
	0x65, 0x66, 0x72, 0x65, 0x73, 0x68, 0x53, 0x74, 0x61, 0x74, 0x65, 0x12, 0x29, 0x2e, 0x76, 0x69,
	0x74, 0x65, 0x73, 0x73, 0x2e, 0x76, 0x74, 0x63, 0x74, 0x6c, 0x64, 0x61, 0x74, 0x61, 0x2e, 0x76,
	0x32, 0x33, 0x2e, 0x52, 0x65, 0x66, 0x72, 0x65, 0x73, 0x68, 0x53, 0x74, 0x61, 0x74, 0x65, 0x52,
	0x65, 0x71, 0x75, 0x65, 0x73, 0x74, 0x1a, 0x2a, 0x2e, 0x76, 0x69, 0x74, 0x65, 0x73, 0x73, 0x2e,
	0x76, 0x74, 0x63, 0x74, 0x6c, 0x64, 0x61, 0x74, 0x61, 0x2e, 0x76, 0x32, 0x33, 0x2e, 0x52, 0x65,
	0x66, 0x72, 0x65, 0x73, 0x68, 0x53, 0x74, 0x61, 0x74, 0x65, 0x52, 0x65, 0x73, 0x70, 0x6f, 0x6e,
	0x73, 0x65, 0x22, 0x00, 0x12, 0x7c, 0x0a, 0x13, 0x52, 0x65, 0x66, 0x72, 0x65, 0x73, 0x68, 0x53,
	0x74, 0x61, 0x74, 0x65, 0x42, 0x79, 0x53, 0x68, 0x61, 0x72, 0x64, 0x12, 0x30, 0x2e, 0x76, 0x69,
	0x74, 0x65, 0x73, 0x73, 0x2e, 0x76, 0x74, 0x63, 0x74, 0x6c, 0x64, 0x61, 0x74, 0x61, 0x2e, 0x76,
	0x32, 0x33, 0x2e, 0x52, 0x65, 0x66, 0x72, 0x65, 0x73, 0x68, 0x53, 0x74, 0x61, 0x74, 0x65, 0x42,
	0x79, 0x53, 0x68, 0x61, 0x72, 0x64, 0x52, 0x65, 0x71, 0x75, 0x65, 0x73, 0x74, 0x1a, 0x31, 0x2e,
	0x76, 0x69, 0x74, 0x65, 0x73, 0x73, 0x2e, 0x76, 0x74, 0x63, 0x74, 0x6c, 0x64, 0x61, 0x74, 0x61,
	0x2e, 0x76, 0x32, 0x33, 0x2e, 0x52, 0x65, 0x66, 0x72, 0x65, 0x73, 0x68, 0x53, 0x74, 0x61, 0x74,
	0x65, 0x42, 0x79, 0x53, 0x68, 0x61, 0x72, 0x64, 0x52, 0x65, 0x73, 0x70, 0x6f, 0x6e, 0x73, 0x65,
	0x22, 0x00, 0x12, 0x67, 0x0a, 0x0c, 0x52, 0x65, 0x6c, 0x6f, 0x61, 0x64, 0x53, 0x63, 0x68, 0x65,
	0x6d, 0x61, 0x12, 0x29, 0x2e, 0x76, 0x69, 0x74, 0x65, 0x73, 0x73, 0x2e, 0x76, 0x74, 0x63, 0x74,
	0x6c, 0x64, 0x61, 0x74, 0x61, 0x2e, 0x76, 0x32, 0x33, 0x2e, 0x52, 0x65, 0x6c, 0x6f, 0x61, 0x64,
	0x53, 0x63, 0x68, 0x65, 0x6d, 0x61, 0x52, 0x65, 0x71, 0x75, 0x65, 0x73, 0x74, 0x1a, 0x2a, 0x2e,
	0x76, 0x69, 0x74, 0x65, 0x73, 0x73, 0x2e, 0x76, 0x74, 0x63, 0x74, 0x6c, 0x64, 0x61, 0x74, 0x61,
	0x2e, 0x76, 0x32, 0x33, 0x2e, 0x52, 0x65, 0x6c, 0x6f, 0x61, 0x64, 0x53, 0x63, 0x68, 0x65, 0x6d,
	0x61, 0x52, 0x65, 0x73, 0x70, 0x6f, 0x6e, 0x73, 0x65, 0x22, 0x00, 0x12, 0x7f, 0x0a, 0x14, 0x52,
	0x65, 0x6c, 0x6f, 0x61, 0x64, 0x53, 0x63, 0x68, 0x65, 0x6d, 0x61, 0x4b, 0x65, 0x79, 0x73, 0x70,
	0x61, 0x63, 0x65, 0x12, 0x31, 0x2e, 0x76, 0x69, 0x74, 0x65, 0x73, 0x73, 0x2e, 0x76, 0x74, 0x63,
	0x74, 0x6c, 0x64, 0x61, 0x74, 0x61, 0x2e, 0x76, 0x32, 0x33, 0x2e, 0x52, 0x65, 0x6c, 0x6f, 0x61,
	0x64, 0x53, 0x63, 0x68, 0x65, 0x6d, 0x61, 0x4b, 0x65, 0x79, 0x73, 0x70, 0x61, 0x63, 0x65, 0x52,
	0x65, 0x71, 0x75, 0x65, 0x73, 0x74, 0x1a, 0x32, 0x2e, 0x76, 0x69, 0x74, 0x65, 0x73, 0x73, 0x2e,
	0x76, 0x74, 0x63, 0x74, 0x6c, 0x64, 0x61, 0x74, 0x61, 0x2e, 0x76, 0x32, 0x33, 0x2e, 0x52, 0x65,
	0x6c, 0x6f, 0x61, 0x64, 0x53, 0x63, 0x68, 0x65, 0x6d, 0x61, 0x4b, 0x65, 0x79, 0x73, 0x70, 0x61,
	0x63, 0x65, 0x52, 0x65, 0x73, 0x70, 0x6f, 0x6e, 0x73, 0x65, 0x22, 0x00, 0x12, 0x76, 0x0a, 0x11,
	0x52, 0x65, 0x6c, 0x6f, 0x61, 0x64, 0x53, 0x63, 0x68, 0x65, 0x6d, 0x61, 0x53, 0x68, 0x61, 0x72,
	0x64, 0x12, 0x2e, 0x2e, 0x76, 0x69, 0x74, 0x65, 0x73, 0x73, 0x2e, 0x76, 0x74, 0x63, 0x74, 0x6c,
	0x64, 0x61, 0x74, 0x61, 0x2e, 0x76, 0x32, 0x33, 0x2e, 0x52, 0x65, 0x6c, 0x6f, 0x61, 0x64, 0x53,
	0x63, 0x68, 0x65, 0x6d, 0x61, 0x53, 0x68, 0x61, 0x72, 0x64, 0x52, 0x65, 0x71, 0x75, 0x65, 0x73,
	0x74, 0x1a, 0x2f, 0x2e, 0x76, 0x69, 0x74, 0x65, 0x73, 0x73, 0x2e, 0x76, 0x74, 0x63, 0x74, 0x6c,
	0x64, 0x61, 0x74, 0x61, 0x2e, 0x76, 0x32, 0x33, 0x2e, 0x52, 0x65, 0x6c, 0x6f, 0x61, 0x64, 0x53,
	0x63, 0x68, 0x65, 0x6d, 0x61, 0x53, 0x68, 0x61, 0x72, 0x64, 0x52, 0x65, 0x73, 0x70, 0x6f, 0x6e,
	0x73, 0x65, 0x22, 0x00, 0x12, 0x67, 0x0a, 0x0c, 0x52, 0x65, 0x6d, 0x6f, 0x76, 0x65, 0x42, 0x61,
	0x63, 0x6b, 0x75, 0x70, 0x12, 0x29, 0x2e, 0x76, 0x69, 0x74, 0x65, 0x73, 0x73, 0x2e, 0x76, 0x74,
	0x63, 0x74, 0x6c, 0x64, 0x61, 0x74, 0x61, 0x2e, 0x76, 0x32, 0x33, 0x2e, 0x52, 0x65, 0x6d, 0x6f,
	0x76, 0x65, 0x42, 0x61, 0x63, 0x6b, 0x75, 0x70, 0x52, 0x65, 0x71, 0x75, 0x65, 0x73, 0x74, 0x1a,
	0x2a, 0x2e, 0x76, 0x69, 0x74, 0x65, 0x73, 0x73, 0x2e, 0x76, 0x74, 0x63, 0x74, 0x6c, 0x64, 0x61,
	0x74, 0x61, 0x2e, 0x76, 0x32, 0x33, 0x2e, 0x52, 0x65, 0x6d, 0x6f, 0x76, 0x65, 0x42, 0x61, 0x63,
	0x6b, 0x75, 0x70, 0x52, 0x65, 0x73, 0x70, 0x6f, 0x6e, 0x73, 0x65, 0x22, 0x00, 0x12, 0x79, 0x0a,
	0x12, 0x52, 0x65, 0x6d, 0x6f, 0x76, 0x65, 0x4b, 0x65, 0x79, 0x73, 0x70, 0x61, 0x63, 0x65, 0x43,
	0x65, 0x6c, 0x6c, 0x12, 0x2f, 0x2e, 0x76, 0x69, 0x74, 0x65, 0x73, 0x73, 0x2e, 0x76, 0x74, 0x63,
	0x74, 0x6c, 0x64, 0x61, 0x74, 0x61, 0x2e, 0x76, 0x32, 0x33, 0x2e, 0x52, 0x65, 0x6d, 0x6f, 0x76,
	0x65, 0x4b, 0x65, 0x79, 0x73, 0x70, 0x61, 0x63, 0x65, 0x43, 0x65, 0x6c, 0x6c, 0x52, 0x65, 0x71,
	0x75, 0x65, 0x73, 0x74, 0x1a, 0x30, 0x2e, 0x76, 0x69, 0x74, 0x65, 0x73, 0x73, 0x2e, 0x76, 0x74,
	0x63, 0x74, 0x6c, 0x64, 0x61, 0x74, 0x61, 0x2e, 0x76, 0x32, 0x33, 0x2e, 0x52, 0x65, 0x6d, 0x6f,
	0x76, 0x65, 0x4b, 0x65, 0x79, 0x73, 0x70, 0x61, 0x63, 0x65, 0x43, 0x65, 0x6c, 0x6c, 0x52, 0x65,
	0x73, 0x70, 0x6f, 0x6e, 0x73, 0x65, 0x22, 0x00, 0x12, 0x70, 0x0a, 0x0f, 0x52, 0x65, 0x6d, 0x6f,
	0x76, 0x65, 0x53, 0x68, 0x61, 0x72, 0x64, 0x43, 0x65, 0x6c, 0x6c, 0x12, 0x2c, 0x2e, 0x76, 0x69,
	0x74, 0x65, 0x73, 0x73, 0x2e, 0x76, 0x74, 0x63, 0x74, 0x6c, 0x64, 0x61, 0x74, 0x61, 0x2e, 0x76,
	0x32, 0x33, 0x2e, 0x52, 0x65, 0x6d, 0x6f, 0x76, 0x65, 0x53, 0x68, 0x61, 0x72, 0x64, 0x43, 0x65,
	0x6c, 0x6c, 0x52, 0x65, 0x71, 0x75, 0x65, 0x73, 0x74, 0x1a, 0x2d, 0x2e, 0x76, 0x69, 0x74, 0x65,
	0x73, 0x73, 0x2e, 0x76, 0x74, 0x63, 0x74, 0x6c, 0x64, 0x61, 0x74, 0x61, 0x2e, 0x76, 0x32, 0x33,
	0x2e, 0x52, 0x65, 0x6d, 0x6f, 0x76, 0x65, 0x53, 0x68, 0x61, 0x72, 0x64, 0x43, 0x65, 0x6c, 0x6c,
	0x52, 0x65, 0x73, 0x70, 0x6f, 0x6e, 0x73, 0x65, 0x22, 0x00, 0x12, 0x6d, 0x0a, 0x0e, 0x52, 0x65,
	0x70, 0x61, 0x72, 0x65, 0x6e, 0x74, 0x54, 0x61, 0x62, 0x6c, 0x65, 0x74, 0x12, 0x2b, 0x2e, 0x76,
	0x69, 0x74, 0x65, 0x73, 0x73, 0x2e, 0x76, 0x74, 0x63, 0x74, 0x6c, 0x64, 0x61, 0x74, 0x61, 0x2e,
	0x76, 0x32, 0x33, 0x2e, 0x52, 0x65, 0x70, 0x61, 0x72, 0x65, 0x6e, 0x74, 0x54, 0x61, 0x62, 0x6c,
	0x65, 0x74, 0x52, 0x65, 0x71, 0x75, 0x65, 0x73, 0x74, 0x1a, 0x2c, 0x2e, 0x76, 0x69, 0x74, 0x65,
	0x73, 0x73, 0x2e, 0x76, 0x74, 0x63, 0x74, 0x6c, 0x64, 0x61, 0x74, 0x61, 0x2e, 0x76, 0x32, 0x33,
	0x2e, 0x52, 0x65, 0x70, 0x61, 0x72, 0x65, 0x6e, 0x74, 0x54, 0x61, 0x62, 0x6c, 0x65, 0x74, 0x52,
	0x65, 0x73, 0x70, 0x6f, 0x6e, 0x73, 0x65, 0x22, 0x00, 0x12, 0x6b, 0x0a, 0x0d, 0x52, 0x65, 0x73,
	0x68, 0x61, 0x72, 0x64, 0x43, 0x72, 0x65, 0x61, 0x74, 0x65, 0x12, 0x2a, 0x2e, 0x76, 0x69, 0x74,
	0x65, 0x73, 0x73, 0x2e, 0x76, 0x74, 0x63, 0x74, 0x6c, 0x64, 0x61, 0x74, 0x61, 0x2e, 0x76, 0x32,
	0x33, 0x2e, 0x52, 0x65, 0x73, 0x68, 0x61, 0x72, 0x64, 0x43, 0x72, 0x65, 0x61, 0x74, 0x65, 0x52,
	0x65, 0x71, 0x75, 0x65, 0x73, 0x74, 0x1a, 0x2c, 0x2e, 0x76, 0x69, 0x74, 0x65, 0x73, 0x73, 0x2e,
	0x76, 0x74, 0x63, 0x74, 0x6c, 0x64, 0x61, 0x74, 0x61, 0x2e, 0x76, 0x32, 0x33, 0x2e, 0x57, 0x6f,
	0x72, 0x6b, 0x66, 0x6c, 0x6f, 0x77, 0x53, 0x74, 0x61, 0x74, 0x75, 0x73, 0x52, 0x65, 0x73, 0x70,
	0x6f, 0x6e, 0x73, 0x65, 0x22, 0x00, 0x12, 0x78, 0x0a, 0x11, 0x52, 0x65, 0x73, 0x74, 0x6f, 0x72,
	0x65, 0x46, 0x72, 0x6f, 0x6d, 0x42, 0x61, 0x63, 0x6b, 0x75, 0x70, 0x12, 0x2e, 0x2e, 0x76, 0x69,
	0x74, 0x65, 0x73, 0x73, 0x2e, 0x76, 0x74, 0x63, 0x74, 0x6c, 0x64, 0x61, 0x74, 0x61, 0x2e, 0x76,
	0x32, 0x33, 0x2e, 0x52, 0x65, 0x73, 0x74, 0x6f, 0x72, 0x65, 0x46, 0x72, 0x6f, 0x6d, 0x42, 0x61,
	0x63, 0x6b, 0x75, 0x70, 0x52, 0x65, 0x71, 0x75, 0x65, 0x73, 0x74, 0x1a, 0x2f, 0x2e, 0x76, 0x69,
	0x74, 0x65, 0x73, 0x73, 0x2e, 0x76, 0x74, 0x63, 0x74, 0x6c, 0x64, 0x61, 0x74, 0x61, 0x2e, 0x76,
	0x32, 0x33, 0x2e, 0x52, 0x65, 0x73, 0x74, 0x6f, 0x72, 0x65, 0x46, 0x72, 0x6f, 0x6d, 0x42, 0x61,
	0x63, 0x6b, 0x75, 0x70, 0x52, 0x65, 0x73, 0x70, 0x6f, 0x6e, 0x73, 0x65, 0x22, 0x00, 0x30, 0x01,
	0x12, 0x7f, 0x0a, 0x14, 0x52, 0x65, 0x74, 0x72, 0x79, 0x53, 0x63, 0x68, 0x65, 0x6d, 0x61, 0x4d,
	0x69, 0x67, 0x72, 0x61, 0x74, 0x69, 0x6f, 0x6e, 0x12, 0x31, 0x2e, 0x76, 0x69, 0x74, 0x65, 0x73,
	0x73, 0x2e, 0x76, 0x74, 0x63, 0x74, 0x6c, 0x64, 0x61, 0x74, 0x61, 0x2e, 0x76, 0x32, 0x33, 0x2e,
	0x52, 0x65, 0x74, 0x72, 0x79, 0x53, 0x63, 0x68, 0x65, 0x6d, 0x61, 0x4d, 0x69, 0x67, 0x72, 0x61,
	0x74, 0x69, 0x6f, 0x6e, 0x52, 0x65, 0x71, 0x75, 0x65, 0x73, 0x74, 0x1a, 0x32, 0x2e, 0x76, 0x69,
	0x74, 0x65, 0x73, 0x73, 0x2e, 0x76, 0x74, 0x63, 0x74, 0x6c, 0x64, 0x61, 0x74, 0x61, 0x2e, 0x76,
	0x32, 0x33, 0x2e, 0x52, 0x65, 0x74, 0x72, 0x79, 0x53, 0x63, 0x68, 0x65, 0x6d, 0x61, 0x4d, 0x69,
	0x67, 0x72, 0x61, 0x74, 0x69, 0x6f, 0x6e, 0x52, 0x65, 0x73, 0x70, 0x6f, 0x6e, 0x73, 0x65, 0x22,
	0x00, 0x12, 0x6d, 0x0a, 0x0e, 0x52, 0x75, 0x6e, 0x48, 0x65, 0x61, 0x6c, 0x74, 0x68, 0x43, 0x68,
	0x65, 0x63, 0x6b, 0x12, 0x2b, 0x2e, 0x76, 0x69, 0x74, 0x65, 0x73, 0x73, 0x2e, 0x76, 0x74, 0x63,
	0x74, 0x6c, 0x64, 0x61, 0x74, 0x61, 0x2e, 0x76, 0x32, 0x33, 0x2e, 0x52, 0x75, 0x6e, 0x48, 0x65,
	0x61, 0x6c, 0x74, 0x68, 0x43, 0x68, 0x65, 0x63, 0x6b, 0x52, 0x65, 0x71, 0x75, 0x65, 0x73, 0x74,
	0x1a, 0x2c, 0x2e, 0x76, 0x69, 0x74, 0x65, 0x73, 0x73, 0x2e, 0x76, 0x74, 0x63, 0x74, 0x6c, 0x64,
	0x61, 0x74, 0x61, 0x2e, 0x76, 0x32, 0x33, 0x2e, 0x52, 0x75, 0x6e, 0x48, 0x65, 0x61, 0x6c, 0x74,
	0x68, 0x43, 0x68, 0x65, 0x63, 0x6b, 0x52, 0x65, 0x73, 0x70, 0x6f, 0x6e, 0x73, 0x65, 0x22, 0x00,
	0x12, 0x94, 0x01, 0x0a, 0x1b, 0x53, 0x65, 0x74, 0x4b, 0x65, 0x79, 0x73, 0x70, 0x61, 0x63, 0x65,
	0x44, 0x75, 0x72, 0x61, 0x62, 0x69, 0x6c, 0x69, 0x74, 0x79, 0x50, 0x6f, 0x6c, 0x69, 0x63, 0x79,
	0x12, 0x38, 0x2e, 0x76, 0x69, 0x74, 0x65, 0x73, 0x73, 0x2e, 0x76, 0x74, 0x63, 0x74, 0x6c, 0x64,
	0x61, 0x74, 0x61, 0x2e, 0x76, 0x32, 0x33, 0x2e, 0x53, 0x65, 0x74, 0x4b, 0x65, 0x79, 0x73, 0x70,
	0x61, 0x63, 0x65, 0x44, 0x75, 0x72, 0x61, 0x62, 0x69, 0x6c, 0x69, 0x74, 0x79, 0x50, 0x6f, 0x6c,
	0x69, 0x63, 0x79, 0x52, 0x65, 0x71, 0x75, 0x65, 0x73, 0x74, 0x1a, 0x39, 0x2e, 0x76, 0x69, 0x74,
	0x65, 0x73, 0x73, 0x2e, 0x76, 0x74, 0x63, 0x74, 0x6c, 0x64, 0x61, 0x74, 0x61, 0x2e, 0x76, 0x32,
	0x33, 0x2e, 0x53, 0x65, 0x74, 0x4b, 0x65, 0x79, 0x73, 0x70, 0x61, 0x63, 0x65, 0x44, 0x75, 0x72,
	0x61, 0x62, 0x69, 0x6c, 0x69, 0x74, 0x79, 0x50, 0x6f, 0x6c, 0x69, 0x63, 0x79, 0x52, 0x65, 0x73,
	0x70, 0x6f, 0x6e, 0x73, 0x65, 0x22, 0x00, 0x12, 0x8b, 0x01, 0x0a, 0x18, 0x53, 0x65, 0x74, 0x53,
	0x68, 0x61, 0x72, 0x64, 0x49, 0x73, 0x50, 0x72, 0x69, 0x6d, 0x61, 0x72, 0x79, 0x53, 0x65, 0x72,
	0x76, 0x69, 0x6e, 0x67, 0x12, 0x35, 0x2e, 0x76, 0x69, 0x74, 0x65, 0x73, 0x73, 0x2e, 0x76, 0x74,
	0x63, 0x74, 0x6c, 0x64, 0x61, 0x74, 0x61, 0x2e, 0x76, 0x32, 0x33, 0x2e, 0x53, 0x65, 0x74, 0x53,
	0x68, 0x61, 0x72, 0x64, 0x49, 0x73, 0x50, 0x72, 0x69, 0x6d, 0x61, 0x72, 0x79, 0x53, 0x65, 0x72,
	0x76, 0x69, 0x6e, 0x67, 0x52, 0x65, 0x71, 0x75, 0x65, 0x73, 0x74, 0x1a, 0x36, 0x2e, 0x76, 0x69,
	0x74, 0x65, 0x73, 0x73, 0x2e, 0x76, 0x74, 0x63, 0x74, 0x6c, 0x64, 0x61, 0x74, 0x61, 0x2e, 0x76,
	0x32, 0x33, 0x2e, 0x53, 0x65, 0x74, 0x53, 0x68, 0x61, 0x72, 0x64, 0x49, 0x73, 0x50, 0x72, 0x69,
	0x6d, 0x61, 0x72, 0x79, 0x53, 0x65, 0x72, 0x76, 0x69, 0x6e, 0x67, 0x52, 0x65, 0x73, 0x70, 0x6f,
	0x6e, 0x73, 0x65, 0x22, 0x00, 0x12, 0x82, 0x01, 0x0a, 0x15, 0x53, 0x65, 0x74, 0x53, 0x68, 0x61,
	0x72, 0x64, 0x54, 0x61, 0x62, 0x6c, 0x65, 0x74, 0x43, 0x6f, 0x6e, 0x74, 0x72, 0x6f, 0x6c, 0x12,
	0x32, 0x2e, 0x76, 0x69, 0x74, 0x65, 0x73, 0x73, 0x2e, 0x76, 0x74, 0x63, 0x74, 0x6c, 0x64, 0x61,
	0x74, 0x61, 0x2e, 0x76, 0x32, 0x33, 0x2e, 0x53, 0x65, 0x74, 0x53, 0x68, 0x61, 0x72, 0x64, 0x54,
	0x61, 0x62, 0x6c, 0x65, 0x74, 0x43, 0x6f, 0x6e, 0x74, 0x72, 0x6f, 0x6c, 0x52, 0x65, 0x71, 0x75,
	0x65, 0x73, 0x74, 0x1a, 0x33, 0x2e, 0x76, 0x69, 0x74, 0x65, 0x73, 0x73, 0x2e, 0x76, 0x74, 0x63,
	0x74, 0x6c, 0x64, 0x61, 0x74, 0x61, 0x2e, 0x76, 0x32, 0x33, 0x2e, 0x53, 0x65, 0x74, 0x53, 0x68,
	0x61, 0x72, 0x64, 0x54, 0x61, 0x62, 0x6c, 0x65, 0x74, 0x43, 0x6f, 0x6e, 0x74, 0x72, 0x6f, 0x6c,
	0x52, 0x65, 0x73, 0x70, 0x6f, 0x6e, 0x73, 0x65, 0x22, 0x00, 0x12, 0x8e, 0x01, 0x0a, 0x19, 0x53,
	0x65, 0x74, 0x56, 0x74, 0x6f, 0x72, 0x63, 0x45, 0x6d, 0x65, 0x72, 0x67, 0x65, 0x6e, 0x63, 0x79,
	0x52, 0x65, 0x70, 0x61, 0x72, 0x65, 0x6e, 0x74, 0x12, 0x36, 0x2e, 0x76, 0x69, 0x74, 0x65, 0x73,
	0x73, 0x2e, 0x76, 0x74, 0x63, 0x74, 0x6c, 0x64, 0x61, 0x74, 0x61, 0x2e, 0x76, 0x32, 0x33, 0x2e,
	0x53, 0x65, 0x74, 0x56, 0x74, 0x6f, 0x72, 0x63, 0x45, 0x6d, 0x65, 0x72, 0x67, 0x65, 0x6e, 0x63,
	0x79, 0x52, 0x65, 0x70, 0x61, 0x72, 0x65, 0x6e, 0x74, 0x52, 0x65, 0x71, 0x75, 0x65, 0x73, 0x74,
	0x1a, 0x37, 0x2e, 0x76, 0x69, 0x74, 0x65, 0x73, 0x73, 0x2e, 0x76, 0x74, 0x63, 0x74, 0x6c, 0x64,
	0x61, 0x74, 0x61, 0x2e, 0x76, 0x32, 0x33, 0x2e, 0x53, 0x65, 0x74, 0x56, 0x74, 0x6f, 0x72, 0x63,
	0x45, 0x6d, 0x65, 0x72, 0x67, 0x65, 0x6e, 0x63, 0x79, 0x52, 0x65, 0x70, 0x61, 0x72, 0x65, 0x6e,
	0x74, 0x52, 0x65, 0x73, 0x70, 0x6f, 0x6e, 0x73, 0x65, 0x22, 0x00, 0x12, 0x64, 0x0a, 0x0b, 0x53,
	0x65, 0x74, 0x57, 0x72, 0x69, 0x74, 0x61, 0x62, 0x6c, 0x65, 0x12, 0x28, 0x2e, 0x76, 0x69, 0x74,
	0x65, 0x73, 0x73, 0x2e, 0x76, 0x74, 0x63, 0x74, 0x6c, 0x64, 0x61, 0x74, 0x61, 0x2e, 0x76, 0x32,
	0x33, 0x2e, 0x53, 0x65, 0x74, 0x57, 0x72, 0x69, 0x74, 0x61, 0x62, 0x6c, 0x65, 0x52, 0x65, 0x71,
	0x75, 0x65, 0x73, 0x74, 0x1a, 0x29, 0x2e, 0x76, 0x69, 0x74, 0x65, 0x73, 0x73, 0x2e, 0x76, 0x74,
	0x63, 0x74, 0x6c, 0x64, 0x61, 0x74, 0x61, 0x2e, 0x76, 0x32, 0x33, 0x2e, 0x53, 0x65, 0x74, 0x57,
	0x72, 0x69, 0x74, 0x61, 0x62, 0x6c, 0x65, 0x52, 0x65, 0x73, 0x70, 0x6f, 0x6e, 0x73, 0x65, 0x22,
	0x00, 0x12, 0x7c, 0x0a, 0x13, 0x53, 0x68, 0x61, 0x72, 0x64, 0x52, 0x65, 0x70, 0x6c, 0x69, 0x63,
	0x61, 0x74, 0x69, 0x6f, 0x6e, 0x41, 0x64, 0x64, 0x12, 0x30, 0x2e, 0x76, 0x69, 0x74, 0x65, 0x73,
	0x73, 0x2e, 0x76, 0x74, 0x63, 0x74, 0x6c, 0x64, 0x61, 0x74, 0x61, 0x2e, 0x76, 0x32, 0x33, 0x2e,
	0x53, 0x68, 0x61, 0x72, 0x64, 0x52, 0x65, 0x70, 0x6c, 0x69, 0x63, 0x61, 0x74, 0x69, 0x6f, 0x6e,
	0x41, 0x64, 0x64, 0x52, 0x65, 0x71, 0x75, 0x65, 0x73, 0x74, 0x1a, 0x31, 0x2e, 0x76, 0x69, 0x74,
	0x65, 0x73, 0x73, 0x2e, 0x76, 0x74, 0x63, 0x74, 0x6c, 0x64, 0x61, 0x74, 0x61, 0x2e, 0x76, 0x32,
	0x33, 0x2e, 0x53, 0x68, 0x61, 0x72, 0x64, 0x52, 0x65, 0x70, 0x6c, 0x69, 0x63, 0x61, 0x74, 0x69,
	0x6f, 0x6e, 0x41, 0x64, 0x64, 0x52, 0x65, 0x73, 0x70, 0x6f, 0x6e, 0x73, 0x65, 0x22, 0x00, 0x12,
	0x7c, 0x0a, 0x13, 0x53, 0x68, 0x61, 0x72, 0x64, 0x52, 0x65, 0x70, 0x6c, 0x69, 0x63, 0x61, 0x74,
	0x69, 0x6f, 0x6e, 0x46, 0x69, 0x78, 0x12, 0x30, 0x2e, 0x76, 0x69, 0x74, 0x65, 0x73, 0x73, 0x2e,
	0x76, 0x74, 0x63, 0x74, 0x6c, 0x64, 0x61, 0x74, 0x61, 0x2e, 0x76, 0x32, 0x33, 0x2e, 0x53, 0x68,
	0x61, 0x72, 0x64, 0x52, 0x65, 0x70, 0x6c, 0x69, 0x63, 0x61, 0x74, 0x69, 0x6f, 0x6e, 0x46, 0x69,
	0x78, 0x52, 0x65, 0x71, 0x75, 0x65, 0x73, 0x74, 0x1a, 0x31, 0x2e, 0x76, 0x69, 0x74, 0x65, 0x73,
	0x73, 0x2e, 0x76, 0x74, 0x63, 0x74, 0x6c, 0x64, 0x61, 0x74, 0x61, 0x2e, 0x76, 0x32, 0x33, 0x2e,
	0x53, 0x68, 0x61, 0x72, 0x64, 0x52, 0x65, 0x70, 0x6c, 0x69, 0x63, 0x61, 0x74, 0x69, 0x6f, 0x6e,
	0x46, 0x69, 0x78, 0x52, 0x65, 0x73, 0x70, 0x6f, 0x6e, 0x73, 0x65, 0x22, 0x00, 0x12, 0x8e, 0x01,
	0x0a, 0x19, 0x53, 0x68, 0x61, 0x72, 0x64, 0x52, 0x65, 0x70, 0x6c, 0x69, 0x63, 0x61, 0x74, 0x69,
	0x6f, 0x6e, 0x50, 0x6f, 0x73, 0x69, 0x74, 0x69, 0x6f, 0x6e, 0x73, 0x12, 0x36, 0x2e, 0x76, 0x69,
	0x74, 0x65, 0x73, 0x73, 0x2e, 0x76, 0x74, 0x63, 0x74, 0x6c, 0x64, 0x61, 0x74, 0x61, 0x2e, 0x76,
	0x32, 0x33, 0x2e, 0x53, 0x68, 0x61, 0x72, 0x64, 0x52, 0x65, 0x70, 0x6c, 0x69, 0x63, 0x61, 0x74,
	0x69, 0x6f, 0x6e, 0x50, 0x6f, 0x73, 0x69, 0x74, 0x69, 0x6f, 0x6e, 0x73, 0x52, 0x65, 0x71, 0x75,
	0x65, 0x73, 0x74, 0x1a, 0x37, 0x2e, 0x76, 0x69, 0x74, 0x65, 0x73, 0x73, 0x2e, 0x76, 0x74, 0x63,
	0x74, 0x6c, 0x64, 0x61, 0x74, 0x61, 0x2e, 0x76, 0x32, 0x33, 0x2e, 0x53, 0x68, 0x61, 0x72, 0x64,
	0x52, 0x65, 0x70, 0x6c, 0x69, 0x63, 0x61, 0x74, 0x69, 0x6f, 0x6e, 0x50, 0x6f, 0x73, 0x69, 0x74,
	0x69, 0x6f, 0x6e, 0x73, 0x52, 0x65, 0x73, 0x70, 0x6f, 0x6e, 0x73, 0x65, 0x22, 0x00, 0x12, 0x85,
	0x01, 0x0a, 0x16, 0x53, 0x68, 0x61, 0x72, 0x64, 0x52, 0x65, 0x70, 0x6c, 0x69, 0x63, 0x61, 0x74,
	0x69, 0x6f, 0x6e, 0x52, 0x65, 0x6d, 0x6f, 0x76, 0x65, 0x12, 0x33, 0x2e, 0x76, 0x69, 0x74, 0x65,
	0x73, 0x73, 0x2e, 0x76, 0x74, 0x63, 0x74, 0x6c, 0x64, 0x61, 0x74, 0x61, 0x2e, 0x76, 0x32, 0x33,
	0x2e, 0x53, 0x68, 0x61, 0x72, 0x64, 0x52, 0x65, 0x70, 0x6c, 0x69, 0x63, 0x61, 0x74, 0x69, 0x6f,
	0x6e, 0x52, 0x65, 0x6d, 0x6f, 0x76, 0x65, 0x52, 0x65, 0x71, 0x75, 0x65, 0x73, 0x74, 0x1a, 0x34,
	0x2e, 0x76, 0x69, 0x74, 0x65, 0x73, 0x73, 0x2e, 0x76, 0x74, 0x63, 0x74, 0x6c, 0x64, 0x61, 0x74,
	0x61, 0x2e, 0x76, 0x32, 0x33, 0x2e, 0x53, 0x68, 0x61, 0x72, 0x64, 0x52, 0x65, 0x70, 0x6c, 0x69,
	0x63, 0x61, 0x74, 0x69, 0x6f, 0x6e, 0x52, 0x65, 0x6d, 0x6f, 0x76, 0x65, 0x52, 0x65, 0x73, 0x70,
	0x6f, 0x6e, 0x73, 0x65, 0x22, 0x00, 0x12, 0x64, 0x0a, 0x0b, 0x53, 0x6c, 0x65, 0x65, 0x70, 0x54,
	0x61, 0x62, 0x6c, 0x65, 0x74, 0x12, 0x28, 0x2e, 0x76, 0x69, 0x74, 0x65, 0x73, 0x73, 0x2e, 0x76,
	0x74, 0x63, 0x74, 0x6c, 0x64, 0x61, 0x74, 0x61, 0x2e, 0x76, 0x32, 0x33, 0x2e, 0x53, 0x6c, 0x65,
	0x65, 0x70, 0x54, 0x61, 0x62, 0x6c, 0x65, 0x74, 0x52, 0x65, 0x71, 0x75, 0x65, 0x73, 0x74, 0x1a,
	0x29, 0x2e, 0x76, 0x69, 0x74, 0x65, 0x73, 0x73, 0x2e, 0x76, 0x74, 0x63, 0x74, 0x6c, 0x64, 0x61,
	0x74, 0x61, 0x2e, 0x76, 0x32, 0x33, 0x2e, 0x53, 0x6c, 0x65, 0x65, 0x70, 0x54, 0x61, 0x62, 0x6c,
	0x65, 0x74, 0x52, 0x65, 0x73, 0x70, 0x6f, 0x6e, 0x73, 0x65, 0x22, 0x00, 0x12, 0x6d, 0x0a, 0x0e,
	0x53, 0x6f, 0x75, 0x72, 0x63, 0x65, 0x53, 0x68, 0x61, 0x72, 0x64, 0x41, 0x64, 0x64, 0x12, 0x2b,
	0x2e, 0x76, 0x69, 0x74, 0x65, 0x73, 0x73, 0x2e, 0x76, 0x74, 0x63, 0x74, 0x6c, 0x64, 0x61, 0x74,
	0x61, 0x2e, 0x76, 0x32, 0x33, 0x2e, 0x53, 0x6f, 0x75, 0x72, 0x63, 0x65, 0x53, 0x68, 0x61, 0x72,
	0x64, 0x41, 0x64, 0x64, 0x52, 0x65, 0x71, 0x75, 0x65, 0x73, 0x74, 0x1a, 0x2c, 0x2e, 0x76, 0x69,
	0x74, 0x65, 0x73, 0x73, 0x2e, 0x76, 0x74, 0x63, 0x74, 0x6c, 0x64, 0x61, 0x74, 0x61, 0x2e, 0x76,
	0x32, 0x33, 0x2e, 0x53, 0x6f, 0x75, 0x72, 0x63, 0x65, 0x53, 0x68, 0x61, 0x72, 0x64, 0x41, 0x64,
	0x64, 0x52, 0x65, 0x73, 0x70, 0x6f, 0x6e, 0x73, 0x65, 0x22, 0x00, 0x12, 0x76, 0x0a, 0x11, 0x53,
	0x6f, 0x75, 0x72, 0x63, 0x65, 0x53, 0x68, 0x61, 0x72, 0x64, 0x44, 0x65, 0x6c, 0x65, 0x74, 0x65,
	0x12, 0x2e, 0x2e, 0x76, 0x69, 0x74, 0x65, 0x73, 0x73, 0x2e, 0x76, 0x74, 0x63, 0x74, 0x6c, 0x64,
	0x61, 0x74, 0x61, 0x2e, 0x76, 0x32, 0x33, 0x2e, 0x53, 0x6f, 0x75, 0x72, 0x63, 0x65, 0x53, 0x68,
	0x61, 0x72, 0x64, 0x44, 0x65, 0x6c, 0x65, 0x74, 0x65, 0x52, 0x65, 0x71, 0x75, 0x65, 0x73, 0x74,
	0x1a, 0x2f, 0x2e, 0x76, 0x69, 0x74, 0x65, 0x73, 0x73, 0x2e, 0x76, 0x74, 0x63, 0x74, 0x6c, 0x64,
	0x61, 0x74, 0x61, 0x2e, 0x76, 0x32, 0x33, 0x2e, 0x53, 0x6f, 0x75, 0x72, 0x63, 0x65, 0x53, 0x68,
	0x61, 0x72, 0x64, 0x44, 0x65, 0x6c, 0x65, 0x74, 0x65, 0x52, 0x65, 0x73, 0x70, 0x6f, 0x6e, 0x73,
	0x65, 0x22, 0x00, 0x12, 0x73, 0x0a, 0x10, 0x53, 0x74, 0x61, 0x72, 0x74, 0x52, 0x65, 0x70, 0x6c,
	0x69, 0x63, 0x61, 0x74, 0x69, 0x6f, 0x6e, 0x12, 0x2d, 0x2e, 0x76, 0x69, 0x74, 0x65, 0x73, 0x73,
	0x2e, 0x76, 0x74, 0x63, 0x74, 0x6c, 0x64, 0x61, 0x74, 0x61, 0x2e, 0x76, 0x32, 0x33, 0x2e, 0x53,
	0x74, 0x61, 0x72, 0x74, 0x52, 0x65, 0x70, 0x6c, 0x69, 0x63, 0x61, 0x74, 0x69, 0x6f, 0x6e, 0x52,
	0x65, 0x71, 0x75, 0x65, 0x73, 0x74, 0x1a, 0x2e, 0x2e, 0x76, 0x69, 0x74, 0x65, 0x73, 0x73, 0x2e,
	0x76, 0x74, 0x63, 0x74, 0x6c, 0x64, 0x61, 0x74, 0x61, 0x2e, 0x76, 0x32, 0x33, 0x2e, 0x53, 0x74,
	0x61, 0x72, 0x74, 0x52, 0x65, 0x70, 0x6c, 0x69, 0x63, 0x61, 0x74, 0x69, 0x6f, 0x6e, 0x52, 0x65,
	0x73, 0x70, 0x6f, 0x6e, 0x73, 0x65, 0x22, 0x00, 0x12, 0x70, 0x0a, 0x0f, 0x53, 0x74, 0x6f, 0x70,
	0x52, 0x65, 0x70, 0x6c, 0x69, 0x63, 0x61, 0x74, 0x69, 0x6f, 0x6e, 0x12, 0x2c, 0x2e, 0x76, 0x69,
	0x74, 0x65, 0x73, 0x73, 0x2e, 0x76, 0x74, 0x63, 0x74, 0x6c, 0x64, 0x61, 0x74, 0x61, 0x2e, 0x76,
	0x32, 0x33, 0x2e, 0x53, 0x74, 0x6f, 0x70, 0x52, 0x65, 0x70, 0x6c, 0x69, 0x63, 0x61, 0x74, 0x69,
	0x6f, 0x6e, 0x52, 0x65, 0x71, 0x75, 0x65, 0x73, 0x74, 0x1a, 0x2d, 0x2e, 0x76, 0x69, 0x74, 0x65,
	0x73, 0x73, 0x2e, 0x76, 0x74, 0x63, 0x74, 0x6c, 0x64, 0x61, 0x74, 0x61, 0x2e, 0x76, 0x32, 0x33,
	0x2e, 0x53, 0x74, 0x6f, 0x70, 0x52, 0x65, 0x70, 0x6c, 0x69, 0x63, 0x61, 0x74, 0x69, 0x6f, 0x6e,
	0x52, 0x65, 0x73, 0x70, 0x6f, 0x6e, 0x73, 0x65, 0x22, 0x00, 0x12, 0x91, 0x01, 0x0a, 0x1a, 0x54,
	0x61, 0x62, 0x6c, 0x65, 0x74, 0x45, 0x78, 0x74, 0x65, 0x72, 0x6e, 0x61, 0x6c, 0x6c, 0x79, 0x52,
	0x65, 0x70, 0x61, 0x72, 0x65, 0x6e, 0x74, 0x65, 0x64, 0x12, 0x37, 0x2e, 0x76, 0x69, 0x74, 0x65,
	0x73, 0x73, 0x2e, 0x76, 0x74, 0x63, 0x74, 0x6c, 0x64, 0x61, 0x74, 0x61, 0x2e, 0x76, 0x32, 0x33,
	0x2e, 0x54, 0x61, 0x62, 0x6c, 0x65, 0x74, 0x45, 0x78, 0x74, 0x65, 0x72, 0x6e, 0x61, 0x6c, 0x6c,
	0x79, 0x52, 0x65, 0x70, 0x61, 0x72, 0x65, 0x6e, 0x74, 0x65, 0x64, 0x52, 0x65, 0x71, 0x75, 0x65,
	0x73, 0x74, 0x1a, 0x38, 0x2e, 0x76, 0x69, 0x74, 0x65, 0x73, 0x73, 0x2e, 0x76, 0x74, 0x63, 0x74,
	0x6c, 0x64, 0x61, 0x74, 0x61, 0x2e, 0x76, 0x32, 0x33, 0x2e, 0x54, 0x61, 0x62, 0x6c, 0x65, 0x74,
	0x45, 0x78, 0x74, 0x65, 0x72, 0x6e, 0x61, 0x6c, 0x6c, 0x79, 0x52, 0x65, 0x70, 0x61, 0x72, 0x65,
	0x6e, 0x74, 0x65, 0x64, 0x52, 0x65, 0x73, 0x70, 0x6f, 0x6e, 0x73, 0x65, 0x22, 0x00, 0x12, 0x6d,
	0x0a, 0x0e, 0x55, 0x70, 0x64, 0x61, 0x74, 0x65, 0x43, 0x65, 0x6c, 0x6c, 0x49, 0x6e, 0x66, 0x6f,
	0x12, 0x2b, 0x2e, 0x76, 0x69, 0x74, 0x65, 0x73, 0x73, 0x2e, 0x76, 0x74, 0x63, 0x74, 0x6c, 0x64,
	0x61, 0x74, 0x61, 0x2e, 0x76, 0x32, 0x33, 0x2e, 0x55, 0x70, 0x64, 0x61, 0x74, 0x65, 0x43, 0x65,
	0x6c, 0x6c, 0x49, 0x6e, 0x66, 0x6f, 0x52, 0x65, 0x71, 0x75, 0x65, 0x73, 0x74, 0x1a, 0x2c, 0x2e,
	0x76, 0x69, 0x74, 0x65, 0x73, 0x73, 0x2e, 0x76, 0x74, 0x63, 0x74, 0x6c, 0x64, 0x61, 0x74, 0x61,
	0x2e, 0x76, 0x32, 0x33, 0x2e, 0x55, 0x70, 0x64, 0x61, 0x74, 0x65, 0x43, 0x65, 0x6c, 0x6c, 0x49,
	0x6e, 0x66, 0x6f, 0x52, 0x65, 0x73, 0x70, 0x6f, 0x6e, 0x73, 0x65, 0x22, 0x00, 0x12, 0x73, 0x0a,
	0x10, 0x55, 0x70, 0x64, 0x61, 0x74, 0x65, 0x43, 0x65, 0x6c, 0x6c, 0x73, 0x41, 0x6c, 0x69, 0x61,
	0x73, 0x12, 0x2d, 0x2e, 0x76, 0x69, 0x74, 0x65, 0x73, 0x73, 0x2e, 0x76, 0x74, 0x63, 0x74, 0x6c,
	0x64, 0x61, 0x74, 0x61, 0x2e, 0x76, 0x32, 0x33, 0x2e, 0x55, 0x70, 0x64, 0x61, 0x74, 0x65, 0x43,
	0x65, 0x6c, 0x6c, 0x73, 0x41, 0x6c, 0x69, 0x61, 0x73, 0x52, 0x65, 0x71, 0x75, 0x65, 0x73, 0x74,
	0x1a, 0x2e, 0x2e, 0x76, 0x69, 0x74, 0x65, 0x73, 0x73, 0x2e, 0x76, 0x74, 0x63, 0x74, 0x6c, 0x64,
	0x61, 0x74, 0x61, 0x2e, 0x76, 0x32, 0x33, 0x2e, 0x55, 0x70, 0x64, 0x61, 0x74, 0x65, 0x43, 0x65,
	0x6c, 0x6c, 0x73, 0x41, 0x6c, 0x69, 0x61, 0x73, 0x52, 0x65, 0x73, 0x70, 0x6f, 0x6e, 0x73, 0x65,
	0x22, 0x00, 0x12, 0x5b, 0x0a, 0x08, 0x56, 0x61, 0x6c, 0x69, 0x64, 0x61, 0x74, 0x65, 0x12, 0x25,
	0x2e, 0x76, 0x69, 0x74, 0x65, 0x73, 0x73, 0x2e, 0x76, 0x74, 0x63, 0x74, 0x6c, 0x64, 0x61, 0x74,
	0x61, 0x2e, 0x76, 0x32, 0x33, 0x2e, 0x56, 0x61, 0x6c, 0x69, 0x64, 0x61, 0x74, 0x65, 0x52, 0x65,
	0x71, 0x75, 0x65, 0x73, 0x74, 0x1a, 0x26, 0x2e, 0x76, 0x69, 0x74, 0x65, 0x73, 0x73, 0x2e, 0x76,
	0x74, 0x63, 0x74, 0x6c, 0x64, 0x61, 0x74, 0x61, 0x2e, 0x76, 0x32, 0x33, 0x2e, 0x56, 0x61, 0x6c,
	0x69, 0x64, 0x61, 0x74, 0x65, 0x52, 0x65, 0x73, 0x70, 0x6f, 0x6e, 0x73, 0x65, 0x22, 0x00, 0x12,
	0x73, 0x0a, 0x10, 0x56, 0x61, 0x6c, 0x69, 0x64, 0x61, 0x74, 0x65, 0x4b, 0x65, 0x79, 0x73, 0x70,
	0x61, 0x63, 0x65, 0x12, 0x2d, 0x2e, 0x76, 0x69, 0x74, 0x65, 0x73, 0x73, 0x2e, 0x76, 0x74, 0x63,
	0x74, 0x6c, 0x64, 0x61, 0x74, 0x61, 0x2e, 0x76, 0x32, 0x33, 0x2e, 0x56, 0x61, 0x6c, 0x69, 0x64,
	0x61, 0x74, 0x65, 0x4b, 0x65, 0x79, 0x73, 0x70, 0x61, 0x63, 0x65, 0x52, 0x65, 0x71, 0x75, 0x65,
	0x73, 0x74, 0x1a, 0x2e, 0x2e, 0x76, 0x69, 0x74, 0x65, 0x73, 0x73, 0x2e, 0x76, 0x74, 0x63, 0x74,
	0x6c, 0x64, 0x61, 0x74, 0x61, 0x2e, 0x76, 0x32, 0x33, 0x2e, 0x56, 0x61, 0x6c, 0x69, 0x64, 0x61,
	0x74, 0x65, 0x4b, 0x65, 0x79, 0x73, 0x70, 0x61, 0x63, 0x65, 0x52, 0x65, 0x73, 0x70, 0x6f, 0x6e,
	0x73, 0x65, 0x22, 0x00, 0x12, 0x94, 0x01, 0x0a, 0x1b, 0x56, 0x61, 0x6c, 0x69, 0x64, 0x61, 0x74,
	0x65, 0x50, 0x65, 0x72, 0x6d, 0x69, 0x73, 0x73, 0x69, 0x6f, 0x6e, 0x73, 0x4b, 0x65, 0x79, 0x73,
	0x70, 0x61, 0x63, 0x65, 0x12, 0x38, 0x2e, 0x76, 0x69, 0x74, 0x65, 0x73, 0x73, 0x2e, 0x76, 0x74,
	0x63, 0x74, 0x6c, 0x64, 0x61, 0x74, 0x61, 0x2e, 0x76, 0x32, 0x33, 0x2e, 0x56, 0x61, 0x6c, 0x69,
	0x64, 0x61, 0x74, 0x65, 0x50, 0x65, 0x72, 0x6d, 0x69, 0x73, 0x73, 0x69, 0x6f, 0x6e, 0x73, 0x4b,
	0x65, 0x79, 0x73, 0x70, 0x61, 0x63, 0x65, 0x52, 0x65, 0x71, 0x75, 0x65, 0x73, 0x74, 0x1a, 0x39,
	0x2e, 0x76, 0x69, 0x74, 0x65, 0x73, 0x73, 0x2e, 0x76, 0x74, 0x63, 0x74, 0x6c, 0x64, 0x61, 0x74,
	0x61, 0x2e, 0x76, 0x32, 0x33, 0x2e, 0x56, 0x61, 0x6c, 0x69, 0x64, 0x61, 0x74, 0x65, 0x50, 0x65,
	0x72, 0x6d, 0x69, 0x73, 0x73, 0x69, 0x6f, 0x6e, 0x73, 0x4b, 0x65, 0x79, 0x73, 0x70, 0x61, 0x63,
	0x65, 0x52, 0x65, 0x73, 0x70, 0x6f, 0x6e, 0x73, 0x65, 0x22, 0x00, 0x12, 0x85, 0x01, 0x0a, 0x16,
	0x56, 0x61, 0x6c, 0x69, 0x64, 0x61, 0x74, 0x65, 0x53, 0x63, 0x68, 0x65, 0x6d, 0x61, 0x4b, 0x65,
	0x79, 0x73, 0x70, 0x61, 0x63, 0x65, 0x12, 0x33, 0x2e, 0x76, 0x69, 0x74, 0x65, 0x73, 0x73, 0x2e,
	0x76, 0x74, 0x63, 0x74, 0x6c, 0x64, 0x61, 0x74, 0x61, 0x2e, 0x76, 0x32, 0x33, 0x2e, 0x56, 0x61,
	0x6c, 0x69, 0x64, 0x61, 0x74, 0x65, 0x53, 0x63, 0x68, 0x65, 0x6d, 0x61, 0x4b, 0x65, 0x79, 0x73,
	0x70, 0x61, 0x63, 0x65, 0x52, 0x65, 0x71, 0x75, 0x65, 0x73, 0x74, 0x1a, 0x34, 0x2e, 0x76, 0x69,
	0x74, 0x65, 0x73, 0x73, 0x2e, 0x76, 0x74, 0x63, 0x74, 0x6c, 0x64, 0x61, 0x74, 0x61, 0x2e, 0x76,
	0x32, 0x33, 0x2e, 0x56, 0x61, 0x6c, 0x69, 0x64, 0x61, 0x74, 0x65, 0x53, 0x63, 0x68, 0x65, 0x6d,
	0x61, 0x4b, 0x65, 0x79, 0x73, 0x70, 0x61, 0x63, 0x65, 0x52, 0x65, 0x73, 0x70, 0x6f, 0x6e, 0x73,
	0x65, 0x22, 0x00, 0x12, 0x6a, 0x0a, 0x0d, 0x56, 0x61, 0x6c, 0x69, 0x64, 0x61, 0x74, 0x65, 0x53,
	0x68, 0x61, 0x72, 0x64, 0x12, 0x2a, 0x2e, 0x76, 0x69, 0x74, 0x65, 0x73, 0x73, 0x2e, 0x76, 0x74,
	0x63, 0x74, 0x6c, 0x64, 0x61, 0x74, 0x61, 0x2e, 0x76, 0x32, 0x33, 0x2e, 0x56, 0x61, 0x6c, 0x69,
	0x64, 0x61, 0x74, 0x65, 0x53, 0x68, 0x61, 0x72, 0x64, 0x52, 0x65, 0x71, 0x75, 0x65, 0x73, 0x74,
	0x1a, 0x2b, 0x2e, 0x76, 0x69, 0x74, 0x65, 0x73, 0x73, 0x2e, 0x76, 0x74, 0x63, 0x74, 0x6c, 0x64,
	0x61, 0x74, 0x61, 0x2e, 0x76, 0x32, 0x33, 0x2e, 0x56, 0x61, 0x6c, 0x69, 0x64, 0x61, 0x74, 0x65,
	0x53, 0x68, 0x61, 0x72, 0x64, 0x52, 0x65, 0x73, 0x70, 0x6f, 0x6e, 0x73, 0x65, 0x22, 0x00, 0x12,
	0x88, 0x01, 0x0a, 0x17, 0x56, 0x61, 0x6c, 0x69, 0x64, 0x61, 0x74, 0x65, 0x56, 0x65, 0x72, 0x73,
	0x69, 0x6f, 0x6e, 0x4b, 0x65, 0x79, 0x73, 0x70, 0x61, 0x63, 0x65, 0x12, 0x34, 0x2e, 0x76, 0x69,
	0x74, 0x65, 0x73, 0x73, 0x2e, 0x76, 0x74, 0x63, 0x74, 0x6c, 0x64, 0x61, 0x74, 0x61, 0x2e, 0x76,
	0x32, 0x33, 0x2e, 0x56, 0x61, 0x6c, 0x69, 0x64, 0x61, 0x74, 0x65, 0x56, 0x65, 0x72, 0x73, 0x69,
	0x6f, 0x6e, 0x4b, 0x65, 0x79, 0x73, 0x70, 0x61, 0x63, 0x65, 0x52, 0x65, 0x71, 0x75, 0x65, 0x73,
	0x74, 0x1a, 0x35, 0x2e, 0x76, 0x69, 0x74, 0x65, 0x73, 0x73, 0x2e, 0x76, 0x74, 0x63, 0x74, 0x6c,
	0x64, 0x61, 0x74, 0x61, 0x2e, 0x76, 0x32, 0x33, 0x2e, 0x56, 0x61, 0x6c, 0x69, 0x64, 0x61, 0x74,
	0x65, 0x56, 0x65, 0x72, 0x73, 0x69, 0x6f, 0x6e, 0x4b, 0x65, 0x79, 0x73, 0x70, 0x61, 0x63, 0x65,
	0x52, 0x65, 0x73, 0x70, 0x6f, 0x6e, 0x73, 0x65, 0x22, 0x00, 0x12, 0x7f, 0x0a, 0x14, 0x56, 0x61,
	0x6c, 0x69, 0x64, 0x61, 0x74, 0x65, 0x56, 0x65, 0x72, 0x73, 0x69, 0x6f, 0x6e, 0x53, 0x68, 0x61,
	0x72, 0x64, 0x12, 0x31, 0x2e, 0x76, 0x69, 0x74, 0x65, 0x73, 0x73, 0x2e, 0x76, 0x74, 0x63, 0x74,
	0x6c, 0x64, 0x61, 0x74, 0x61, 0x2e, 0x76, 0x32, 0x33, 0x2e, 0x56, 0x61, 0x6c, 0x69, 0x64, 0x61,
	0x74, 0x65, 0x56, 0x65, 0x72, 0x73, 0x69, 0x6f, 0x6e, 0x53, 0x68, 0x61, 0x72, 0x64, 0x52, 0x65,
	0x71, 0x75, 0x65, 0x73, 0x74, 0x1a, 0x32, 0x2e, 0x76, 0x69, 0x74, 0x65, 0x73, 0x73, 0x2e, 0x76,
	0x74, 0x63, 0x74, 0x6c, 0x64, 0x61, 0x74, 0x61, 0x2e, 0x76, 0x32, 0x33, 0x2e, 0x56, 0x61, 0x6c,
	0x69, 0x64, 0x61, 0x74, 0x65, 0x56, 0x65, 0x72, 0x73, 0x69, 0x6f, 0x6e, 0x53, 0x68, 0x61, 0x72,
	0x64, 0x52, 0x65, 0x73, 0x70, 0x6f, 0x6e, 0x73, 0x65, 0x22, 0x00, 0x12, 0x70, 0x0a, 0x0f, 0x56,
	0x61, 0x6c, 0x69, 0x64, 0x61, 0x74, 0x65, 0x56, 0x53, 0x63, 0x68, 0x65, 0x6d, 0x61, 0x12, 0x2c,
	0x2e, 0x76, 0x69, 0x74, 0x65, 0x73, 0x73, 0x2e, 0x76, 0x74, 0x63, 0x74, 0x6c, 0x64, 0x61, 0x74,
	0x61, 0x2e, 0x76, 0x32, 0x33, 0x2e, 0x56, 0x61, 0x6c, 0x69, 0x64, 0x61, 0x74, 0x65, 0x56, 0x53,
	0x63, 0x68, 0x65, 0x6d, 0x61, 0x52, 0x65, 0x71, 0x75, 0x65, 0x73, 0x74, 0x1a, 0x2d, 0x2e, 0x76,
	0x69, 0x74, 0x65, 0x73, 0x73, 0x2e, 0x76, 0x74, 0x63, 0x74, 0x6c, 0x64, 0x61, 0x74, 0x61, 0x2e,
	0x76, 0x32, 0x33, 0x2e, 0x56, 0x61, 0x6c, 0x69, 0x64, 0x61, 0x74, 0x65, 0x56, 0x53, 0x63, 0x68,
	0x65, 0x6d, 0x61, 0x52, 0x65, 0x73, 0x70, 0x6f, 0x6e, 0x73, 0x65, 0x22, 0x00, 0x12, 0x64, 0x0a,
	0x0b, 0x56, 0x44, 0x69, 0x66, 0x66, 0x43, 0x72, 0x65, 0x61, 0x74, 0x65, 0x12, 0x28, 0x2e, 0x76,
	0x69, 0x74, 0x65, 0x73, 0x73, 0x2e, 0x76, 0x74, 0x63, 0x74, 0x6c, 0x64, 0x61, 0x74, 0x61, 0x2e,
	0x76, 0x32, 0x33, 0x2e, 0x56, 0x44, 0x69, 0x66, 0x66, 0x43, 0x72, 0x65, 0x61, 0x74, 0x65, 0x52,
	0x65, 0x71, 0x75, 0x65, 0x73, 0x74, 0x1a, 0x29, 0x2e, 0x76, 0x69, 0x74, 0x65, 0x73, 0x73, 0x2e,
	0x76, 0x74, 0x63, 0x74, 0x6c, 0x64, 0x61, 0x74, 0x61, 0x2e, 0x76, 0x32, 0x33, 0x2e, 0x56, 0x44,
	0x69, 0x66, 0x66, 0x43, 0x72, 0x65, 0x61, 0x74, 0x65, 0x52, 0x65, 0x73, 0x70, 0x6f, 0x6e, 0x73,
	0x65, 0x22, 0x00, 0x12, 0x64, 0x0a, 0x0b, 0x56, 0x44, 0x69, 0x66, 0x66, 0x44, 0x65, 0x6c, 0x65,
	0x74, 0x65, 0x12, 0x28, 0x2e, 0x76, 0x69, 0x74, 0x65, 0x73, 0x73, 0x2e, 0x76, 0x74, 0x63, 0x74,
	0x6c, 0x64, 0x61, 0x74, 0x61, 0x2e, 0x76, 0x32, 0x33, 0x2e, 0x56, 0x44, 0x69, 0x66, 0x66, 0x44,
	0x65, 0x6c, 0x65, 0x74, 0x65, 0x52, 0x65, 0x71, 0x75, 0x65, 0x73, 0x74, 0x1a, 0x29, 0x2e, 0x76,
	0x69, 0x74, 0x65, 0x73, 0x73, 0x2e, 0x76, 0x74, 0x63, 0x74, 0x6c, 0x64, 0x61, 0x74, 0x61, 0x2e,
	0x76, 0x32, 0x33, 0x2e, 0x56, 0x44, 0x69, 0x66, 0x66, 0x44, 0x65, 0x6c, 0x65, 0x74, 0x65, 0x52,
	0x65, 0x73, 0x70, 0x6f, 0x6e, 0x73, 0x65, 0x22, 0x00, 0x12, 0x64, 0x0a, 0x0b, 0x56, 0x44, 0x69,
	0x66, 0x66, 0x52, 0x65, 0x73, 0x75, 0x6d, 0x65, 0x12, 0x28, 0x2e, 0x76, 0x69, 0x74, 0x65, 0x73,
	0x73, 0x2e, 0x76, 0x74, 0x63, 0x74, 0x6c, 0x64, 0x61, 0x74, 0x61, 0x2e, 0x76, 0x32, 0x33, 0x2e,
	0x56, 0x44, 0x69, 0x66, 0x66, 0x52, 0x65, 0x73, 0x75, 0x6d, 0x65, 0x52, 0x65, 0x71, 0x75, 0x65,
	0x73, 0x74, 0x1a, 0x29, 0x2e, 0x76, 0x69, 0x74, 0x65, 0x73, 0x73, 0x2e, 0x76, 0x74, 0x63, 0x74,
	0x6c, 0x64, 0x61, 0x74, 0x61, 0x2e, 0x76, 0x32, 0x33, 0x2e, 0x56, 0x44, 0x69, 0x66, 0x66, 0x52,
	0x65, 0x73, 0x75, 0x6d, 0x65, 0x52, 0x65, 0x73, 0x70, 0x6f, 0x6e, 0x73, 0x65, 0x22, 0x00, 0x12,
	0x5e, 0x0a, 0x09, 0x56, 0x44, 0x69, 0x66, 0x66, 0x53, 0x68, 0x6f, 0x77, 0x12, 0x26, 0x2e, 0x76,
	0x69, 0x74, 0x65, 0x73, 0x73, 0x2e, 0x76, 0x74, 0x63, 0x74, 0x6c, 0x64, 0x61, 0x74, 0x61, 0x2e,
	0x76, 0x32, 0x33, 0x2e, 0x56, 0x44, 0x69, 0x66, 0x66, 0x53, 0x68, 0x6f, 0x77, 0x52, 0x65, 0x71,
	0x75, 0x65, 0x73, 0x74, 0x1a, 0x27, 0x2e, 0x76, 0x69, 0x74, 0x65, 0x73, 0x73, 0x2e, 0x76, 0x74,
	0x63, 0x74, 0x6c, 0x64, 0x61, 0x74, 0x61, 0x2e, 0x76, 0x32, 0x33, 0x2e, 0x56, 0x44, 0x69, 0x66,
	0x66, 0x53, 0x68, 0x6f, 0x77, 0x52, 0x65, 0x73, 0x70, 0x6f, 0x6e, 0x73, 0x65, 0x22, 0x00, 0x12,
	0x5e, 0x0a, 0x09, 0x56, 0x44, 0x69, 0x66, 0x66, 0x53, 0x74, 0x6f, 0x70, 0x12, 0x26, 0x2e, 0x76,
	0x69, 0x74, 0x65, 0x73, 0x73, 0x2e, 0x76, 0x74, 0x63, 0x74, 0x6c, 0x64, 0x61, 0x74, 0x61, 0x2e,
	0x76, 0x32, 0x33, 0x2e, 0x56, 0x44, 0x69, 0x66, 0x66, 0x53, 0x74, 0x6f, 0x70, 0x52, 0x65, 0x71,
	0x75, 0x65, 0x73, 0x74, 0x1a, 0x27, 0x2e, 0x76, 0x69, 0x74, 0x65, 0x73, 0x73, 0x2e, 0x76, 0x74,
	0x63, 0x74, 0x6c, 0x64, 0x61, 0x74, 0x61, 0x2e, 0x76, 0x32, 0x33, 0x2e, 0x56, 0x44, 0x69, 0x66,
	0x66, 0x53, 0x74, 0x6f, 0x70, 0x52, 0x65, 0x73, 0x70, 0x6f, 0x6e, 0x73, 0x65, 0x22, 0x00, 0x12,
	0x6d, 0x0a, 0x0e, 0x57, 0x6f, 0x72, 0x6b, 0x66, 0x6c, 0x6f, 0x77, 0x44, 0x65, 0x6c, 0x65, 0x74,
	0x65, 0x12, 0x2b, 0x2e, 0x76, 0x69, 0x74, 0x65, 0x73, 0x73, 0x2e, 0x76, 0x74, 0x63, 0x74, 0x6c,
	0x64, 0x61, 0x74, 0x61, 0x2e, 0x76, 0x32, 0x33, 0x2e, 0x57, 0x6f, 0x72, 0x6b, 0x66, 0x6c, 0x6f,
	0x77, 0x44, 0x65, 0x6c, 0x65, 0x74, 0x65, 0x52, 0x65, 0x71, 0x75, 0x65, 0x73, 0x74, 0x1a, 0x2c,
	0x2e, 0x76, 0x69, 0x74, 0x65, 0x73, 0x73, 0x2e, 0x76, 0x74, 0x63, 0x74, 0x6c, 0x64, 0x61, 0x74,
	0x61, 0x2e, 0x76, 0x32, 0x33, 0x2e, 0x57, 0x6f, 0x72, 0x6b, 0x66, 0x6c, 0x6f, 0x77, 0x44, 0x65,
	0x6c, 0x65, 0x74, 0x65, 0x52, 0x65, 0x73, 0x70, 0x6f, 0x6e, 0x73, 0x65, 0x22, 0x00, 0x12, 0x6d,
	0x0a, 0x0e, 0x57, 0x6f, 0x72, 0x6b, 0x66, 0x6c, 0x6f, 0x77, 0x53, 0x74, 0x61, 0x74, 0x75, 0x73,
	0x12, 0x2b, 0x2e, 0x76, 0x69, 0x74, 0x65, 0x73, 0x73, 0x2e, 0x76, 0x74, 0x63, 0x74, 0x6c, 0x64,
	0x61, 0x74, 0x61, 0x2e, 0x76, 0x32, 0x33, 0x2e, 0x57, 0x6f, 0x72, 0x6b, 0x66, 0x6c, 0x6f, 0x77,
	0x53, 0x74, 0x61, 0x74, 0x75, 0x73, 0x52, 0x65, 0x71, 0x75, 0x65, 0x73, 0x74, 0x1a, 0x2c, 0x2e,
	0x76, 0x69, 0x74, 0x65, 0x73, 0x73, 0x2e, 0x76, 0x74, 0x63, 0x74, 0x6c, 0x64, 0x61, 0x74, 0x61,
	0x2e, 0x76, 0x32, 0x33, 0x2e, 0x57, 0x6f, 0x72, 0x6b, 0x66, 0x6c, 0x6f, 0x77, 0x53, 0x74, 0x61,
	0x74, 0x75, 0x73, 0x52, 0x65, 0x73, 0x70, 0x6f, 0x6e, 0x73, 0x65, 0x22, 0x00, 0x12, 0x82, 0x01,
	0x0a, 0x15, 0x57, 0x6f, 0x72, 0x6b, 0x66, 0x6c, 0x6f, 0x77, 0x53, 0x77, 0x69, 0x74, 0x63, 0x68,
	0x54, 0x72, 0x61, 0x66, 0x66, 0x69, 0x63, 0x12, 0x32, 0x2e, 0x76, 0x69, 0x74, 0x65, 0x73, 0x73,
	0x2e, 0x76, 0x74, 0x63, 0x74, 0x6c, 0x64, 0x61, 0x74, 0x61, 0x2e, 0x76, 0x32, 0x33, 0x2e, 0x57,
	0x6f, 0x72, 0x6b, 0x66, 0x6c, 0x6f, 0x77, 0x53, 0x77, 0x69, 0x74, 0x63, 0x68, 0x54, 0x72, 0x61,
	0x66, 0x66, 0x69, 0x63, 0x52, 0x65, 0x71, 0x75, 0x65, 0x73, 0x74, 0x1a, 0x33, 0x2e, 0x76, 0x69,
	0x74, 0x65, 0x73, 0x73, 0x2e, 0x76, 0x74, 0x63, 0x74, 0x6c, 0x64, 0x61, 0x74, 0x61, 0x2e, 0x76,
	0x32, 0x33, 0x2e, 0x57, 0x6f, 0x72, 0x6b, 0x66, 0x6c, 0x6f, 0x77, 0x53, 0x77, 0x69, 0x74, 0x63,
	0x68, 0x54, 0x72, 0x61, 0x66, 0x66, 0x69, 0x63, 0x52, 0x65, 0x73, 0x70, 0x6f, 0x6e, 0x73, 0x65,
	0x22, 0x00, 0x12, 0x6d, 0x0a, 0x0e, 0x57, 0x6f, 0x72, 0x6b, 0x66, 0x6c, 0x6f, 0x77, 0x55, 0x70,
	0x64, 0x61, 0x74, 0x65, 0x12, 0x2b, 0x2e, 0x76, 0x69, 0x74, 0x65, 0x73, 0x73, 0x2e, 0x76, 0x74,
	0x63, 0x74, 0x6c, 0x64, 0x61, 0x74, 0x61, 0x2e, 0x76, 0x32, 0x33, 0x2e, 0x57, 0x6f, 0x72, 0x6b,
	0x66, 0x6c, 0x6f, 0x77, 0x55, 0x70, 0x64, 0x61, 0x74, 0x65, 0x52, 0x65, 0x71, 0x75, 0x65, 0x73,
	0x74, 0x1a, 0x2c, 0x2e, 0x76, 0x69, 0x74, 0x65, 0x73, 0x73, 0x2e, 0x76, 0x74, 0x63, 0x74, 0x6c,
	0x64, 0x61, 0x74, 0x61, 0x2e, 0x76, 0x32, 0x33, 0x2e, 0x57, 0x6f, 0x72, 0x6b, 0x66, 0x6c, 0x6f,
	0x77, 0x55, 0x70, 0x64, 0x61, 0x74, 0x65, 0x52, 0x65, 0x73, 0x70, 0x6f, 0x6e, 0x73, 0x65, 0x22,
	0x00, 0x12, 0x6d, 0x0a, 0x0e, 0x47, 0x65, 0x74, 0x4d, 0x69, 0x72, 0x72, 0x6f, 0x72, 0x52, 0x75,
	0x6c, 0x65, 0x73, 0x12, 0x2b, 0x2e, 0x76, 0x69, 0x74, 0x65, 0x73, 0x73, 0x2e, 0x76, 0x74, 0x63,
	0x74, 0x6c, 0x64, 0x61, 0x74, 0x61, 0x2e, 0x76, 0x32, 0x33, 0x2e, 0x47, 0x65, 0x74, 0x4d, 0x69,
	0x72, 0x72, 0x6f, 0x72, 0x52, 0x75, 0x6c, 0x65, 0x73, 0x52, 0x65, 0x71, 0x75, 0x65, 0x73, 0x74,
	0x1a, 0x2c, 0x2e, 0x76, 0x69, 0x74, 0x65, 0x73, 0x73, 0x2e, 0x76, 0x74, 0x63, 0x74, 0x6c, 0x64,
	0x61, 0x74, 0x61, 0x2e, 0x76, 0x32, 0x33, 0x2e, 0x47, 0x65, 0x74, 0x4d, 0x69, 0x72, 0x72, 0x6f,
	0x72, 0x52, 0x75, 0x6c, 0x65, 0x73, 0x52, 0x65, 0x73, 0x70, 0x6f, 0x6e, 0x73, 0x65, 0x22, 0x00,
	0x12, 0x82, 0x01, 0x0a, 0x15, 0x57, 0x6f, 0x72, 0x6b, 0x66, 0x6c, 0x6f, 0x77, 0x4d, 0x69, 0x72,
	0x72, 0x6f, 0x72, 0x54, 0x72, 0x61, 0x66, 0x66, 0x69, 0x63, 0x12, 0x32, 0x2e, 0x76, 0x69, 0x74,
	0x65, 0x73, 0x73, 0x2e, 0x76, 0x74, 0x63, 0x74, 0x6c, 0x64, 0x61, 0x74, 0x61, 0x2e, 0x76, 0x32,
	0x33, 0x2e, 0x57, 0x6f, 0x72, 0x6b, 0x66, 0x6c, 0x6f, 0x77, 0x4d, 0x69, 0x72, 0x72, 0x6f, 0x72,
	0x54, 0x72, 0x61, 0x66, 0x66, 0x69, 0x63, 0x52, 0x65, 0x71, 0x75, 0x65, 0x73, 0x74, 0x1a, 0x33,
	0x2e, 0x76, 0x69, 0x74, 0x65, 0x73, 0x73, 0x2e, 0x76, 0x74, 0x63, 0x74, 0x6c, 0x64, 0x61, 0x74,
	0x61, 0x2e, 0x76, 0x32, 0x33, 0x2e, 0x57, 0x6f, 0x72, 0x6b, 0x66, 0x6c, 0x6f, 0x77, 0x4d, 0x69,
	0x72, 0x72, 0x6f, 0x72, 0x54, 0x72, 0x61, 0x66, 0x66, 0x69, 0x63, 0x52, 0x65, 0x73, 0x70, 0x6f,
	0x6e, 0x73, 0x65, 0x22, 0x00, 0x42, 0x51, 0x5a, 0x4f, 0x67, 0x69, 0x74, 0x68, 0x75, 0x62, 0x2e,
	0x63, 0x6f, 0x6d, 0x2f, 0x70, 0x6c, 0x61, 0x6e, 0x65, 0x74, 0x73, 0x63, 0x61, 0x6c, 0x65, 0x2f,
	0x76, 0x69, 0x74, 0x65, 0x73, 0x73, 0x2d, 0x74, 0x79, 0x70, 0x65, 0x73, 0x2f, 0x67, 0x65, 0x6e,
	0x2f, 0x76, 0x69, 0x74, 0x65, 0x73, 0x73, 0x2f, 0x76, 0x74, 0x63, 0x74, 0x6c, 0x73, 0x65, 0x72,
	0x76, 0x69, 0x63, 0x65, 0x2f, 0x76, 0x32, 0x33, 0x3b, 0x76, 0x74, 0x63, 0x74, 0x6c, 0x73, 0x65,
	0x72, 0x76, 0x69, 0x63, 0x65, 0x76, 0x32, 0x33, 0x62, 0x06, 0x70, 0x72, 0x6f, 0x74, 0x6f, 0x33,
})

var file_vitess_vtctlservice_v23_vtctlservice_proto_goTypes = []any{
	(*v23.ExecuteVtctlCommandRequest)(nil),          // 0: vitess.vtctldata.v23.ExecuteVtctlCommandRequest
	(*v23.AddCellInfoRequest)(nil),                  // 1: vitess.vtctldata.v23.AddCellInfoRequest
	(*v23.AddCellsAliasRequest)(nil),                // 2: vitess.vtctldata.v23.AddCellsAliasRequest
	(*v23.ApplyRoutingRulesRequest)(nil),            // 3: vitess.vtctldata.v23.ApplyRoutingRulesRequest
	(*v23.ApplySchemaRequest)(nil),                  // 4: vitess.vtctldata.v23.ApplySchemaRequest
	(*v23.ApplyKeyspaceRoutingRulesRequest)(nil),    // 5: vitess.vtctldata.v23.ApplyKeyspaceRoutingRulesRequest
	(*v23.ApplyShardRoutingRulesRequest)(nil),       // 6: vitess.vtctldata.v23.ApplyShardRoutingRulesRequest
	(*v23.ApplyVSchemaRequest)(nil),                 // 7: vitess.vtctldata.v23.ApplyVSchemaRequest
	(*v23.BackupRequest)(nil),                       // 8: vitess.vtctldata.v23.BackupRequest
	(*v23.BackupShardRequest)(nil),                  // 9: vitess.vtctldata.v23.BackupShardRequest
	(*v23.CancelSchemaMigrationRequest)(nil),        // 10: vitess.vtctldata.v23.CancelSchemaMigrationRequest
	(*v23.ChangeTabletTagsRequest)(nil),             // 11: vitess.vtctldata.v23.ChangeTabletTagsRequest
	(*v23.ChangeTabletTypeRequest)(nil),             // 12: vitess.vtctldata.v23.ChangeTabletTypeRequest
	(*v23.CheckThrottlerRequest)(nil),               // 13: vitess.vtctldata.v23.CheckThrottlerRequest
	(*v23.CleanupSchemaMigrationRequest)(nil),       // 14: vitess.vtctldata.v23.CleanupSchemaMigrationRequest
	(*v23.CompleteSchemaMigrationRequest)(nil),      // 15: vitess.vtctldata.v23.CompleteSchemaMigrationRequest
	(*v23.ConcludeTransactionRequest)(nil),          // 16: vitess.vtctldata.v23.ConcludeTransactionRequest
	(*v23.CopySchemaShardRequest)(nil),              // 17: vitess.vtctldata.v23.CopySchemaShardRequest
	(*v23.CreateKeyspaceRequest)(nil),               // 18: vitess.vtctldata.v23.CreateKeyspaceRequest
	(*v23.CreateShardRequest)(nil),                  // 19: vitess.vtctldata.v23.CreateShardRequest
	(*v23.DeleteCellInfoRequest)(nil),               // 20: vitess.vtctldata.v23.DeleteCellInfoRequest
	(*v23.DeleteCellsAliasRequest)(nil),             // 21: vitess.vtctldata.v23.DeleteCellsAliasRequest
	(*v23.DeleteKeyspaceRequest)(nil),               // 22: vitess.vtctldata.v23.DeleteKeyspaceRequest
	(*v23.DeleteShardsRequest)(nil),                 // 23: vitess.vtctldata.v23.DeleteShardsRequest
	(*v23.DeleteSrvVSchemaRequest)(nil),             // 24: vitess.vtctldata.v23.DeleteSrvVSchemaRequest
	(*v23.DeleteTabletsRequest)(nil),                // 25: vitess.vtctldata.v23.DeleteTabletsRequest
	(*v23.EmergencyReparentShardRequest)(nil),       // 26: vitess.vtctldata.v23.EmergencyReparentShardRequest
	(*v23.ExecuteFetchAsAppRequest)(nil),            // 27: vitess.vtctldata.v23.ExecuteFetchAsAppRequest
	(*v23.ExecuteFetchAsDBARequest)(nil),            // 28: vitess.vtctldata.v23.ExecuteFetchAsDBARequest
	(*v23.ExecuteHookRequest)(nil),                  // 29: vitess.vtctldata.v23.ExecuteHookRequest
	(*v23.ExecuteMultiFetchAsDBARequest)(nil),       // 30: vitess.vtctldata.v23.ExecuteMultiFetchAsDBARequest
	(*v23.FindAllShardsInKeyspaceRequest)(nil),      // 31: vitess.vtctldata.v23.FindAllShardsInKeyspaceRequest
	(*v23.ForceCutOverSchemaMigrationRequest)(nil),  // 32: vitess.vtctldata.v23.ForceCutOverSchemaMigrationRequest
	(*v23.GetBackupsRequest)(nil),                   // 33: vitess.vtctldata.v23.GetBackupsRequest
	(*v23.GetCellInfoRequest)(nil),                  // 34: vitess.vtctldata.v23.GetCellInfoRequest
	(*v23.GetCellInfoNamesRequest)(nil),             // 35: vitess.vtctldata.v23.GetCellInfoNamesRequest
	(*v23.GetCellsAliasesRequest)(nil),              // 36: vitess.vtctldata.v23.GetCellsAliasesRequest
	(*v23.GetFullStatusRequest)(nil),                // 37: vitess.vtctldata.v23.GetFullStatusRequest
	(*v23.GetKeyspaceRequest)(nil),                  // 38: vitess.vtctldata.v23.GetKeyspaceRequest
	(*v23.GetKeyspacesRequest)(nil),                 // 39: vitess.vtctldata.v23.GetKeyspacesRequest
	(*v23.GetKeyspaceRoutingRulesRequest)(nil),      // 40: vitess.vtctldata.v23.GetKeyspaceRoutingRulesRequest
	(*v23.GetPermissionsRequest)(nil),               // 41: vitess.vtctldata.v23.GetPermissionsRequest
	(*v23.GetRoutingRulesRequest)(nil),              // 42: vitess.vtctldata.v23.GetRoutingRulesRequest
	(*v23.GetSchemaRequest)(nil),                    // 43: vitess.vtctldata.v23.GetSchemaRequest
	(*v23.GetSchemaMigrationsRequest)(nil),          // 44: vitess.vtctldata.v23.GetSchemaMigrationsRequest
	(*v23.GetShardReplicationRequest)(nil),          // 45: vitess.vtctldata.v23.GetShardReplicationRequest
	(*v23.GetShardRequest)(nil),                     // 46: vitess.vtctldata.v23.GetShardRequest
	(*v23.GetShardRoutingRulesRequest)(nil),         // 47: vitess.vtctldata.v23.GetShardRoutingRulesRequest
	(*v23.GetSrvKeyspaceNamesRequest)(nil),          // 48: vitess.vtctldata.v23.GetSrvKeyspaceNamesRequest
	(*v23.GetSrvKeyspacesRequest)(nil),              // 49: vitess.vtctldata.v23.GetSrvKeyspacesRequest
	(*v23.UpdateThrottlerConfigRequest)(nil),        // 50: vitess.vtctldata.v23.UpdateThrottlerConfigRequest
	(*v23.GetSrvVSchemaRequest)(nil),                // 51: vitess.vtctldata.v23.GetSrvVSchemaRequest
	(*v23.GetSrvVSchemasRequest)(nil),               // 52: vitess.vtctldata.v23.GetSrvVSchemasRequest
	(*v23.GetTabletRequest)(nil),                    // 53: vitess.vtctldata.v23.GetTabletRequest
	(*v23.GetTabletsRequest)(nil),                   // 54: vitess.vtctldata.v23.GetTabletsRequest
	(*v23.GetThrottlerStatusRequest)(nil),           // 55: vitess.vtctldata.v23.GetThrottlerStatusRequest
	(*v23.GetTopologyPathRequest)(nil),              // 56: vitess.vtctldata.v23.GetTopologyPathRequest
	(*v23.GetTransactionInfoRequest)(nil),           // 57: vitess.vtctldata.v23.GetTransactionInfoRequest
	(*v23.GetUnresolvedTransactionsRequest)(nil),    // 58: vitess.vtctldata.v23.GetUnresolvedTransactionsRequest
	(*v23.GetVersionRequest)(nil),                   // 59: vitess.vtctldata.v23.GetVersionRequest
	(*v23.GetVSchemaRequest)(nil),                   // 60: vitess.vtctldata.v23.GetVSchemaRequest
	(*v23.GetWorkflowsRequest)(nil),                 // 61: vitess.vtctldata.v23.GetWorkflowsRequest
	(*v23.InitShardPrimaryRequest)(nil),             // 62: vitess.vtctldata.v23.InitShardPrimaryRequest
	(*v23.LaunchSchemaMigrationRequest)(nil),        // 63: vitess.vtctldata.v23.LaunchSchemaMigrationRequest
	(*v23.LookupVindexCompleteRequest)(nil),         // 64: vitess.vtctldata.v23.LookupVindexCompleteRequest
	(*v23.LookupVindexCreateRequest)(nil),           // 65: vitess.vtctldata.v23.LookupVindexCreateRequest
	(*v23.LookupVindexExternalizeRequest)(nil),      // 66: vitess.vtctldata.v23.LookupVindexExternalizeRequest
	(*v23.LookupVindexInternalizeRequest)(nil),      // 67: vitess.vtctldata.v23.LookupVindexInternalizeRequest
	(*v23.MaterializeCreateRequest)(nil),            // 68: vitess.vtctldata.v23.MaterializeCreateRequest
	(*v23.WorkflowAddTablesRequest)(nil),            // 69: vitess.vtctldata.v23.WorkflowAddTablesRequest
	(*v23.MigrateCreateRequest)(nil),                // 70: vitess.vtctldata.v23.MigrateCreateRequest
	(*v23.MountRegisterRequest)(nil),                // 71: vitess.vtctldata.v23.MountRegisterRequest
	(*v23.MountUnregisterRequest)(nil),              // 72: vitess.vtctldata.v23.MountUnregisterRequest
	(*v23.MountShowRequest)(nil),                    // 73: vitess.vtctldata.v23.MountShowRequest
	(*v23.MountListRequest)(nil),                    // 74: vitess.vtctldata.v23.MountListRequest
	(*v23.MoveTablesCreateRequest)(nil),             // 75: vitess.vtctldata.v23.MoveTablesCreateRequest
	(*v23.MoveTablesCompleteRequest)(nil),           // 76: vitess.vtctldata.v23.MoveTablesCompleteRequest
	(*v23.PingTabletRequest)(nil),                   // 77: vitess.vtctldata.v23.PingTabletRequest
	(*v23.PlannedReparentShardRequest)(nil),         // 78: vitess.vtctldata.v23.PlannedReparentShardRequest
	(*v23.RebuildKeyspaceGraphRequest)(nil),         // 79: vitess.vtctldata.v23.RebuildKeyspaceGraphRequest
	(*v23.RebuildVSchemaGraphRequest)(nil),          // 80: vitess.vtctldata.v23.RebuildVSchemaGraphRequest
	(*v23.RefreshStateRequest)(nil),                 // 81: vitess.vtctldata.v23.RefreshStateRequest
	(*v23.RefreshStateByShardRequest)(nil),          // 82: vitess.vtctldata.v23.RefreshStateByShardRequest
	(*v23.ReloadSchemaRequest)(nil),                 // 83: vitess.vtctldata.v23.ReloadSchemaRequest
	(*v23.ReloadSchemaKeyspaceRequest)(nil),         // 84: vitess.vtctldata.v23.ReloadSchemaKeyspaceRequest
	(*v23.ReloadSchemaShardRequest)(nil),            // 85: vitess.vtctldata.v23.ReloadSchemaShardRequest
	(*v23.RemoveBackupRequest)(nil),                 // 86: vitess.vtctldata.v23.RemoveBackupRequest
	(*v23.RemoveKeyspaceCellRequest)(nil),           // 87: vitess.vtctldata.v23.RemoveKeyspaceCellRequest
	(*v23.RemoveShardCellRequest)(nil),              // 88: vitess.vtctldata.v23.RemoveShardCellRequest
	(*v23.ReparentTabletRequest)(nil),               // 89: vitess.vtctldata.v23.ReparentTabletRequest
	(*v23.ReshardCreateRequest)(nil),                // 90: vitess.vtctldata.v23.ReshardCreateRequest
	(*v23.RestoreFromBackupRequest)(nil),            // 91: vitess.vtctldata.v23.RestoreFromBackupRequest
	(*v23.RetrySchemaMigrationRequest)(nil),         // 92: vitess.vtctldata.v23.RetrySchemaMigrationRequest
	(*v23.RunHealthCheckRequest)(nil),               // 93: vitess.vtctldata.v23.RunHealthCheckRequest
	(*v23.SetKeyspaceDurabilityPolicyRequest)(nil),  // 94: vitess.vtctldata.v23.SetKeyspaceDurabilityPolicyRequest
	(*v23.SetShardIsPrimaryServingRequest)(nil),     // 95: vitess.vtctldata.v23.SetShardIsPrimaryServingRequest
	(*v23.SetShardTabletControlRequest)(nil),        // 96: vitess.vtctldata.v23.SetShardTabletControlRequest
	(*v23.SetVtorcEmergencyReparentRequest)(nil),    // 97: vitess.vtctldata.v23.SetVtorcEmergencyReparentRequest
	(*v23.SetWritableRequest)(nil),                  // 98: vitess.vtctldata.v23.SetWritableRequest
	(*v23.ShardReplicationAddRequest)(nil),          // 99: vitess.vtctldata.v23.ShardReplicationAddRequest
	(*v23.ShardReplicationFixRequest)(nil),          // 100: vitess.vtctldata.v23.ShardReplicationFixRequest
	(*v23.ShardReplicationPositionsRequest)(nil),    // 101: vitess.vtctldata.v23.ShardReplicationPositionsRequest
	(*v23.ShardReplicationRemoveRequest)(nil),       // 102: vitess.vtctldata.v23.ShardReplicationRemoveRequest
	(*v23.SleepTabletRequest)(nil),                  // 103: vitess.vtctldata.v23.SleepTabletRequest
	(*v23.SourceShardAddRequest)(nil),               // 104: vitess.vtctldata.v23.SourceShardAddRequest
	(*v23.SourceShardDeleteRequest)(nil),            // 105: vitess.vtctldata.v23.SourceShardDeleteRequest
	(*v23.StartReplicationRequest)(nil),             // 106: vitess.vtctldata.v23.StartReplicationRequest
	(*v23.StopReplicationRequest)(nil),              // 107: vitess.vtctldata.v23.StopReplicationRequest
	(*v23.TabletExternallyReparentedRequest)(nil),   // 108: vitess.vtctldata.v23.TabletExternallyReparentedRequest
	(*v23.UpdateCellInfoRequest)(nil),               // 109: vitess.vtctldata.v23.UpdateCellInfoRequest
	(*v23.UpdateCellsAliasRequest)(nil),             // 110: vitess.vtctldata.v23.UpdateCellsAliasRequest
	(*v23.ValidateRequest)(nil),                     // 111: vitess.vtctldata.v23.ValidateRequest
	(*v23.ValidateKeyspaceRequest)(nil),             // 112: vitess.vtctldata.v23.ValidateKeyspaceRequest
	(*v23.ValidatePermissionsKeyspaceRequest)(nil),  // 113: vitess.vtctldata.v23.ValidatePermissionsKeyspaceRequest
	(*v23.ValidateSchemaKeyspaceRequest)(nil),       // 114: vitess.vtctldata.v23.ValidateSchemaKeyspaceRequest
	(*v23.ValidateShardRequest)(nil),                // 115: vitess.vtctldata.v23.ValidateShardRequest
	(*v23.ValidateVersionKeyspaceRequest)(nil),      // 116: vitess.vtctldata.v23.ValidateVersionKeyspaceRequest
	(*v23.ValidateVersionShardRequest)(nil),         // 117: vitess.vtctldata.v23.ValidateVersionShardRequest
	(*v23.ValidateVSchemaRequest)(nil),              // 118: vitess.vtctldata.v23.ValidateVSchemaRequest
	(*v23.VDiffCreateRequest)(nil),                  // 119: vitess.vtctldata.v23.VDiffCreateRequest
	(*v23.VDiffDeleteRequest)(nil),                  // 120: vitess.vtctldata.v23.VDiffDeleteRequest
	(*v23.VDiffResumeRequest)(nil),                  // 121: vitess.vtctldata.v23.VDiffResumeRequest
	(*v23.VDiffShowRequest)(nil),                    // 122: vitess.vtctldata.v23.VDiffShowRequest
	(*v23.VDiffStopRequest)(nil),                    // 123: vitess.vtctldata.v23.VDiffStopRequest
	(*v23.WorkflowDeleteRequest)(nil),               // 124: vitess.vtctldata.v23.WorkflowDeleteRequest
	(*v23.WorkflowStatusRequest)(nil),               // 125: vitess.vtctldata.v23.WorkflowStatusRequest
	(*v23.WorkflowSwitchTrafficRequest)(nil),        // 126: vitess.vtctldata.v23.WorkflowSwitchTrafficRequest
	(*v23.WorkflowUpdateRequest)(nil),               // 127: vitess.vtctldata.v23.WorkflowUpdateRequest
	(*v23.GetMirrorRulesRequest)(nil),               // 128: vitess.vtctldata.v23.GetMirrorRulesRequest
	(*v23.WorkflowMirrorTrafficRequest)(nil),        // 129: vitess.vtctldata.v23.WorkflowMirrorTrafficRequest
	(*v23.ExecuteVtctlCommandResponse)(nil),         // 130: vitess.vtctldata.v23.ExecuteVtctlCommandResponse
	(*v23.AddCellInfoResponse)(nil),                 // 131: vitess.vtctldata.v23.AddCellInfoResponse
	(*v23.AddCellsAliasResponse)(nil),               // 132: vitess.vtctldata.v23.AddCellsAliasResponse
	(*v23.ApplyRoutingRulesResponse)(nil),           // 133: vitess.vtctldata.v23.ApplyRoutingRulesResponse
	(*v23.ApplySchemaResponse)(nil),                 // 134: vitess.vtctldata.v23.ApplySchemaResponse
	(*v23.ApplyKeyspaceRoutingRulesResponse)(nil),   // 135: vitess.vtctldata.v23.ApplyKeyspaceRoutingRulesResponse
	(*v23.ApplyShardRoutingRulesResponse)(nil),      // 136: vitess.vtctldata.v23.ApplyShardRoutingRulesResponse
	(*v23.ApplyVSchemaResponse)(nil),                // 137: vitess.vtctldata.v23.ApplyVSchemaResponse
	(*v23.BackupResponse)(nil),                      // 138: vitess.vtctldata.v23.BackupResponse
	(*v23.CancelSchemaMigrationResponse)(nil),       // 139: vitess.vtctldata.v23.CancelSchemaMigrationResponse
	(*v23.ChangeTabletTagsResponse)(nil),            // 140: vitess.vtctldata.v23.ChangeTabletTagsResponse
	(*v23.ChangeTabletTypeResponse)(nil),            // 141: vitess.vtctldata.v23.ChangeTabletTypeResponse
	(*v23.CheckThrottlerResponse)(nil),              // 142: vitess.vtctldata.v23.CheckThrottlerResponse
	(*v23.CleanupSchemaMigrationResponse)(nil),      // 143: vitess.vtctldata.v23.CleanupSchemaMigrationResponse
	(*v23.CompleteSchemaMigrationResponse)(nil),     // 144: vitess.vtctldata.v23.CompleteSchemaMigrationResponse
	(*v23.ConcludeTransactionResponse)(nil),         // 145: vitess.vtctldata.v23.ConcludeTransactionResponse
	(*v23.CopySchemaShardResponse)(nil),             // 146: vitess.vtctldata.v23.CopySchemaShardResponse
	(*v23.CreateKeyspaceResponse)(nil),              // 147: vitess.vtctldata.v23.CreateKeyspaceResponse
	(*v23.CreateShardResponse)(nil),                 // 148: vitess.vtctldata.v23.CreateShardResponse
	(*v23.DeleteCellInfoResponse)(nil),              // 149: vitess.vtctldata.v23.DeleteCellInfoResponse
	(*v23.DeleteCellsAliasResponse)(nil),            // 150: vitess.vtctldata.v23.DeleteCellsAliasResponse
	(*v23.DeleteKeyspaceResponse)(nil),              // 151: vitess.vtctldata.v23.DeleteKeyspaceResponse
	(*v23.DeleteShardsResponse)(nil),                // 152: vitess.vtctldata.v23.DeleteShardsResponse
	(*v23.DeleteSrvVSchemaResponse)(nil),            // 153: vitess.vtctldata.v23.DeleteSrvVSchemaResponse
	(*v23.DeleteTabletsResponse)(nil),               // 154: vitess.vtctldata.v23.DeleteTabletsResponse
	(*v23.EmergencyReparentShardResponse)(nil),      // 155: vitess.vtctldata.v23.EmergencyReparentShardResponse
	(*v23.ExecuteFetchAsAppResponse)(nil),           // 156: vitess.vtctldata.v23.ExecuteFetchAsAppResponse
	(*v23.ExecuteFetchAsDBAResponse)(nil),           // 157: vitess.vtctldata.v23.ExecuteFetchAsDBAResponse
	(*v23.ExecuteHookResponse)(nil),                 // 158: vitess.vtctldata.v23.ExecuteHookResponse
	(*v23.ExecuteMultiFetchAsDBAResponse)(nil),      // 159: vitess.vtctldata.v23.ExecuteMultiFetchAsDBAResponse
	(*v23.FindAllShardsInKeyspaceResponse)(nil),     // 160: vitess.vtctldata.v23.FindAllShardsInKeyspaceResponse
	(*v23.ForceCutOverSchemaMigrationResponse)(nil), // 161: vitess.vtctldata.v23.ForceCutOverSchemaMigrationResponse
	(*v23.GetBackupsResponse)(nil),                  // 162: vitess.vtctldata.v23.GetBackupsResponse
	(*v23.GetCellInfoResponse)(nil),                 // 163: vitess.vtctldata.v23.GetCellInfoResponse
	(*v23.GetCellInfoNamesResponse)(nil),            // 164: vitess.vtctldata.v23.GetCellInfoNamesResponse
	(*v23.GetCellsAliasesResponse)(nil),             // 165: vitess.vtctldata.v23.GetCellsAliasesResponse
	(*v23.GetFullStatusResponse)(nil),               // 166: vitess.vtctldata.v23.GetFullStatusResponse
	(*v23.GetKeyspaceResponse)(nil),                 // 167: vitess.vtctldata.v23.GetKeyspaceResponse
	(*v23.GetKeyspacesResponse)(nil),                // 168: vitess.vtctldata.v23.GetKeyspacesResponse
	(*v23.GetKeyspaceRoutingRulesResponse)(nil),     // 169: vitess.vtctldata.v23.GetKeyspaceRoutingRulesResponse
	(*v23.GetPermissionsResponse)(nil),              // 170: vitess.vtctldata.v23.GetPermissionsResponse
	(*v23.GetRoutingRulesResponse)(nil),             // 171: vitess.vtctldata.v23.GetRoutingRulesResponse
	(*v23.GetSchemaResponse)(nil),                   // 172: vitess.vtctldata.v23.GetSchemaResponse
	(*v23.GetSchemaMigrationsResponse)(nil),         // 173: vitess.vtctldata.v23.GetSchemaMigrationsResponse
	(*v23.GetShardReplicationResponse)(nil),         // 174: vitess.vtctldata.v23.GetShardReplicationResponse
	(*v23.GetShardResponse)(nil),                    // 175: vitess.vtctldata.v23.GetShardResponse
	(*v23.GetShardRoutingRulesResponse)(nil),        // 176: vitess.vtctldata.v23.GetShardRoutingRulesResponse
	(*v23.GetSrvKeyspaceNamesResponse)(nil),         // 177: vitess.vtctldata.v23.GetSrvKeyspaceNamesResponse
	(*v23.GetSrvKeyspacesResponse)(nil),             // 178: vitess.vtctldata.v23.GetSrvKeyspacesResponse
	(*v23.UpdateThrottlerConfigResponse)(nil),       // 179: vitess.vtctldata.v23.UpdateThrottlerConfigResponse
	(*v23.GetSrvVSchemaResponse)(nil),               // 180: vitess.vtctldata.v23.GetSrvVSchemaResponse
	(*v23.GetSrvVSchemasResponse)(nil),              // 181: vitess.vtctldata.v23.GetSrvVSchemasResponse
	(*v23.GetTabletResponse)(nil),                   // 182: vitess.vtctldata.v23.GetTabletResponse
	(*v23.GetTabletsResponse)(nil),                  // 183: vitess.vtctldata.v23.GetTabletsResponse
	(*v23.GetThrottlerStatusResponse)(nil),          // 184: vitess.vtctldata.v23.GetThrottlerStatusResponse
	(*v23.GetTopologyPathResponse)(nil),             // 185: vitess.vtctldata.v23.GetTopologyPathResponse
	(*v23.GetTransactionInfoResponse)(nil),          // 186: vitess.vtctldata.v23.GetTransactionInfoResponse
	(*v23.GetUnresolvedTransactionsResponse)(nil),   // 187: vitess.vtctldata.v23.GetUnresolvedTransactionsResponse
	(*v23.GetVersionResponse)(nil),                  // 188: vitess.vtctldata.v23.GetVersionResponse
	(*v23.GetVSchemaResponse)(nil),                  // 189: vitess.vtctldata.v23.GetVSchemaResponse
	(*v23.GetWorkflowsResponse)(nil),                // 190: vitess.vtctldata.v23.GetWorkflowsResponse
	(*v23.InitShardPrimaryResponse)(nil),            // 191: vitess.vtctldata.v23.InitShardPrimaryResponse
	(*v23.LaunchSchemaMigrationResponse)(nil),       // 192: vitess.vtctldata.v23.LaunchSchemaMigrationResponse
	(*v23.LookupVindexCompleteResponse)(nil),        // 193: vitess.vtctldata.v23.LookupVindexCompleteResponse
	(*v23.LookupVindexCreateResponse)(nil),          // 194: vitess.vtctldata.v23.LookupVindexCreateResponse
	(*v23.LookupVindexExternalizeResponse)(nil),     // 195: vitess.vtctldata.v23.LookupVindexExternalizeResponse
	(*v23.LookupVindexInternalizeResponse)(nil),     // 196: vitess.vtctldata.v23.LookupVindexInternalizeResponse
	(*v23.MaterializeCreateResponse)(nil),           // 197: vitess.vtctldata.v23.MaterializeCreateResponse
	(*v23.WorkflowAddTablesResponse)(nil),           // 198: vitess.vtctldata.v23.WorkflowAddTablesResponse
	(*v23.WorkflowStatusResponse)(nil),              // 199: vitess.vtctldata.v23.WorkflowStatusResponse
	(*v23.MountRegisterResponse)(nil),               // 200: vitess.vtctldata.v23.MountRegisterResponse
	(*v23.MountUnregisterResponse)(nil),             // 201: vitess.vtctldata.v23.MountUnregisterResponse
	(*v23.MountShowResponse)(nil),                   // 202: vitess.vtctldata.v23.MountShowResponse
	(*v23.MountListResponse)(nil),                   // 203: vitess.vtctldata.v23.MountListResponse
	(*v23.MoveTablesCompleteResponse)(nil),          // 204: vitess.vtctldata.v23.MoveTablesCompleteResponse
	(*v23.PingTabletResponse)(nil),                  // 205: vitess.vtctldata.v23.PingTabletResponse
	(*v23.PlannedReparentShardResponse)(nil),        // 206: vitess.vtctldata.v23.PlannedReparentShardResponse
	(*v23.RebuildKeyspaceGraphResponse)(nil),        // 207: vitess.vtctldata.v23.RebuildKeyspaceGraphResponse
	(*v23.RebuildVSchemaGraphResponse)(nil),         // 208: vitess.vtctldata.v23.RebuildVSchemaGraphResponse
	(*v23.RefreshStateResponse)(nil),                // 209: vitess.vtctldata.v23.RefreshStateResponse
	(*v23.RefreshStateByShardResponse)(nil),         // 210: vitess.vtctldata.v23.RefreshStateByShardResponse
	(*v23.ReloadSchemaResponse)(nil),                // 211: vitess.vtctldata.v23.ReloadSchemaResponse
	(*v23.ReloadSchemaKeyspaceResponse)(nil),        // 212: vitess.vtctldata.v23.ReloadSchemaKeyspaceResponse
	(*v23.ReloadSchemaShardResponse)(nil),           // 213: vitess.vtctldata.v23.ReloadSchemaShardResponse
	(*v23.RemoveBackupResponse)(nil),                // 214: vitess.vtctldata.v23.RemoveBackupResponse
	(*v23.RemoveKeyspaceCellResponse)(nil),          // 215: vitess.vtctldata.v23.RemoveKeyspaceCellResponse
	(*v23.RemoveShardCellResponse)(nil),             // 216: vitess.vtctldata.v23.RemoveShardCellResponse
	(*v23.ReparentTabletResponse)(nil),              // 217: vitess.vtctldata.v23.ReparentTabletResponse
	(*v23.RestoreFromBackupResponse)(nil),           // 218: vitess.vtctldata.v23.RestoreFromBackupResponse
	(*v23.RetrySchemaMigrationResponse)(nil),        // 219: vitess.vtctldata.v23.RetrySchemaMigrationResponse
	(*v23.RunHealthCheckResponse)(nil),              // 220: vitess.vtctldata.v23.RunHealthCheckResponse
	(*v23.SetKeyspaceDurabilityPolicyResponse)(nil), // 221: vitess.vtctldata.v23.SetKeyspaceDurabilityPolicyResponse
	(*v23.SetShardIsPrimaryServingResponse)(nil),    // 222: vitess.vtctldata.v23.SetShardIsPrimaryServingResponse
	(*v23.SetShardTabletControlResponse)(nil),       // 223: vitess.vtctldata.v23.SetShardTabletControlResponse
	(*v23.SetVtorcEmergencyReparentResponse)(nil),   // 224: vitess.vtctldata.v23.SetVtorcEmergencyReparentResponse
	(*v23.SetWritableResponse)(nil),                 // 225: vitess.vtctldata.v23.SetWritableResponse
	(*v23.ShardReplicationAddResponse)(nil),         // 226: vitess.vtctldata.v23.ShardReplicationAddResponse
	(*v23.ShardReplicationFixResponse)(nil),         // 227: vitess.vtctldata.v23.ShardReplicationFixResponse
	(*v23.ShardReplicationPositionsResponse)(nil),   // 228: vitess.vtctldata.v23.ShardReplicationPositionsResponse
	(*v23.ShardReplicationRemoveResponse)(nil),      // 229: vitess.vtctldata.v23.ShardReplicationRemoveResponse
	(*v23.SleepTabletResponse)(nil),                 // 230: vitess.vtctldata.v23.SleepTabletResponse
	(*v23.SourceShardAddResponse)(nil),              // 231: vitess.vtctldata.v23.SourceShardAddResponse
	(*v23.SourceShardDeleteResponse)(nil),           // 232: vitess.vtctldata.v23.SourceShardDeleteResponse
	(*v23.StartReplicationResponse)(nil),            // 233: vitess.vtctldata.v23.StartReplicationResponse
	(*v23.StopReplicationResponse)(nil),             // 234: vitess.vtctldata.v23.StopReplicationResponse
	(*v23.TabletExternallyReparentedResponse)(nil),  // 235: vitess.vtctldata.v23.TabletExternallyReparentedResponse
	(*v23.UpdateCellInfoResponse)(nil),              // 236: vitess.vtctldata.v23.UpdateCellInfoResponse
	(*v23.UpdateCellsAliasResponse)(nil),            // 237: vitess.vtctldata.v23.UpdateCellsAliasResponse
	(*v23.ValidateResponse)(nil),                    // 238: vitess.vtctldata.v23.ValidateResponse
	(*v23.ValidateKeyspaceResponse)(nil),            // 239: vitess.vtctldata.v23.ValidateKeyspaceResponse
	(*v23.ValidatePermissionsKeyspaceResponse)(nil), // 240: vitess.vtctldata.v23.ValidatePermissionsKeyspaceResponse
	(*v23.ValidateSchemaKeyspaceResponse)(nil),      // 241: vitess.vtctldata.v23.ValidateSchemaKeyspaceResponse
	(*v23.ValidateShardResponse)(nil),               // 242: vitess.vtctldata.v23.ValidateShardResponse
	(*v23.ValidateVersionKeyspaceResponse)(nil),     // 243: vitess.vtctldata.v23.ValidateVersionKeyspaceResponse
	(*v23.ValidateVersionShardResponse)(nil),        // 244: vitess.vtctldata.v23.ValidateVersionShardResponse
	(*v23.ValidateVSchemaResponse)(nil),             // 245: vitess.vtctldata.v23.ValidateVSchemaResponse
	(*v23.VDiffCreateResponse)(nil),                 // 246: vitess.vtctldata.v23.VDiffCreateResponse
	(*v23.VDiffDeleteResponse)(nil),                 // 247: vitess.vtctldata.v23.VDiffDeleteResponse
	(*v23.VDiffResumeResponse)(nil),                 // 248: vitess.vtctldata.v23.VDiffResumeResponse
	(*v23.VDiffShowResponse)(nil),                   // 249: vitess.vtctldata.v23.VDiffShowResponse
	(*v23.VDiffStopResponse)(nil),                   // 250: vitess.vtctldata.v23.VDiffStopResponse
	(*v23.WorkflowDeleteResponse)(nil),              // 251: vitess.vtctldata.v23.WorkflowDeleteResponse
	(*v23.WorkflowSwitchTrafficResponse)(nil),       // 252: vitess.vtctldata.v23.WorkflowSwitchTrafficResponse
	(*v23.WorkflowUpdateResponse)(nil),              // 253: vitess.vtctldata.v23.WorkflowUpdateResponse
	(*v23.GetMirrorRulesResponse)(nil),              // 254: vitess.vtctldata.v23.GetMirrorRulesResponse
	(*v23.WorkflowMirrorTrafficResponse)(nil),       // 255: vitess.vtctldata.v23.WorkflowMirrorTrafficResponse
}
var file_vitess_vtctlservice_v23_vtctlservice_proto_depIdxs = []int32{
	0,   // 0: vitess.vtctlservice.v23.Vtctl.ExecuteVtctlCommand:input_type -> vitess.vtctldata.v23.ExecuteVtctlCommandRequest
	1,   // 1: vitess.vtctlservice.v23.Vtctld.AddCellInfo:input_type -> vitess.vtctldata.v23.AddCellInfoRequest
	2,   // 2: vitess.vtctlservice.v23.Vtctld.AddCellsAlias:input_type -> vitess.vtctldata.v23.AddCellsAliasRequest
	3,   // 3: vitess.vtctlservice.v23.Vtctld.ApplyRoutingRules:input_type -> vitess.vtctldata.v23.ApplyRoutingRulesRequest
	4,   // 4: vitess.vtctlservice.v23.Vtctld.ApplySchema:input_type -> vitess.vtctldata.v23.ApplySchemaRequest
	5,   // 5: vitess.vtctlservice.v23.Vtctld.ApplyKeyspaceRoutingRules:input_type -> vitess.vtctldata.v23.ApplyKeyspaceRoutingRulesRequest
	6,   // 6: vitess.vtctlservice.v23.Vtctld.ApplyShardRoutingRules:input_type -> vitess.vtctldata.v23.ApplyShardRoutingRulesRequest
	7,   // 7: vitess.vtctlservice.v23.Vtctld.ApplyVSchema:input_type -> vitess.vtctldata.v23.ApplyVSchemaRequest
	8,   // 8: vitess.vtctlservice.v23.Vtctld.Backup:input_type -> vitess.vtctldata.v23.BackupRequest
	9,   // 9: vitess.vtctlservice.v23.Vtctld.BackupShard:input_type -> vitess.vtctldata.v23.BackupShardRequest
	10,  // 10: vitess.vtctlservice.v23.Vtctld.CancelSchemaMigration:input_type -> vitess.vtctldata.v23.CancelSchemaMigrationRequest
	11,  // 11: vitess.vtctlservice.v23.Vtctld.ChangeTabletTags:input_type -> vitess.vtctldata.v23.ChangeTabletTagsRequest
	12,  // 12: vitess.vtctlservice.v23.Vtctld.ChangeTabletType:input_type -> vitess.vtctldata.v23.ChangeTabletTypeRequest
	13,  // 13: vitess.vtctlservice.v23.Vtctld.CheckThrottler:input_type -> vitess.vtctldata.v23.CheckThrottlerRequest
	14,  // 14: vitess.vtctlservice.v23.Vtctld.CleanupSchemaMigration:input_type -> vitess.vtctldata.v23.CleanupSchemaMigrationRequest
	15,  // 15: vitess.vtctlservice.v23.Vtctld.CompleteSchemaMigration:input_type -> vitess.vtctldata.v23.CompleteSchemaMigrationRequest
	16,  // 16: vitess.vtctlservice.v23.Vtctld.ConcludeTransaction:input_type -> vitess.vtctldata.v23.ConcludeTransactionRequest
	17,  // 17: vitess.vtctlservice.v23.Vtctld.CopySchemaShard:input_type -> vitess.vtctldata.v23.CopySchemaShardRequest
	18,  // 18: vitess.vtctlservice.v23.Vtctld.CreateKeyspace:input_type -> vitess.vtctldata.v23.CreateKeyspaceRequest
	19,  // 19: vitess.vtctlservice.v23.Vtctld.CreateShard:input_type -> vitess.vtctldata.v23.CreateShardRequest
	20,  // 20: vitess.vtctlservice.v23.Vtctld.DeleteCellInfo:input_type -> vitess.vtctldata.v23.DeleteCellInfoRequest
	21,  // 21: vitess.vtctlservice.v23.Vtctld.DeleteCellsAlias:input_type -> vitess.vtctldata.v23.DeleteCellsAliasRequest
	22,  // 22: vitess.vtctlservice.v23.Vtctld.DeleteKeyspace:input_type -> vitess.vtctldata.v23.DeleteKeyspaceRequest
	23,  // 23: vitess.vtctlservice.v23.Vtctld.DeleteShards:input_type -> vitess.vtctldata.v23.DeleteShardsRequest
	24,  // 24: vitess.vtctlservice.v23.Vtctld.DeleteSrvVSchema:input_type -> vitess.vtctldata.v23.DeleteSrvVSchemaRequest
	25,  // 25: vitess.vtctlservice.v23.Vtctld.DeleteTablets:input_type -> vitess.vtctldata.v23.DeleteTabletsRequest
	26,  // 26: vitess.vtctlservice.v23.Vtctld.EmergencyReparentShard:input_type -> vitess.vtctldata.v23.EmergencyReparentShardRequest
	27,  // 27: vitess.vtctlservice.v23.Vtctld.ExecuteFetchAsApp:input_type -> vitess.vtctldata.v23.ExecuteFetchAsAppRequest
	28,  // 28: vitess.vtctlservice.v23.Vtctld.ExecuteFetchAsDBA:input_type -> vitess.vtctldata.v23.ExecuteFetchAsDBARequest
	29,  // 29: vitess.vtctlservice.v23.Vtctld.ExecuteHook:input_type -> vitess.vtctldata.v23.ExecuteHookRequest
	30,  // 30: vitess.vtctlservice.v23.Vtctld.ExecuteMultiFetchAsDBA:input_type -> vitess.vtctldata.v23.ExecuteMultiFetchAsDBARequest
	31,  // 31: vitess.vtctlservice.v23.Vtctld.FindAllShardsInKeyspace:input_type -> vitess.vtctldata.v23.FindAllShardsInKeyspaceRequest
	32,  // 32: vitess.vtctlservice.v23.Vtctld.ForceCutOverSchemaMigration:input_type -> vitess.vtctldata.v23.ForceCutOverSchemaMigrationRequest
	33,  // 33: vitess.vtctlservice.v23.Vtctld.GetBackups:input_type -> vitess.vtctldata.v23.GetBackupsRequest
	34,  // 34: vitess.vtctlservice.v23.Vtctld.GetCellInfo:input_type -> vitess.vtctldata.v23.GetCellInfoRequest
	35,  // 35: vitess.vtctlservice.v23.Vtctld.GetCellInfoNames:input_type -> vitess.vtctldata.v23.GetCellInfoNamesRequest
	36,  // 36: vitess.vtctlservice.v23.Vtctld.GetCellsAliases:input_type -> vitess.vtctldata.v23.GetCellsAliasesRequest
	37,  // 37: vitess.vtctlservice.v23.Vtctld.GetFullStatus:input_type -> vitess.vtctldata.v23.GetFullStatusRequest
	38,  // 38: vitess.vtctlservice.v23.Vtctld.GetKeyspace:input_type -> vitess.vtctldata.v23.GetKeyspaceRequest
	39,  // 39: vitess.vtctlservice.v23.Vtctld.GetKeyspaces:input_type -> vitess.vtctldata.v23.GetKeyspacesRequest
	40,  // 40: vitess.vtctlservice.v23.Vtctld.GetKeyspaceRoutingRules:input_type -> vitess.vtctldata.v23.GetKeyspaceRoutingRulesRequest
	41,  // 41: vitess.vtctlservice.v23.Vtctld.GetPermissions:input_type -> vitess.vtctldata.v23.GetPermissionsRequest
	42,  // 42: vitess.vtctlservice.v23.Vtctld.GetRoutingRules:input_type -> vitess.vtctldata.v23.GetRoutingRulesRequest
	43,  // 43: vitess.vtctlservice.v23.Vtctld.GetSchema:input_type -> vitess.vtctldata.v23.GetSchemaRequest
	44,  // 44: vitess.vtctlservice.v23.Vtctld.GetSchemaMigrations:input_type -> vitess.vtctldata.v23.GetSchemaMigrationsRequest
	45,  // 45: vitess.vtctlservice.v23.Vtctld.GetShardReplication:input_type -> vitess.vtctldata.v23.GetShardReplicationRequest
	46,  // 46: vitess.vtctlservice.v23.Vtctld.GetShard:input_type -> vitess.vtctldata.v23.GetShardRequest
	47,  // 47: vitess.vtctlservice.v23.Vtctld.GetShardRoutingRules:input_type -> vitess.vtctldata.v23.GetShardRoutingRulesRequest
	48,  // 48: vitess.vtctlservice.v23.Vtctld.GetSrvKeyspaceNames:input_type -> vitess.vtctldata.v23.GetSrvKeyspaceNamesRequest
	49,  // 49: vitess.vtctlservice.v23.Vtctld.GetSrvKeyspaces:input_type -> vitess.vtctldata.v23.GetSrvKeyspacesRequest
	50,  // 50: vitess.vtctlservice.v23.Vtctld.UpdateThrottlerConfig:input_type -> vitess.vtctldata.v23.UpdateThrottlerConfigRequest
	51,  // 51: vitess.vtctlservice.v23.Vtctld.GetSrvVSchema:input_type -> vitess.vtctldata.v23.GetSrvVSchemaRequest
	52,  // 52: vitess.vtctlservice.v23.Vtctld.GetSrvVSchemas:input_type -> vitess.vtctldata.v23.GetSrvVSchemasRequest
	53,  // 53: vitess.vtctlservice.v23.Vtctld.GetTablet:input_type -> vitess.vtctldata.v23.GetTabletRequest
	54,  // 54: vitess.vtctlservice.v23.Vtctld.GetTablets:input_type -> vitess.vtctldata.v23.GetTabletsRequest
	55,  // 55: vitess.vtctlservice.v23.Vtctld.GetThrottlerStatus:input_type -> vitess.vtctldata.v23.GetThrottlerStatusRequest
	56,  // 56: vitess.vtctlservice.v23.Vtctld.GetTopologyPath:input_type -> vitess.vtctldata.v23.GetTopologyPathRequest
	57,  // 57: vitess.vtctlservice.v23.Vtctld.GetTransactionInfo:input_type -> vitess.vtctldata.v23.GetTransactionInfoRequest
	58,  // 58: vitess.vtctlservice.v23.Vtctld.GetUnresolvedTransactions:input_type -> vitess.vtctldata.v23.GetUnresolvedTransactionsRequest
	59,  // 59: vitess.vtctlservice.v23.Vtctld.GetVersion:input_type -> vitess.vtctldata.v23.GetVersionRequest
	60,  // 60: vitess.vtctlservice.v23.Vtctld.GetVSchema:input_type -> vitess.vtctldata.v23.GetVSchemaRequest
	61,  // 61: vitess.vtctlservice.v23.Vtctld.GetWorkflows:input_type -> vitess.vtctldata.v23.GetWorkflowsRequest
	62,  // 62: vitess.vtctlservice.v23.Vtctld.InitShardPrimary:input_type -> vitess.vtctldata.v23.InitShardPrimaryRequest
	63,  // 63: vitess.vtctlservice.v23.Vtctld.LaunchSchemaMigration:input_type -> vitess.vtctldata.v23.LaunchSchemaMigrationRequest
	64,  // 64: vitess.vtctlservice.v23.Vtctld.LookupVindexComplete:input_type -> vitess.vtctldata.v23.LookupVindexCompleteRequest
	65,  // 65: vitess.vtctlservice.v23.Vtctld.LookupVindexCreate:input_type -> vitess.vtctldata.v23.LookupVindexCreateRequest
	66,  // 66: vitess.vtctlservice.v23.Vtctld.LookupVindexExternalize:input_type -> vitess.vtctldata.v23.LookupVindexExternalizeRequest
	67,  // 67: vitess.vtctlservice.v23.Vtctld.LookupVindexInternalize:input_type -> vitess.vtctldata.v23.LookupVindexInternalizeRequest
	68,  // 68: vitess.vtctlservice.v23.Vtctld.MaterializeCreate:input_type -> vitess.vtctldata.v23.MaterializeCreateRequest
	69,  // 69: vitess.vtctlservice.v23.Vtctld.WorkflowAddTables:input_type -> vitess.vtctldata.v23.WorkflowAddTablesRequest
	70,  // 70: vitess.vtctlservice.v23.Vtctld.MigrateCreate:input_type -> vitess.vtctldata.v23.MigrateCreateRequest
	71,  // 71: vitess.vtctlservice.v23.Vtctld.MountRegister:input_type -> vitess.vtctldata.v23.MountRegisterRequest
	72,  // 72: vitess.vtctlservice.v23.Vtctld.MountUnregister:input_type -> vitess.vtctldata.v23.MountUnregisterRequest
	73,  // 73: vitess.vtctlservice.v23.Vtctld.MountShow:input_type -> vitess.vtctldata.v23.MountShowRequest
	74,  // 74: vitess.vtctlservice.v23.Vtctld.MountList:input_type -> vitess.vtctldata.v23.MountListRequest
	75,  // 75: vitess.vtctlservice.v23.Vtctld.MoveTablesCreate:input_type -> vitess.vtctldata.v23.MoveTablesCreateRequest
	76,  // 76: vitess.vtctlservice.v23.Vtctld.MoveTablesComplete:input_type -> vitess.vtctldata.v23.MoveTablesCompleteRequest
	77,  // 77: vitess.vtctlservice.v23.Vtctld.PingTablet:input_type -> vitess.vtctldata.v23.PingTabletRequest
	78,  // 78: vitess.vtctlservice.v23.Vtctld.PlannedReparentShard:input_type -> vitess.vtctldata.v23.PlannedReparentShardRequest
	79,  // 79: vitess.vtctlservice.v23.Vtctld.RebuildKeyspaceGraph:input_type -> vitess.vtctldata.v23.RebuildKeyspaceGraphRequest
	80,  // 80: vitess.vtctlservice.v23.Vtctld.RebuildVSchemaGraph:input_type -> vitess.vtctldata.v23.RebuildVSchemaGraphRequest
	81,  // 81: vitess.vtctlservice.v23.Vtctld.RefreshState:input_type -> vitess.vtctldata.v23.RefreshStateRequest
	82,  // 82: vitess.vtctlservice.v23.Vtctld.RefreshStateByShard:input_type -> vitess.vtctldata.v23.RefreshStateByShardRequest
	83,  // 83: vitess.vtctlservice.v23.Vtctld.ReloadSchema:input_type -> vitess.vtctldata.v23.ReloadSchemaRequest
	84,  // 84: vitess.vtctlservice.v23.Vtctld.ReloadSchemaKeyspace:input_type -> vitess.vtctldata.v23.ReloadSchemaKeyspaceRequest
	85,  // 85: vitess.vtctlservice.v23.Vtctld.ReloadSchemaShard:input_type -> vitess.vtctldata.v23.ReloadSchemaShardRequest
	86,  // 86: vitess.vtctlservice.v23.Vtctld.RemoveBackup:input_type -> vitess.vtctldata.v23.RemoveBackupRequest
	87,  // 87: vitess.vtctlservice.v23.Vtctld.RemoveKeyspaceCell:input_type -> vitess.vtctldata.v23.RemoveKeyspaceCellRequest
	88,  // 88: vitess.vtctlservice.v23.Vtctld.RemoveShardCell:input_type -> vitess.vtctldata.v23.RemoveShardCellRequest
	89,  // 89: vitess.vtctlservice.v23.Vtctld.ReparentTablet:input_type -> vitess.vtctldata.v23.ReparentTabletRequest
	90,  // 90: vitess.vtctlservice.v23.Vtctld.ReshardCreate:input_type -> vitess.vtctldata.v23.ReshardCreateRequest
	91,  // 91: vitess.vtctlservice.v23.Vtctld.RestoreFromBackup:input_type -> vitess.vtctldata.v23.RestoreFromBackupRequest
	92,  // 92: vitess.vtctlservice.v23.Vtctld.RetrySchemaMigration:input_type -> vitess.vtctldata.v23.RetrySchemaMigrationRequest
	93,  // 93: vitess.vtctlservice.v23.Vtctld.RunHealthCheck:input_type -> vitess.vtctldata.v23.RunHealthCheckRequest
	94,  // 94: vitess.vtctlservice.v23.Vtctld.SetKeyspaceDurabilityPolicy:input_type -> vitess.vtctldata.v23.SetKeyspaceDurabilityPolicyRequest
	95,  // 95: vitess.vtctlservice.v23.Vtctld.SetShardIsPrimaryServing:input_type -> vitess.vtctldata.v23.SetShardIsPrimaryServingRequest
	96,  // 96: vitess.vtctlservice.v23.Vtctld.SetShardTabletControl:input_type -> vitess.vtctldata.v23.SetShardTabletControlRequest
	97,  // 97: vitess.vtctlservice.v23.Vtctld.SetVtorcEmergencyReparent:input_type -> vitess.vtctldata.v23.SetVtorcEmergencyReparentRequest
	98,  // 98: vitess.vtctlservice.v23.Vtctld.SetWritable:input_type -> vitess.vtctldata.v23.SetWritableRequest
	99,  // 99: vitess.vtctlservice.v23.Vtctld.ShardReplicationAdd:input_type -> vitess.vtctldata.v23.ShardReplicationAddRequest
	100, // 100: vitess.vtctlservice.v23.Vtctld.ShardReplicationFix:input_type -> vitess.vtctldata.v23.ShardReplicationFixRequest
	101, // 101: vitess.vtctlservice.v23.Vtctld.ShardReplicationPositions:input_type -> vitess.vtctldata.v23.ShardReplicationPositionsRequest
	102, // 102: vitess.vtctlservice.v23.Vtctld.ShardReplicationRemove:input_type -> vitess.vtctldata.v23.ShardReplicationRemoveRequest
	103, // 103: vitess.vtctlservice.v23.Vtctld.SleepTablet:input_type -> vitess.vtctldata.v23.SleepTabletRequest
	104, // 104: vitess.vtctlservice.v23.Vtctld.SourceShardAdd:input_type -> vitess.vtctldata.v23.SourceShardAddRequest
	105, // 105: vitess.vtctlservice.v23.Vtctld.SourceShardDelete:input_type -> vitess.vtctldata.v23.SourceShardDeleteRequest
	106, // 106: vitess.vtctlservice.v23.Vtctld.StartReplication:input_type -> vitess.vtctldata.v23.StartReplicationRequest
	107, // 107: vitess.vtctlservice.v23.Vtctld.StopReplication:input_type -> vitess.vtctldata.v23.StopReplicationRequest
	108, // 108: vitess.vtctlservice.v23.Vtctld.TabletExternallyReparented:input_type -> vitess.vtctldata.v23.TabletExternallyReparentedRequest
	109, // 109: vitess.vtctlservice.v23.Vtctld.UpdateCellInfo:input_type -> vitess.vtctldata.v23.UpdateCellInfoRequest
	110, // 110: vitess.vtctlservice.v23.Vtctld.UpdateCellsAlias:input_type -> vitess.vtctldata.v23.UpdateCellsAliasRequest
	111, // 111: vitess.vtctlservice.v23.Vtctld.Validate:input_type -> vitess.vtctldata.v23.ValidateRequest
	112, // 112: vitess.vtctlservice.v23.Vtctld.ValidateKeyspace:input_type -> vitess.vtctldata.v23.ValidateKeyspaceRequest
	113, // 113: vitess.vtctlservice.v23.Vtctld.ValidatePermissionsKeyspace:input_type -> vitess.vtctldata.v23.ValidatePermissionsKeyspaceRequest
	114, // 114: vitess.vtctlservice.v23.Vtctld.ValidateSchemaKeyspace:input_type -> vitess.vtctldata.v23.ValidateSchemaKeyspaceRequest
	115, // 115: vitess.vtctlservice.v23.Vtctld.ValidateShard:input_type -> vitess.vtctldata.v23.ValidateShardRequest
	116, // 116: vitess.vtctlservice.v23.Vtctld.ValidateVersionKeyspace:input_type -> vitess.vtctldata.v23.ValidateVersionKeyspaceRequest
	117, // 117: vitess.vtctlservice.v23.Vtctld.ValidateVersionShard:input_type -> vitess.vtctldata.v23.ValidateVersionShardRequest
	118, // 118: vitess.vtctlservice.v23.Vtctld.ValidateVSchema:input_type -> vitess.vtctldata.v23.ValidateVSchemaRequest
	119, // 119: vitess.vtctlservice.v23.Vtctld.VDiffCreate:input_type -> vitess.vtctldata.v23.VDiffCreateRequest
	120, // 120: vitess.vtctlservice.v23.Vtctld.VDiffDelete:input_type -> vitess.vtctldata.v23.VDiffDeleteRequest
	121, // 121: vitess.vtctlservice.v23.Vtctld.VDiffResume:input_type -> vitess.vtctldata.v23.VDiffResumeRequest
	122, // 122: vitess.vtctlservice.v23.Vtctld.VDiffShow:input_type -> vitess.vtctldata.v23.VDiffShowRequest
	123, // 123: vitess.vtctlservice.v23.Vtctld.VDiffStop:input_type -> vitess.vtctldata.v23.VDiffStopRequest
	124, // 124: vitess.vtctlservice.v23.Vtctld.WorkflowDelete:input_type -> vitess.vtctldata.v23.WorkflowDeleteRequest
	125, // 125: vitess.vtctlservice.v23.Vtctld.WorkflowStatus:input_type -> vitess.vtctldata.v23.WorkflowStatusRequest
	126, // 126: vitess.vtctlservice.v23.Vtctld.WorkflowSwitchTraffic:input_type -> vitess.vtctldata.v23.WorkflowSwitchTrafficRequest
	127, // 127: vitess.vtctlservice.v23.Vtctld.WorkflowUpdate:input_type -> vitess.vtctldata.v23.WorkflowUpdateRequest
	128, // 128: vitess.vtctlservice.v23.Vtctld.GetMirrorRules:input_type -> vitess.vtctldata.v23.GetMirrorRulesRequest
	129, // 129: vitess.vtctlservice.v23.Vtctld.WorkflowMirrorTraffic:input_type -> vitess.vtctldata.v23.WorkflowMirrorTrafficRequest
	130, // 130: vitess.vtctlservice.v23.Vtctl.ExecuteVtctlCommand:output_type -> vitess.vtctldata.v23.ExecuteVtctlCommandResponse
	131, // 131: vitess.vtctlservice.v23.Vtctld.AddCellInfo:output_type -> vitess.vtctldata.v23.AddCellInfoResponse
	132, // 132: vitess.vtctlservice.v23.Vtctld.AddCellsAlias:output_type -> vitess.vtctldata.v23.AddCellsAliasResponse
	133, // 133: vitess.vtctlservice.v23.Vtctld.ApplyRoutingRules:output_type -> vitess.vtctldata.v23.ApplyRoutingRulesResponse
	134, // 134: vitess.vtctlservice.v23.Vtctld.ApplySchema:output_type -> vitess.vtctldata.v23.ApplySchemaResponse
	135, // 135: vitess.vtctlservice.v23.Vtctld.ApplyKeyspaceRoutingRules:output_type -> vitess.vtctldata.v23.ApplyKeyspaceRoutingRulesResponse
	136, // 136: vitess.vtctlservice.v23.Vtctld.ApplyShardRoutingRules:output_type -> vitess.vtctldata.v23.ApplyShardRoutingRulesResponse
	137, // 137: vitess.vtctlservice.v23.Vtctld.ApplyVSchema:output_type -> vitess.vtctldata.v23.ApplyVSchemaResponse
	138, // 138: vitess.vtctlservice.v23.Vtctld.Backup:output_type -> vitess.vtctldata.v23.BackupResponse
	138, // 139: vitess.vtctlservice.v23.Vtctld.BackupShard:output_type -> vitess.vtctldata.v23.BackupResponse
	139, // 140: vitess.vtctlservice.v23.Vtctld.CancelSchemaMigration:output_type -> vitess.vtctldata.v23.CancelSchemaMigrationResponse
	140, // 141: vitess.vtctlservice.v23.Vtctld.ChangeTabletTags:output_type -> vitess.vtctldata.v23.ChangeTabletTagsResponse
	141, // 142: vitess.vtctlservice.v23.Vtctld.ChangeTabletType:output_type -> vitess.vtctldata.v23.ChangeTabletTypeResponse
	142, // 143: vitess.vtctlservice.v23.Vtctld.CheckThrottler:output_type -> vitess.vtctldata.v23.CheckThrottlerResponse
	143, // 144: vitess.vtctlservice.v23.Vtctld.CleanupSchemaMigration:output_type -> vitess.vtctldata.v23.CleanupSchemaMigrationResponse
	144, // 145: vitess.vtctlservice.v23.Vtctld.CompleteSchemaMigration:output_type -> vitess.vtctldata.v23.CompleteSchemaMigrationResponse
	145, // 146: vitess.vtctlservice.v23.Vtctld.ConcludeTransaction:output_type -> vitess.vtctldata.v23.ConcludeTransactionResponse
	146, // 147: vitess.vtctlservice.v23.Vtctld.CopySchemaShard:output_type -> vitess.vtctldata.v23.CopySchemaShardResponse
	147, // 148: vitess.vtctlservice.v23.Vtctld.CreateKeyspace:output_type -> vitess.vtctldata.v23.CreateKeyspaceResponse
	148, // 149: vitess.vtctlservice.v23.Vtctld.CreateShard:output_type -> vitess.vtctldata.v23.CreateShardResponse
	149, // 150: vitess.vtctlservice.v23.Vtctld.DeleteCellInfo:output_type -> vitess.vtctldata.v23.DeleteCellInfoResponse
	150, // 151: vitess.vtctlservice.v23.Vtctld.DeleteCellsAlias:output_type -> vitess.vtctldata.v23.DeleteCellsAliasResponse
	151, // 152: vitess.vtctlservice.v23.Vtctld.DeleteKeyspace:output_type -> vitess.vtctldata.v23.DeleteKeyspaceResponse
	152, // 153: vitess.vtctlservice.v23.Vtctld.DeleteShards:output_type -> vitess.vtctldata.v23.DeleteShardsResponse
	153, // 154: vitess.vtctlservice.v23.Vtctld.DeleteSrvVSchema:output_type -> vitess.vtctldata.v23.DeleteSrvVSchemaResponse
	154, // 155: vitess.vtctlservice.v23.Vtctld.DeleteTablets:output_type -> vitess.vtctldata.v23.DeleteTabletsResponse
	155, // 156: vitess.vtctlservice.v23.Vtctld.EmergencyReparentShard:output_type -> vitess.vtctldata.v23.EmergencyReparentShardResponse
	156, // 157: vitess.vtctlservice.v23.Vtctld.ExecuteFetchAsApp:output_type -> vitess.vtctldata.v23.ExecuteFetchAsAppResponse
	157, // 158: vitess.vtctlservice.v23.Vtctld.ExecuteFetchAsDBA:output_type -> vitess.vtctldata.v23.ExecuteFetchAsDBAResponse
	158, // 159: vitess.vtctlservice.v23.Vtctld.ExecuteHook:output_type -> vitess.vtctldata.v23.ExecuteHookResponse
	159, // 160: vitess.vtctlservice.v23.Vtctld.ExecuteMultiFetchAsDBA:output_type -> vitess.vtctldata.v23.ExecuteMultiFetchAsDBAResponse
	160, // 161: vitess.vtctlservice.v23.Vtctld.FindAllShardsInKeyspace:output_type -> vitess.vtctldata.v23.FindAllShardsInKeyspaceResponse
	161, // 162: vitess.vtctlservice.v23.Vtctld.ForceCutOverSchemaMigration:output_type -> vitess.vtctldata.v23.ForceCutOverSchemaMigrationResponse
	162, // 163: vitess.vtctlservice.v23.Vtctld.GetBackups:output_type -> vitess.vtctldata.v23.GetBackupsResponse
	163, // 164: vitess.vtctlservice.v23.Vtctld.GetCellInfo:output_type -> vitess.vtctldata.v23.GetCellInfoResponse
	164, // 165: vitess.vtctlservice.v23.Vtctld.GetCellInfoNames:output_type -> vitess.vtctldata.v23.GetCellInfoNamesResponse
	165, // 166: vitess.vtctlservice.v23.Vtctld.GetCellsAliases:output_type -> vitess.vtctldata.v23.GetCellsAliasesResponse
	166, // 167: vitess.vtctlservice.v23.Vtctld.GetFullStatus:output_type -> vitess.vtctldata.v23.GetFullStatusResponse
	167, // 168: vitess.vtctlservice.v23.Vtctld.GetKeyspace:output_type -> vitess.vtctldata.v23.GetKeyspaceResponse
	168, // 169: vitess.vtctlservice.v23.Vtctld.GetKeyspaces:output_type -> vitess.vtctldata.v23.GetKeyspacesResponse
	169, // 170: vitess.vtctlservice.v23.Vtctld.GetKeyspaceRoutingRules:output_type -> vitess.vtctldata.v23.GetKeyspaceRoutingRulesResponse
	170, // 171: vitess.vtctlservice.v23.Vtctld.GetPermissions:output_type -> vitess.vtctldata.v23.GetPermissionsResponse
	171, // 172: vitess.vtctlservice.v23.Vtctld.GetRoutingRules:output_type -> vitess.vtctldata.v23.GetRoutingRulesResponse
	172, // 173: vitess.vtctlservice.v23.Vtctld.GetSchema:output_type -> vitess.vtctldata.v23.GetSchemaResponse
	173, // 174: vitess.vtctlservice.v23.Vtctld.GetSchemaMigrations:output_type -> vitess.vtctldata.v23.GetSchemaMigrationsResponse
	174, // 175: vitess.vtctlservice.v23.Vtctld.GetShardReplication:output_type -> vitess.vtctldata.v23.GetShardReplicationResponse
	175, // 176: vitess.vtctlservice.v23.Vtctld.GetShard:output_type -> vitess.vtctldata.v23.GetShardResponse
	176, // 177: vitess.vtctlservice.v23.Vtctld.GetShardRoutingRules:output_type -> vitess.vtctldata.v23.GetShardRoutingRulesResponse
	177, // 178: vitess.vtctlservice.v23.Vtctld.GetSrvKeyspaceNames:output_type -> vitess.vtctldata.v23.GetSrvKeyspaceNamesResponse
	178, // 179: vitess.vtctlservice.v23.Vtctld.GetSrvKeyspaces:output_type -> vitess.vtctldata.v23.GetSrvKeyspacesResponse
	179, // 180: vitess.vtctlservice.v23.Vtctld.UpdateThrottlerConfig:output_type -> vitess.vtctldata.v23.UpdateThrottlerConfigResponse
	180, // 181: vitess.vtctlservice.v23.Vtctld.GetSrvVSchema:output_type -> vitess.vtctldata.v23.GetSrvVSchemaResponse
	181, // 182: vitess.vtctlservice.v23.Vtctld.GetSrvVSchemas:output_type -> vitess.vtctldata.v23.GetSrvVSchemasResponse
	182, // 183: vitess.vtctlservice.v23.Vtctld.GetTablet:output_type -> vitess.vtctldata.v23.GetTabletResponse
	183, // 184: vitess.vtctlservice.v23.Vtctld.GetTablets:output_type -> vitess.vtctldata.v23.GetTabletsResponse
	184, // 185: vitess.vtctlservice.v23.Vtctld.GetThrottlerStatus:output_type -> vitess.vtctldata.v23.GetThrottlerStatusResponse
	185, // 186: vitess.vtctlservice.v23.Vtctld.GetTopologyPath:output_type -> vitess.vtctldata.v23.GetTopologyPathResponse
	186, // 187: vitess.vtctlservice.v23.Vtctld.GetTransactionInfo:output_type -> vitess.vtctldata.v23.GetTransactionInfoResponse
	187, // 188: vitess.vtctlservice.v23.Vtctld.GetUnresolvedTransactions:output_type -> vitess.vtctldata.v23.GetUnresolvedTransactionsResponse
	188, // 189: vitess.vtctlservice.v23.Vtctld.GetVersion:output_type -> vitess.vtctldata.v23.GetVersionResponse
	189, // 190: vitess.vtctlservice.v23.Vtctld.GetVSchema:output_type -> vitess.vtctldata.v23.GetVSchemaResponse
	190, // 191: vitess.vtctlservice.v23.Vtctld.GetWorkflows:output_type -> vitess.vtctldata.v23.GetWorkflowsResponse
	191, // 192: vitess.vtctlservice.v23.Vtctld.InitShardPrimary:output_type -> vitess.vtctldata.v23.InitShardPrimaryResponse
	192, // 193: vitess.vtctlservice.v23.Vtctld.LaunchSchemaMigration:output_type -> vitess.vtctldata.v23.LaunchSchemaMigrationResponse
	193, // 194: vitess.vtctlservice.v23.Vtctld.LookupVindexComplete:output_type -> vitess.vtctldata.v23.LookupVindexCompleteResponse
	194, // 195: vitess.vtctlservice.v23.Vtctld.LookupVindexCreate:output_type -> vitess.vtctldata.v23.LookupVindexCreateResponse
	195, // 196: vitess.vtctlservice.v23.Vtctld.LookupVindexExternalize:output_type -> vitess.vtctldata.v23.LookupVindexExternalizeResponse
	196, // 197: vitess.vtctlservice.v23.Vtctld.LookupVindexInternalize:output_type -> vitess.vtctldata.v23.LookupVindexInternalizeResponse
	197, // 198: vitess.vtctlservice.v23.Vtctld.MaterializeCreate:output_type -> vitess.vtctldata.v23.MaterializeCreateResponse
	198, // 199: vitess.vtctlservice.v23.Vtctld.WorkflowAddTables:output_type -> vitess.vtctldata.v23.WorkflowAddTablesResponse
	199, // 200: vitess.vtctlservice.v23.Vtctld.MigrateCreate:output_type -> vitess.vtctldata.v23.WorkflowStatusResponse
	200, // 201: vitess.vtctlservice.v23.Vtctld.MountRegister:output_type -> vitess.vtctldata.v23.MountRegisterResponse
	201, // 202: vitess.vtctlservice.v23.Vtctld.MountUnregister:output_type -> vitess.vtctldata.v23.MountUnregisterResponse
	202, // 203: vitess.vtctlservice.v23.Vtctld.MountShow:output_type -> vitess.vtctldata.v23.MountShowResponse
	203, // 204: vitess.vtctlservice.v23.Vtctld.MountList:output_type -> vitess.vtctldata.v23.MountListResponse
	199, // 205: vitess.vtctlservice.v23.Vtctld.MoveTablesCreate:output_type -> vitess.vtctldata.v23.WorkflowStatusResponse
	204, // 206: vitess.vtctlservice.v23.Vtctld.MoveTablesComplete:output_type -> vitess.vtctldata.v23.MoveTablesCompleteResponse
	205, // 207: vitess.vtctlservice.v23.Vtctld.PingTablet:output_type -> vitess.vtctldata.v23.PingTabletResponse
	206, // 208: vitess.vtctlservice.v23.Vtctld.PlannedReparentShard:output_type -> vitess.vtctldata.v23.PlannedReparentShardResponse
	207, // 209: vitess.vtctlservice.v23.Vtctld.RebuildKeyspaceGraph:output_type -> vitess.vtctldata.v23.RebuildKeyspaceGraphResponse
	208, // 210: vitess.vtctlservice.v23.Vtctld.RebuildVSchemaGraph:output_type -> vitess.vtctldata.v23.RebuildVSchemaGraphResponse
	209, // 211: vitess.vtctlservice.v23.Vtctld.RefreshState:output_type -> vitess.vtctldata.v23.RefreshStateResponse
	210, // 212: vitess.vtctlservice.v23.Vtctld.RefreshStateByShard:output_type -> vitess.vtctldata.v23.RefreshStateByShardResponse
	211, // 213: vitess.vtctlservice.v23.Vtctld.ReloadSchema:output_type -> vitess.vtctldata.v23.ReloadSchemaResponse
	212, // 214: vitess.vtctlservice.v23.Vtctld.ReloadSchemaKeyspace:output_type -> vitess.vtctldata.v23.ReloadSchemaKeyspaceResponse
	213, // 215: vitess.vtctlservice.v23.Vtctld.ReloadSchemaShard:output_type -> vitess.vtctldata.v23.ReloadSchemaShardResponse
	214, // 216: vitess.vtctlservice.v23.Vtctld.RemoveBackup:output_type -> vitess.vtctldata.v23.RemoveBackupResponse
	215, // 217: vitess.vtctlservice.v23.Vtctld.RemoveKeyspaceCell:output_type -> vitess.vtctldata.v23.RemoveKeyspaceCellResponse
	216, // 218: vitess.vtctlservice.v23.Vtctld.RemoveShardCell:output_type -> vitess.vtctldata.v23.RemoveShardCellResponse
	217, // 219: vitess.vtctlservice.v23.Vtctld.ReparentTablet:output_type -> vitess.vtctldata.v23.ReparentTabletResponse
	199, // 220: vitess.vtctlservice.v23.Vtctld.ReshardCreate:output_type -> vitess.vtctldata.v23.WorkflowStatusResponse
	218, // 221: vitess.vtctlservice.v23.Vtctld.RestoreFromBackup:output_type -> vitess.vtctldata.v23.RestoreFromBackupResponse
	219, // 222: vitess.vtctlservice.v23.Vtctld.RetrySchemaMigration:output_type -> vitess.vtctldata.v23.RetrySchemaMigrationResponse
	220, // 223: vitess.vtctlservice.v23.Vtctld.RunHealthCheck:output_type -> vitess.vtctldata.v23.RunHealthCheckResponse
	221, // 224: vitess.vtctlservice.v23.Vtctld.SetKeyspaceDurabilityPolicy:output_type -> vitess.vtctldata.v23.SetKeyspaceDurabilityPolicyResponse
	222, // 225: vitess.vtctlservice.v23.Vtctld.SetShardIsPrimaryServing:output_type -> vitess.vtctldata.v23.SetShardIsPrimaryServingResponse
	223, // 226: vitess.vtctlservice.v23.Vtctld.SetShardTabletControl:output_type -> vitess.vtctldata.v23.SetShardTabletControlResponse
	224, // 227: vitess.vtctlservice.v23.Vtctld.SetVtorcEmergencyReparent:output_type -> vitess.vtctldata.v23.SetVtorcEmergencyReparentResponse
	225, // 228: vitess.vtctlservice.v23.Vtctld.SetWritable:output_type -> vitess.vtctldata.v23.SetWritableResponse
	226, // 229: vitess.vtctlservice.v23.Vtctld.ShardReplicationAdd:output_type -> vitess.vtctldata.v23.ShardReplicationAddResponse
	227, // 230: vitess.vtctlservice.v23.Vtctld.ShardReplicationFix:output_type -> vitess.vtctldata.v23.ShardReplicationFixResponse
	228, // 231: vitess.vtctlservice.v23.Vtctld.ShardReplicationPositions:output_type -> vitess.vtctldata.v23.ShardReplicationPositionsResponse
	229, // 232: vitess.vtctlservice.v23.Vtctld.ShardReplicationRemove:output_type -> vitess.vtctldata.v23.ShardReplicationRemoveResponse
	230, // 233: vitess.vtctlservice.v23.Vtctld.SleepTablet:output_type -> vitess.vtctldata.v23.SleepTabletResponse
	231, // 234: vitess.vtctlservice.v23.Vtctld.SourceShardAdd:output_type -> vitess.vtctldata.v23.SourceShardAddResponse
	232, // 235: vitess.vtctlservice.v23.Vtctld.SourceShardDelete:output_type -> vitess.vtctldata.v23.SourceShardDeleteResponse
	233, // 236: vitess.vtctlservice.v23.Vtctld.StartReplication:output_type -> vitess.vtctldata.v23.StartReplicationResponse
	234, // 237: vitess.vtctlservice.v23.Vtctld.StopReplication:output_type -> vitess.vtctldata.v23.StopReplicationResponse
	235, // 238: vitess.vtctlservice.v23.Vtctld.TabletExternallyReparented:output_type -> vitess.vtctldata.v23.TabletExternallyReparentedResponse
	236, // 239: vitess.vtctlservice.v23.Vtctld.UpdateCellInfo:output_type -> vitess.vtctldata.v23.UpdateCellInfoResponse
	237, // 240: vitess.vtctlservice.v23.Vtctld.UpdateCellsAlias:output_type -> vitess.vtctldata.v23.UpdateCellsAliasResponse
	238, // 241: vitess.vtctlservice.v23.Vtctld.Validate:output_type -> vitess.vtctldata.v23.ValidateResponse
	239, // 242: vitess.vtctlservice.v23.Vtctld.ValidateKeyspace:output_type -> vitess.vtctldata.v23.ValidateKeyspaceResponse
	240, // 243: vitess.vtctlservice.v23.Vtctld.ValidatePermissionsKeyspace:output_type -> vitess.vtctldata.v23.ValidatePermissionsKeyspaceResponse
	241, // 244: vitess.vtctlservice.v23.Vtctld.ValidateSchemaKeyspace:output_type -> vitess.vtctldata.v23.ValidateSchemaKeyspaceResponse
	242, // 245: vitess.vtctlservice.v23.Vtctld.ValidateShard:output_type -> vitess.vtctldata.v23.ValidateShardResponse
	243, // 246: vitess.vtctlservice.v23.Vtctld.ValidateVersionKeyspace:output_type -> vitess.vtctldata.v23.ValidateVersionKeyspaceResponse
	244, // 247: vitess.vtctlservice.v23.Vtctld.ValidateVersionShard:output_type -> vitess.vtctldata.v23.ValidateVersionShardResponse
	245, // 248: vitess.vtctlservice.v23.Vtctld.ValidateVSchema:output_type -> vitess.vtctldata.v23.ValidateVSchemaResponse
	246, // 249: vitess.vtctlservice.v23.Vtctld.VDiffCreate:output_type -> vitess.vtctldata.v23.VDiffCreateResponse
	247, // 250: vitess.vtctlservice.v23.Vtctld.VDiffDelete:output_type -> vitess.vtctldata.v23.VDiffDeleteResponse
	248, // 251: vitess.vtctlservice.v23.Vtctld.VDiffResume:output_type -> vitess.vtctldata.v23.VDiffResumeResponse
	249, // 252: vitess.vtctlservice.v23.Vtctld.VDiffShow:output_type -> vitess.vtctldata.v23.VDiffShowResponse
	250, // 253: vitess.vtctlservice.v23.Vtctld.VDiffStop:output_type -> vitess.vtctldata.v23.VDiffStopResponse
	251, // 254: vitess.vtctlservice.v23.Vtctld.WorkflowDelete:output_type -> vitess.vtctldata.v23.WorkflowDeleteResponse
	199, // 255: vitess.vtctlservice.v23.Vtctld.WorkflowStatus:output_type -> vitess.vtctldata.v23.WorkflowStatusResponse
	252, // 256: vitess.vtctlservice.v23.Vtctld.WorkflowSwitchTraffic:output_type -> vitess.vtctldata.v23.WorkflowSwitchTrafficResponse
	253, // 257: vitess.vtctlservice.v23.Vtctld.WorkflowUpdate:output_type -> vitess.vtctldata.v23.WorkflowUpdateResponse
	254, // 258: vitess.vtctlservice.v23.Vtctld.GetMirrorRules:output_type -> vitess.vtctldata.v23.GetMirrorRulesResponse
	255, // 259: vitess.vtctlservice.v23.Vtctld.WorkflowMirrorTraffic:output_type -> vitess.vtctldata.v23.WorkflowMirrorTrafficResponse
	130, // [130:260] is the sub-list for method output_type
	0,   // [0:130] is the sub-list for method input_type
	0,   // [0:0] is the sub-list for extension type_name
	0,   // [0:0] is the sub-list for extension extendee
	0,   // [0:0] is the sub-list for field type_name
}

func init() { file_vitess_vtctlservice_v23_vtctlservice_proto_init() }
func file_vitess_vtctlservice_v23_vtctlservice_proto_init() {
	if File_vitess_vtctlservice_v23_vtctlservice_proto != nil {
		return
	}
	type x struct{}
	out := protoimpl.TypeBuilder{
		File: protoimpl.DescBuilder{
			GoPackagePath: reflect.TypeOf(x{}).PkgPath(),
			RawDescriptor: unsafe.Slice(unsafe.StringData(file_vitess_vtctlservice_v23_vtctlservice_proto_rawDesc), len(file_vitess_vtctlservice_v23_vtctlservice_proto_rawDesc)),
			NumEnums:      0,
			NumMessages:   0,
			NumExtensions: 0,
			NumServices:   2,
		},
		GoTypes:           file_vitess_vtctlservice_v23_vtctlservice_proto_goTypes,
		DependencyIndexes: file_vitess_vtctlservice_v23_vtctlservice_proto_depIdxs,
	}.Build()
	File_vitess_vtctlservice_v23_vtctlservice_proto = out.File
	file_vitess_vtctlservice_v23_vtctlservice_proto_goTypes = nil
	file_vitess_vtctlservice_v23_vtctlservice_proto_depIdxs = nil
}
